bench_run_id,row_created_at,model_key,model_id,backend,device,dtype,beam,beam_role,selected_from_beam,selected_rule,supports_beams,load_seconds_for_model,competition_id,competition_name,attempt_number,question_index,session_id,question_id,question_level,api_question_text,api_option_A_id,api_option_A_text,api_option_B_id,api_option_B_text,api_option_C_id,api_option_C_text,api_option_D_id,api_option_D_text,question_audio_path,option_A_audio_path,option_B_audio_path,option_C_audio_path,option_D_audio_path,question_audio_bytes,option_A_audio_bytes,option_B_audio_bytes,option_C_audio_bytes,option_D_audio_bytes,question_audio_duration_seconds,option_A_audio_duration_seconds,option_B_audio_duration_seconds,option_C_audio_duration_seconds,option_D_audio_duration_seconds,fetch_question_seconds,fetch_option_A_seconds,fetch_option_B_seconds,fetch_option_C_seconds,fetch_option_D_seconds,time_remaining_after_audio,random_option_id,answer_latency_seconds,random_answer_correct,random_answer_timed_out,random_answer_game_over,earned_amount,question_transcript,option_A_transcript,option_B_transcript,option_C_transcript,option_D_transcript,question_asr_seconds,option_A_asr_seconds,option_B_asr_seconds,option_C_asr_seconds,option_D_asr_seconds,total_asr_seconds,question_similarity,option_A_similarity,option_B_similarity,option_C_similarity,option_D_similarity,mean_similarity,transcription_errors_json,error_stage,error_message
20260530_133711_asr_live,2026-05-30 13:38:46,parakeet_tdt_0_6b_v3,nvidia/parakeet-tdt-0.6b-v3,hf_asr_pipeline,cuda:1,float16,1,candidate,,,False,75.22181057929993,0,Entertainment,1,1,284823,136,0,,0,,1,,2,,3,,/kaggle/working/asr_audio/20260530_133711_asr_live/parakeet_tdt_0_6b_v3/comp_0/attempt_001/session_284823_q01_qid_136/question.wav,/kaggle/working/asr_audio/20260530_133711_asr_live/parakeet_tdt_0_6b_v3/comp_0/attempt_001/session_284823_q01_qid_136/option_A.wav,/kaggle/working/asr_audio/20260530_133711_asr_live/parakeet_tdt_0_6b_v3/comp_0/attempt_001/session_284823_q01_qid_136/option_B.wav,/kaggle/working/asr_audio/20260530_133711_asr_live/parakeet_tdt_0_6b_v3/comp_0/attempt_001/session_284823_q01_qid_136/option_C.wav,/kaggle/working/asr_audio/20260530_133711_asr_live/parakeet_tdt_0_6b_v3/comp_0/attempt_001/session_284823_q01_qid_136/option_D.wav,330284,288044,188204,207404,318764,6.88,6.0,3.92,4.32,6.64,0.7800266742706299,0.21267247200012207,0.18964195251464844,0.19039511680603027,0.20004510879516602,29.560953,0,0.163252592086792,False,False,True,0,What term describes Humphrey Bogart's birthdate as originally recorded on his birth record and in official documents?,Option A june eighteenth eighteen ninety nine.,"Option B December 25, 1899.","Option C december twenty fourth, eighteen ninety nine.","Option D January 23rd, the 190!",3.9917056560516357,1.199188232421875,1.203855037689209,1.1330645084381104,1.1939568519592285,8.721770286560059,,,,,,,,,
20260530_133711_asr_live,2026-05-30 13:38:55,parakeet_tdt_0_6b_v3,nvidia/parakeet-tdt-0.6b-v3,hf_asr_pipeline,cuda:1,float16,selected,selected,1,best_mean_similarity_if_available_else_preferred_beam,False,75.22181057929993,0,Entertainment,1,1,284823,136,0,,0,,1,,2,,3,,/kaggle/working/asr_audio/20260530_133711_asr_live/parakeet_tdt_0_6b_v3/comp_0/attempt_001/session_284823_q01_qid_136/question.wav,/kaggle/working/asr_audio/20260530_133711_asr_live/parakeet_tdt_0_6b_v3/comp_0/attempt_001/session_284823_q01_qid_136/option_A.wav,/kaggle/working/asr_audio/20260530_133711_asr_live/parakeet_tdt_0_6b_v3/comp_0/attempt_001/session_284823_q01_qid_136/option_B.wav,/kaggle/working/asr_audio/20260530_133711_asr_live/parakeet_tdt_0_6b_v3/comp_0/attempt_001/session_284823_q01_qid_136/option_C.wav,/kaggle/working/asr_audio/20260530_133711_asr_live/parakeet_tdt_0_6b_v3/comp_0/attempt_001/session_284823_q01_qid_136/option_D.wav,330284,288044,188204,207404,318764,6.88,6.0,3.92,4.32,6.64,0.7800266742706299,0.21267247200012207,0.18964195251464844,0.19039511680603027,0.20004510879516602,29.560953,0,0.163252592086792,False,False,True,0,What term describes Humphrey Bogart's birthdate as originally recorded on his birth record and in official documents?,Option A june eighteenth eighteen ninety nine.,"Option B December 25, 1899.","Option C december twenty fourth, eighteen ninety nine.","Option D January 23rd, the 190!",3.9917056560516357,1.199188232421875,1.203855037689209,1.1330645084381104,1.1939568519592285,8.721770286560059,,,,,,,,,
20260530_133711_asr_live,2026-05-30 13:39:01,parakeet_tdt_0_6b_v3,nvidia/parakeet-tdt-0.6b-v3,hf_asr_pipeline,cuda:1,float16,1,candidate,,,False,75.22181057929993,0,Entertainment,2,1,284828,191,0,,0,,1,,2,,3,,/kaggle/working/asr_audio/20260530_133711_asr_live/parakeet_tdt_0_6b_v3/comp_0/attempt_002/session_284828_q01_qid_191/question.wav,/kaggle/working/asr_audio/20260530_133711_asr_live/parakeet_tdt_0_6b_v3/comp_0/attempt_002/session_284828_q01_qid_191/option_A.wav,/kaggle/working/asr_audio/20260530_133711_asr_live/parakeet_tdt_0_6b_v3/comp_0/attempt_002/session_284828_q01_qid_191/option_B.wav,/kaggle/working/asr_audio/20260530_133711_asr_live/parakeet_tdt_0_6b_v3/comp_0/attempt_002/session_284828_q01_qid_191/option_C.wav,/kaggle/working/asr_audio/20260530_133711_asr_live/parakeet_tdt_0_6b_v3/comp_0/attempt_002/session_284828_q01_qid_191/option_D.wav,203564,176684,238124,234284,176684,4.24,3.68,4.96,4.88,3.68,0.6313397884368896,0.18633627891540527,0.1942918300628662,0.19224095344543457,0.18714046478271484,29.576487,0,0.16066789627075195,False,False,True,0,How did Clark Gable's appearance in it happen one night contribute to his career?,Option A. He was given a small roll that went unnoticed.,Option B. He received an Academy Award for Best Supporting Actor.,Option C He was loaned out to a lower rank studio to teach him a lesson.,Topson D? He won the Academy Award for Best Actor.,1.2089359760284424,1.12882661819458,1.1457335948944092,1.1822590827941895,0.19561409950256348,4.861369371414185,,,,,,,,,
20260530_133711_asr_live,2026-05-30 13:39:06,parakeet_tdt_0_6b_v3,nvidia/parakeet-tdt-0.6b-v3,hf_asr_pipeline,cuda:1,float16,selected,selected,1,best_mean_similarity_if_available_else_preferred_beam,False,75.22181057929993,0,Entertainment,2,1,284828,191,0,,0,,1,,2,,3,,/kaggle/working/asr_audio/20260530_133711_asr_live/parakeet_tdt_0_6b_v3/comp_0/attempt_002/session_284828_q01_qid_191/question.wav,/kaggle/working/asr_audio/20260530_133711_asr_live/parakeet_tdt_0_6b_v3/comp_0/attempt_002/session_284828_q01_qid_191/option_A.wav,/kaggle/working/asr_audio/20260530_133711_asr_live/parakeet_tdt_0_6b_v3/comp_0/attempt_002/session_284828_q01_qid_191/option_B.wav,/kaggle/working/asr_audio/20260530_133711_asr_live/parakeet_tdt_0_6b_v3/comp_0/attempt_002/session_284828_q01_qid_191/option_C.wav,/kaggle/working/asr_audio/20260530_133711_asr_live/parakeet_tdt_0_6b_v3/comp_0/attempt_002/session_284828_q01_qid_191/option_D.wav,203564,176684,238124,234284,176684,4.24,3.68,4.96,4.88,3.68,0.6313397884368896,0.18633627891540527,0.1942918300628662,0.19224095344543457,0.18714046478271484,29.576487,0,0.16066789627075195,False,False,True,0,How did Clark Gable's appearance in it happen one night contribute to his career?,Option A. He was given a small roll that went unnoticed.,Option B. He received an Academy Award for Best Supporting Actor.,Option C He was loaned out to a lower rank studio to teach him a lesson.,Topson D? He won the Academy Award for Best Actor.,1.2089359760284424,1.12882661819458,1.1457335948944092,1.1822590827941895,0.19561409950256348,4.861369371414185,,,,,,,,,
20260530_134123_asr_live,2026-05-30 13:42:12,parakeet_tdt_0_6b_v3,nvidia/parakeet-tdt-0.6b-v3,hf_asr_pipeline,cuda:1,float16,1,candidate,,,False,23.913747549057007,0,Entertainment,1,1,284904,409,0,,0,,1,,2,,3,,/kaggle/working/asr_audio/20260530_134123_asr_live/parakeet_tdt_0_6b_v3/comp_0/attempt_001/session_284904_q01_qid_409/question.wav,/kaggle/working/asr_audio/20260530_134123_asr_live/parakeet_tdt_0_6b_v3/comp_0/attempt_001/session_284904_q01_qid_409/option_A.wav,/kaggle/working/asr_audio/20260530_134123_asr_live/parakeet_tdt_0_6b_v3/comp_0/attempt_001/session_284904_q01_qid_409/option_B.wav,/kaggle/working/asr_audio/20260530_134123_asr_live/parakeet_tdt_0_6b_v3/comp_0/attempt_001/session_284904_q01_qid_409/option_C.wav,/kaggle/working/asr_audio/20260530_134123_asr_live/parakeet_tdt_0_6b_v3/comp_0/attempt_001/session_284904_q01_qid_409/option_D.wav,188204,207404,241964,172844,199724,3.92,4.32,5.04,3.6,4.16,0.6270034313201904,0.3189549446105957,0.19431591033935547,0.1887369155883789,0.18926215171813965,29.574204,0,0.16104578971862793,False,False,True,0,What event marked the beginning of Elephant's jailed solo career?,Option A Her solo performance at the Roseland Ballroom.,Option B. Her performance with the Chick Webb Orchestra at Yale University.,Option C Her first appearance at the Apollo Theater.,Option D Taking over the Chick Webb Orchestra after Webb's death.,0.20175743103027344,0.2652609348297119,1.1652252674102783,1.1444919109344482,1.1329083442687988,3.9096438884735107,,,,,,,,,
20260530_134123_asr_live,2026-05-30 13:42:16,parakeet_tdt_0_6b_v3,nvidia/parakeet-tdt-0.6b-v3,hf_asr_pipeline,cuda:1,float16,selected,selected,1,best_mean_similarity_if_available_else_preferred_beam,False,23.913747549057007,0,Entertainment,1,1,284904,409,0,,0,,1,,2,,3,,/kaggle/working/asr_audio/20260530_134123_asr_live/parakeet_tdt_0_6b_v3/comp_0/attempt_001/session_284904_q01_qid_409/question.wav,/kaggle/working/asr_audio/20260530_134123_asr_live/parakeet_tdt_0_6b_v3/comp_0/attempt_001/session_284904_q01_qid_409/option_A.wav,/kaggle/working/asr_audio/20260530_134123_asr_live/parakeet_tdt_0_6b_v3/comp_0/attempt_001/session_284904_q01_qid_409/option_B.wav,/kaggle/working/asr_audio/20260530_134123_asr_live/parakeet_tdt_0_6b_v3/comp_0/attempt_001/session_284904_q01_qid_409/option_C.wav,/kaggle/working/asr_audio/20260530_134123_asr_live/parakeet_tdt_0_6b_v3/comp_0/attempt_001/session_284904_q01_qid_409/option_D.wav,188204,207404,241964,172844,199724,3.92,4.32,5.04,3.6,4.16,0.6270034313201904,0.3189549446105957,0.19431591033935547,0.1887369155883789,0.18926215171813965,29.574204,0,0.16104578971862793,False,False,True,0,What event marked the beginning of Elephant's jailed solo career?,Option A Her solo performance at the Roseland Ballroom.,Option B. Her performance with the Chick Webb Orchestra at Yale University.,Option C Her first appearance at the Apollo Theater.,Option D Taking over the Chick Webb Orchestra after Webb's death.,0.20175743103027344,0.2652609348297119,1.1652252674102783,1.1444919109344482,1.1329083442687988,3.9096438884735107,,,,,,,,,
20260530_134123_asr_live,2026-05-30 13:42:22,parakeet_tdt_0_6b_v3,nvidia/parakeet-tdt-0.6b-v3,hf_asr_pipeline,cuda:1,float16,1,candidate,,,False,23.913747549057007,0,Entertainment,2,1,284910,40,0,,0,,1,,2,,3,,/kaggle/working/asr_audio/20260530_134123_asr_live/parakeet_tdt_0_6b_v3/comp_0/attempt_002/session_284910_q01_qid_40/question.wav,/kaggle/working/asr_audio/20260530_134123_asr_live/parakeet_tdt_0_6b_v3/comp_0/attempt_002/session_284910_q01_qid_40/option_A.wav,/kaggle/working/asr_audio/20260530_134123_asr_live/parakeet_tdt_0_6b_v3/comp_0/attempt_002/session_284910_q01_qid_40/option_B.wav,/kaggle/working/asr_audio/20260530_134123_asr_live/parakeet_tdt_0_6b_v3/comp_0/attempt_002/session_284910_q01_qid_40/option_C.wav,/kaggle/working/asr_audio/20260530_134123_asr_live/parakeet_tdt_0_6b_v3/comp_0/attempt_002/session_284910_q01_qid_40/option_D.wav,261164,203564,215084,222764,253484,5.44,4.24,4.48,4.64,5.28,0.7746541500091553,0.18969106674194336,0.19132351875305176,0.1917743682861328,0.1956019401550293,29.568219,0,0.16036224365234375,False,False,True,0,What was the initial concept for the film that was later developed into ET The Extraterrestrial?,Option A A movie about a family dealing with a divorce.,"Option B, a follow-up to close encounters of the third kind.",Option C a small autobiographical film about childhood.,Toption D A film about a boy who finds a lost dog.,1.173389196395874,0.19974374771118164,1.1339552402496338,1.1363799571990967,1.1399459838867188,4.783414125442505,,,,,,,,,
20260530_134123_asr_live,2026-05-30 13:42:27,parakeet_tdt_0_6b_v3,nvidia/parakeet-tdt-0.6b-v3,hf_asr_pipeline,cuda:1,float16,selected,selected,1,best_mean_similarity_if_available_else_preferred_beam,False,23.913747549057007,0,Entertainment,2,1,284910,40,0,,0,,1,,2,,3,,/kaggle/working/asr_audio/20260530_134123_asr_live/parakeet_tdt_0_6b_v3/comp_0/attempt_002/session_284910_q01_qid_40/question.wav,/kaggle/working/asr_audio/20260530_134123_asr_live/parakeet_tdt_0_6b_v3/comp_0/attempt_002/session_284910_q01_qid_40/option_A.wav,/kaggle/working/asr_audio/20260530_134123_asr_live/parakeet_tdt_0_6b_v3/comp_0/attempt_002/session_284910_q01_qid_40/option_B.wav,/kaggle/working/asr_audio/20260530_134123_asr_live/parakeet_tdt_0_6b_v3/comp_0/attempt_002/session_284910_q01_qid_40/option_C.wav,/kaggle/working/asr_audio/20260530_134123_asr_live/parakeet_tdt_0_6b_v3/comp_0/attempt_002/session_284910_q01_qid_40/option_D.wav,261164,203564,215084,222764,253484,5.44,4.24,4.48,4.64,5.28,0.7746541500091553,0.18969106674194336,0.19132351875305176,0.1917743682861328,0.1956019401550293,29.568219,0,0.16036224365234375,False,False,True,0,What was the initial concept for the film that was later developed into ET The Extraterrestrial?,Option A A movie about a family dealing with a divorce.,"Option B, a follow-up to close encounters of the third kind.",Option C a small autobiographical film about childhood.,Toption D A film about a boy who finds a lost dog.,1.173389196395874,0.19974374771118164,1.1339552402496338,1.1363799571990967,1.1399459838867188,4.783414125442505,,,,,,,,,
20260530_134123_asr_live,2026-05-30 13:42:33,parakeet_tdt_0_6b_v3,nvidia/parakeet-tdt-0.6b-v3,hf_asr_pipeline,cuda:1,float16,1,candidate,,,False,23.913747549057007,0,Entertainment,3,1,284916,167,0,,0,,1,,2,,3,,/kaggle/working/asr_audio/20260530_134123_asr_live/parakeet_tdt_0_6b_v3/comp_0/attempt_003/session_284916_q01_qid_167/question.wav,/kaggle/working/asr_audio/20260530_134123_asr_live/parakeet_tdt_0_6b_v3/comp_0/attempt_003/session_284916_q01_qid_167/option_A.wav,/kaggle/working/asr_audio/20260530_134123_asr_live/parakeet_tdt_0_6b_v3/comp_0/attempt_003/session_284916_q01_qid_167/option_B.wav,/kaggle/working/asr_audio/20260530_134123_asr_live/parakeet_tdt_0_6b_v3/comp_0/attempt_003/session_284916_q01_qid_167/option_C.wav,/kaggle/working/asr_audio/20260530_134123_asr_live/parakeet_tdt_0_6b_v3/comp_0/attempt_003/session_284916_q01_qid_167/option_D.wav,499244,211244,276524,119084,107564,10.4,4.4,5.76,2.48,2.24,0.9259769916534424,0.19114375114440918,0.1980142593383789,0.17947864532470703,0.17888593673706055,29.585302,2,0.16134119033813477,False,False,True,0,"What was the name of the film that the Rat Pack members starred in between January and March 1960, based on a story about a series of Las Vegas casino robberies?",Option A Cannonball Run 2,Option B Oceans eleven.,Option C Some came running.,Toption D Sergeant's three,1.1916911602020264,1.165952205657959,1.1279430389404297,1.1299364566802979,1.1204931735992432,5.736016035079956,,,,,,,,,
20260530_134123_asr_live,2026-05-30 13:42:39,parakeet_tdt_0_6b_v3,nvidia/parakeet-tdt-0.6b-v3,hf_asr_pipeline,cuda:1,float16,selected,selected,1,best_mean_similarity_if_available_else_preferred_beam,False,23.913747549057007,0,Entertainment,3,1,284916,167,0,,0,,1,,2,,3,,/kaggle/working/asr_audio/20260530_134123_asr_live/parakeet_tdt_0_6b_v3/comp_0/attempt_003/session_284916_q01_qid_167/question.wav,/kaggle/working/asr_audio/20260530_134123_asr_live/parakeet_tdt_0_6b_v3/comp_0/attempt_003/session_284916_q01_qid_167/option_A.wav,/kaggle/working/asr_audio/20260530_134123_asr_live/parakeet_tdt_0_6b_v3/comp_0/attempt_003/session_284916_q01_qid_167/option_B.wav,/kaggle/working/asr_audio/20260530_134123_asr_live/parakeet_tdt_0_6b_v3/comp_0/attempt_003/session_284916_q01_qid_167/option_C.wav,/kaggle/working/asr_audio/20260530_134123_asr_live/parakeet_tdt_0_6b_v3/comp_0/attempt_003/session_284916_q01_qid_167/option_D.wav,499244,211244,276524,119084,107564,10.4,4.4,5.76,2.48,2.24,0.9259769916534424,0.19114375114440918,0.1980142593383789,0.17947864532470703,0.17888593673706055,29.585302,2,0.16134119033813477,False,False,True,0,"What was the name of the film that the Rat Pack members starred in between January and March 1960, based on a story about a series of Las Vegas casino robberies?",Option A Cannonball Run 2,Option B Oceans eleven.,Option C Some came running.,Toption D Sergeant's three,1.1916911602020264,1.165952205657959,1.1279430389404297,1.1299364566802979,1.1204931735992432,5.736016035079956,,,,,,,,,
20260530_134123_asr_live,2026-05-30 13:42:45,parakeet_tdt_0_6b_v3,nvidia/parakeet-tdt-0.6b-v3,hf_asr_pipeline,cuda:1,float16,1,candidate,,,False,23.913747549057007,0,Entertainment,4,1,284922,804,0,,0,,1,,2,,3,,/kaggle/working/asr_audio/20260530_134123_asr_live/parakeet_tdt_0_6b_v3/comp_0/attempt_004/session_284922_q01_qid_804/question.wav,/kaggle/working/asr_audio/20260530_134123_asr_live/parakeet_tdt_0_6b_v3/comp_0/attempt_004/session_284922_q01_qid_804/option_A.wav,/kaggle/working/asr_audio/20260530_134123_asr_live/parakeet_tdt_0_6b_v3/comp_0/attempt_004/session_284922_q01_qid_804/option_B.wav,/kaggle/working/asr_audio/20260530_134123_asr_live/parakeet_tdt_0_6b_v3/comp_0/attempt_004/session_284922_q01_qid_804/option_C.wav,/kaggle/working/asr_audio/20260530_134123_asr_live/parakeet_tdt_0_6b_v3/comp_0/attempt_004/session_284922_q01_qid_804/option_D.wav,211244,222764,226604,241964,268844,4.4,4.64,4.72,5.04,5.6,0.7730066776275635,0.19328093528747559,0.1925208568572998,0.19340181350708008,0.19732141494750977,29.565329,1,0.16153311729431152,False,False,True,0,What is the main conflict between John Hammond and Ian Malcolm in Jurassic Park?,Option A Hammond's fear of the dinosaurs vs Malcolm's love for them.,Option B Hammond's greed vs. Malcolm's desire for scientific accuracy.,Option C Hammond's desire to entertain visitors versus Malcolm's concern for safety.,Option D Hammond's ambition to create a theme park versus Malcolm's interest in genetics.,0.2092592716217041,0.21518516540527344,1.1798515319824219,0.21185040473937988,1.1604173183441162,2.9765636920928955,,,,,,,,,
20260530_134123_asr_live,2026-05-30 13:42:48,parakeet_tdt_0_6b_v3,nvidia/parakeet-tdt-0.6b-v3,hf_asr_pipeline,cuda:1,float16,selected,selected,1,best_mean_similarity_if_available_else_preferred_beam,False,23.913747549057007,0,Entertainment,4,1,284922,804,0,,0,,1,,2,,3,,/kaggle/working/asr_audio/20260530_134123_asr_live/parakeet_tdt_0_6b_v3/comp_0/attempt_004/session_284922_q01_qid_804/question.wav,/kaggle/working/asr_audio/20260530_134123_asr_live/parakeet_tdt_0_6b_v3/comp_0/attempt_004/session_284922_q01_qid_804/option_A.wav,/kaggle/working/asr_audio/20260530_134123_asr_live/parakeet_tdt_0_6b_v3/comp_0/attempt_004/session_284922_q01_qid_804/option_B.wav,/kaggle/working/asr_audio/20260530_134123_asr_live/parakeet_tdt_0_6b_v3/comp_0/attempt_004/session_284922_q01_qid_804/option_C.wav,/kaggle/working/asr_audio/20260530_134123_asr_live/parakeet_tdt_0_6b_v3/comp_0/attempt_004/session_284922_q01_qid_804/option_D.wav,211244,222764,226604,241964,268844,4.4,4.64,4.72,5.04,5.6,0.7730066776275635,0.19328093528747559,0.1925208568572998,0.19340181350708008,0.19732141494750977,29.565329,1,0.16153311729431152,False,False,True,0,What is the main conflict between John Hammond and Ian Malcolm in Jurassic Park?,Option A Hammond's fear of the dinosaurs vs Malcolm's love for them.,Option B Hammond's greed vs. Malcolm's desire for scientific accuracy.,Option C Hammond's desire to entertain visitors versus Malcolm's concern for safety.,Option D Hammond's ambition to create a theme park versus Malcolm's interest in genetics.,0.2092592716217041,0.21518516540527344,1.1798515319824219,0.21185040473937988,1.1604173183441162,2.9765636920928955,,,,,,,,,
20260530_134123_asr_live,2026-05-30 13:42:55,parakeet_tdt_0_6b_v3,nvidia/parakeet-tdt-0.6b-v3,hf_asr_pipeline,cuda:1,float16,1,candidate,,,False,23.913747549057007,0,Entertainment,5,1,284931,749,0,,0,,1,,2,,3,,/kaggle/working/asr_audio/20260530_134123_asr_live/parakeet_tdt_0_6b_v3/comp_0/attempt_005/session_284931_q01_qid_749/question.wav,/kaggle/working/asr_audio/20260530_134123_asr_live/parakeet_tdt_0_6b_v3/comp_0/attempt_005/session_284931_q01_qid_749/option_A.wav,/kaggle/working/asr_audio/20260530_134123_asr_live/parakeet_tdt_0_6b_v3/comp_0/attempt_005/session_284931_q01_qid_749/option_B.wav,/kaggle/working/asr_audio/20260530_134123_asr_live/parakeet_tdt_0_6b_v3/comp_0/attempt_005/session_284931_q01_qid_749/option_C.wav,/kaggle/working/asr_audio/20260530_134123_asr_live/parakeet_tdt_0_6b_v3/comp_0/attempt_005/session_284931_q01_qid_749/option_D.wav,257324,215084,180524,188204,284204,5.36,4.48,3.76,3.92,5.92,0.7750542163848877,0.1915140151977539,0.1870100498199463,0.1874556541442871,0.20019745826721191,29.563696,1,0.16015052795410156,False,False,True,0,What is the primary purpose of using honorific nicknames for musicians in popular culture?,Option A TNDK the age of the artist,Option B to describe the musical genre of the artist,Option C to signify the significance and status of the artist.,Option D to indicate the financial success of the artist.,1.1714131832122803,0.19180870056152344,1.1421356201171875,0.1859283447265625,1.135270595550537,3.826556444168091,,,,,,,,,
20260530_134123_asr_live,2026-05-30 13:42:58,parakeet_tdt_0_6b_v3,nvidia/parakeet-tdt-0.6b-v3,hf_asr_pipeline,cuda:1,float16,selected,selected,1,best_mean_similarity_if_available_else_preferred_beam,False,23.913747549057007,0,Entertainment,5,1,284931,749,0,,0,,1,,2,,3,,/kaggle/working/asr_audio/20260530_134123_asr_live/parakeet_tdt_0_6b_v3/comp_0/attempt_005/session_284931_q01_qid_749/question.wav,/kaggle/working/asr_audio/20260530_134123_asr_live/parakeet_tdt_0_6b_v3/comp_0/attempt_005/session_284931_q01_qid_749/option_A.wav,/kaggle/working/asr_audio/20260530_134123_asr_live/parakeet_tdt_0_6b_v3/comp_0/attempt_005/session_284931_q01_qid_749/option_B.wav,/kaggle/working/asr_audio/20260530_134123_asr_live/parakeet_tdt_0_6b_v3/comp_0/attempt_005/session_284931_q01_qid_749/option_C.wav,/kaggle/working/asr_audio/20260530_134123_asr_live/parakeet_tdt_0_6b_v3/comp_0/attempt_005/session_284931_q01_qid_749/option_D.wav,257324,215084,180524,188204,284204,5.36,4.48,3.76,3.92,5.92,0.7750542163848877,0.1915140151977539,0.1870100498199463,0.1874556541442871,0.20019745826721191,29.563696,1,0.16015052795410156,False,False,True,0,What is the primary purpose of using honorific nicknames for musicians in popular culture?,Option A TNDK the age of the artist,Option B to describe the musical genre of the artist,Option C to signify the significance and status of the artist.,Option D to indicate the financial success of the artist.,1.1714131832122803,0.19180870056152344,1.1421356201171875,0.1859283447265625,1.135270595550537,3.826556444168091,,,,,,,,,
20260530_134123_asr_live,2026-05-30 13:43:04,parakeet_tdt_0_6b_v3,nvidia/parakeet-tdt-0.6b-v3,hf_asr_pipeline,cuda:1,float16,1,candidate,,,False,23.913747549057007,0,Entertainment,6,1,284939,419,0,,0,,1,,2,,3,,/kaggle/working/asr_audio/20260530_134123_asr_live/parakeet_tdt_0_6b_v3/comp_0/attempt_006/session_284939_q01_qid_419/question.wav,/kaggle/working/asr_audio/20260530_134123_asr_live/parakeet_tdt_0_6b_v3/comp_0/attempt_006/session_284939_q01_qid_419/option_A.wav,/kaggle/working/asr_audio/20260530_134123_asr_live/parakeet_tdt_0_6b_v3/comp_0/attempt_006/session_284939_q01_qid_419/option_B.wav,/kaggle/working/asr_audio/20260530_134123_asr_live/parakeet_tdt_0_6b_v3/comp_0/attempt_006/session_284939_q01_qid_419/option_C.wav,/kaggle/working/asr_audio/20260530_134123_asr_live/parakeet_tdt_0_6b_v3/comp_0/attempt_006/session_284939_q01_qid_419/option_D.wav,203564,169004,199724,103724,96044,4.24,3.52,4.16,2.16,2.0,0.6294150352478027,0.18639755249023438,0.18918967247009277,0.17903661727905273,0.17723584175109863,29.587158,1,0.16025710105895996,False,False,True,0,Which of the following best describes Mariah Carey's early music style?,Option A Pop in Adult Contemporary Ballads,Option B U Electronic Dance Music,Option C alternative rock,Toption D Hip Hop and Rap.,0.20670533180236816,1.0986151695251465,0.19189977645874023,1.1141793727874756,1.1433892250061035,3.754788875579834,,,,,,,,,
20260530_134123_asr_live,2026-05-30 13:43:08,parakeet_tdt_0_6b_v3,nvidia/parakeet-tdt-0.6b-v3,hf_asr_pipeline,cuda:1,float16,selected,selected,1,best_mean_similarity_if_available_else_preferred_beam,False,23.913747549057007,0,Entertainment,6,1,284939,419,0,,0,,1,,2,,3,,/kaggle/working/asr_audio/20260530_134123_asr_live/parakeet_tdt_0_6b_v3/comp_0/attempt_006/session_284939_q01_qid_419/question.wav,/kaggle/working/asr_audio/20260530_134123_asr_live/parakeet_tdt_0_6b_v3/comp_0/attempt_006/session_284939_q01_qid_419/option_A.wav,/kaggle/working/asr_audio/20260530_134123_asr_live/parakeet_tdt_0_6b_v3/comp_0/attempt_006/session_284939_q01_qid_419/option_B.wav,/kaggle/working/asr_audio/20260530_134123_asr_live/parakeet_tdt_0_6b_v3/comp_0/attempt_006/session_284939_q01_qid_419/option_C.wav,/kaggle/working/asr_audio/20260530_134123_asr_live/parakeet_tdt_0_6b_v3/comp_0/attempt_006/session_284939_q01_qid_419/option_D.wav,203564,169004,199724,103724,96044,4.24,3.52,4.16,2.16,2.0,0.6294150352478027,0.18639755249023438,0.18918967247009277,0.17903661727905273,0.17723584175109863,29.587158,1,0.16025710105895996,False,False,True,0,Which of the following best describes Mariah Carey's early music style?,Option A Pop in Adult Contemporary Ballads,Option B U Electronic Dance Music,Option C alternative rock,Toption D Hip Hop and Rap.,0.20670533180236816,1.0986151695251465,0.19189977645874023,1.1141793727874756,1.1433892250061035,3.754788875579834,,,,,,,,,
20260530_134123_asr_live,2026-05-30 13:43:14,parakeet_tdt_0_6b_v3,nvidia/parakeet-tdt-0.6b-v3,hf_asr_pipeline,cuda:1,float16,1,candidate,,,False,23.913747549057007,0,Entertainment,7,1,284950,156,0,,0,,1,,2,,3,,/kaggle/working/asr_audio/20260530_134123_asr_live/parakeet_tdt_0_6b_v3/comp_0/attempt_007/session_284950_q01_qid_156/question.wav,/kaggle/working/asr_audio/20260530_134123_asr_live/parakeet_tdt_0_6b_v3/comp_0/attempt_007/session_284950_q01_qid_156/option_A.wav,/kaggle/working/asr_audio/20260530_134123_asr_live/parakeet_tdt_0_6b_v3/comp_0/attempt_007/session_284950_q01_qid_156/option_B.wav,/kaggle/working/asr_audio/20260530_134123_asr_live/parakeet_tdt_0_6b_v3/comp_0/attempt_007/session_284950_q01_qid_156/option_C.wav,/kaggle/working/asr_audio/20260530_134123_asr_live/parakeet_tdt_0_6b_v3/comp_0/attempt_007/session_284950_q01_qid_156/option_D.wav,399404,268844,464684,169004,322604,8.32,5.6,9.68,3.52,6.72,0.7838232517242432,0.2047595977783203,0.20217514038085938,0.1855919361114502,0.21825575828552246,29.546181,0,0.16052532196044922,False,False,True,0,"How does the concept of absence as a lyrical theme manifest in Pink Floyd's music, particularly in the song Have a Cigar from Wish You Were Here?",Option A by focusing on the physical absence of band members during performances.,Option B by portraying the absence of a person or feeling through metaphor and suggestion.,Option C through the direct mention of missing loved ones.,Option D through the explicit use of space and silence in the song structure.,1.1684064865112305,0.20933818817138672,1.173487663269043,0.18657326698303223,1.1355302333831787,3.873335838317871,,,,,,,,,
20260530_134123_asr_live,2026-05-30 13:43:18,parakeet_tdt_0_6b_v3,nvidia/parakeet-tdt-0.6b-v3,hf_asr_pipeline,cuda:1,float16,selected,selected,1,best_mean_similarity_if_available_else_preferred_beam,False,23.913747549057007,0,Entertainment,7,1,284950,156,0,,0,,1,,2,,3,,/kaggle/working/asr_audio/20260530_134123_asr_live/parakeet_tdt_0_6b_v3/comp_0/attempt_007/session_284950_q01_qid_156/question.wav,/kaggle/working/asr_audio/20260530_134123_asr_live/parakeet_tdt_0_6b_v3/comp_0/attempt_007/session_284950_q01_qid_156/option_A.wav,/kaggle/working/asr_audio/20260530_134123_asr_live/parakeet_tdt_0_6b_v3/comp_0/attempt_007/session_284950_q01_qid_156/option_B.wav,/kaggle/working/asr_audio/20260530_134123_asr_live/parakeet_tdt_0_6b_v3/comp_0/attempt_007/session_284950_q01_qid_156/option_C.wav,/kaggle/working/asr_audio/20260530_134123_asr_live/parakeet_tdt_0_6b_v3/comp_0/attempt_007/session_284950_q01_qid_156/option_D.wav,399404,268844,464684,169004,322604,8.32,5.6,9.68,3.52,6.72,0.7838232517242432,0.2047595977783203,0.20217514038085938,0.1855919361114502,0.21825575828552246,29.546181,0,0.16052532196044922,False,False,True,0,"How does the concept of absence as a lyrical theme manifest in Pink Floyd's music, particularly in the song Have a Cigar from Wish You Were Here?",Option A by focusing on the physical absence of band members during performances.,Option B by portraying the absence of a person or feeling through metaphor and suggestion.,Option C through the direct mention of missing loved ones.,Option D through the explicit use of space and silence in the song structure.,1.1684064865112305,0.20933818817138672,1.173487663269043,0.18657326698303223,1.1355302333831787,3.873335838317871,,,,,,,,,
20260530_134123_asr_live,2026-05-30 13:43:24,parakeet_tdt_0_6b_v3,nvidia/parakeet-tdt-0.6b-v3,hf_asr_pipeline,cuda:1,float16,1,candidate,,,False,23.913747549057007,0,Entertainment,8,1,284959,12,0,,0,,1,,2,,3,,/kaggle/working/asr_audio/20260530_134123_asr_live/parakeet_tdt_0_6b_v3/comp_0/attempt_008/session_284959_q01_qid_12/question.wav,/kaggle/working/asr_audio/20260530_134123_asr_live/parakeet_tdt_0_6b_v3/comp_0/attempt_008/session_284959_q01_qid_12/option_A.wav,/kaggle/working/asr_audio/20260530_134123_asr_live/parakeet_tdt_0_6b_v3/comp_0/attempt_008/session_284959_q01_qid_12/option_B.wav,/kaggle/working/asr_audio/20260530_134123_asr_live/parakeet_tdt_0_6b_v3/comp_0/attempt_008/session_284959_q01_qid_12/option_C.wav,/kaggle/working/asr_audio/20260530_134123_asr_live/parakeet_tdt_0_6b_v3/comp_0/attempt_008/session_284959_q01_qid_12/option_D.wav,407084,145964,257324,184364,107564,8.48,3.04,5.36,3.84,2.24,0.7834842205047607,0.1885836124420166,0.19704723358154297,0.18805551528930664,0.17908596992492676,29.584238,0,0.1607053279876709,False,False,True,0,"For which role did Judy Dentz win the Academy Award for Best Supporting Actress, thereby becoming one of Britain's greatest actresses?",Option A Sally Bowls and Cabaret,Option B Queen Elizabeth I and Shakespeare in Love.,Option C iris and iris.,Toption D Men in Goldeneye.,1.1574318408966064,1.1121180057525635,0.19948601722717285,1.0917856693267822,0.17756032943725586,3.738381862640381,,,,,,,,,
20260530_134123_asr_live,2026-05-30 13:43:28,parakeet_tdt_0_6b_v3,nvidia/parakeet-tdt-0.6b-v3,hf_asr_pipeline,cuda:1,float16,selected,selected,1,best_mean_similarity_if_available_else_preferred_beam,False,23.913747549057007,0,Entertainment,8,1,284959,12,0,,0,,1,,2,,3,,/kaggle/working/asr_audio/20260530_134123_asr_live/parakeet_tdt_0_6b_v3/comp_0/attempt_008/session_284959_q01_qid_12/question.wav,/kaggle/working/asr_audio/20260530_134123_asr_live/parakeet_tdt_0_6b_v3/comp_0/attempt_008/session_284959_q01_qid_12/option_A.wav,/kaggle/working/asr_audio/20260530_134123_asr_live/parakeet_tdt_0_6b_v3/comp_0/attempt_008/session_284959_q01_qid_12/option_B.wav,/kaggle/working/asr_audio/20260530_134123_asr_live/parakeet_tdt_0_6b_v3/comp_0/attempt_008/session_284959_q01_qid_12/option_C.wav,/kaggle/working/asr_audio/20260530_134123_asr_live/parakeet_tdt_0_6b_v3/comp_0/attempt_008/session_284959_q01_qid_12/option_D.wav,407084,145964,257324,184364,107564,8.48,3.04,5.36,3.84,2.24,0.7834842205047607,0.1885836124420166,0.19704723358154297,0.18805551528930664,0.17908596992492676,29.584238,0,0.1607053279876709,False,False,True,0,"For which role did Judy Dentz win the Academy Award for Best Supporting Actress, thereby becoming one of Britain's greatest actresses?",Option A Sally Bowls and Cabaret,Option B Queen Elizabeth I and Shakespeare in Love.,Option C iris and iris.,Toption D Men in Goldeneye.,1.1574318408966064,1.1121180057525635,0.19948601722717285,1.0917856693267822,0.17756032943725586,3.738381862640381,,,,,,,,,
20260530_134123_asr_live,2026-05-30 13:43:34,parakeet_tdt_0_6b_v3,nvidia/parakeet-tdt-0.6b-v3,hf_asr_pipeline,cuda:1,float16,1,candidate,,,False,23.913747549057007,0,Entertainment,9,1,284969,415,0,,0,,1,,2,,3,,/kaggle/working/asr_audio/20260530_134123_asr_live/parakeet_tdt_0_6b_v3/comp_0/attempt_009/session_284969_q01_qid_415/question.wav,/kaggle/working/asr_audio/20260530_134123_asr_live/parakeet_tdt_0_6b_v3/comp_0/attempt_009/session_284969_q01_qid_415/option_A.wav,/kaggle/working/asr_audio/20260530_134123_asr_live/parakeet_tdt_0_6b_v3/comp_0/attempt_009/session_284969_q01_qid_415/option_B.wav,/kaggle/working/asr_audio/20260530_134123_asr_live/parakeet_tdt_0_6b_v3/comp_0/attempt_009/session_284969_q01_qid_415/option_C.wav,/kaggle/working/asr_audio/20260530_134123_asr_live/parakeet_tdt_0_6b_v3/comp_0/attempt_009/session_284969_q01_qid_415/option_D.wav,226604,165164,176684,192044,169004,4.72,3.44,3.68,4.0,3.52,0.7743029594421387,0.18662405014038086,0.18730545043945312,0.18928933143615723,0.1860954761505127,29.577842,3,0.16098928451538086,False,False,True,0,What was the primary reason for the breakup of the original Jimi Hendrix experience?,Option A Financial Disagreements with the Management,Option B Hendricks' decision to focus on solo work.,Option C Hendricks' desire to expand the band sound.,Option D Internal Conflicts Among Band members.,0.20473241806030273,1.1373538970947266,0.18916988372802734,1.112596035003662,0.19627165794372559,2.8401238918304443,,,,,,,,,
20260530_134123_asr_live,2026-05-30 13:43:37,parakeet_tdt_0_6b_v3,nvidia/parakeet-tdt-0.6b-v3,hf_asr_pipeline,cuda:1,float16,selected,selected,1,best_mean_similarity_if_available_else_preferred_beam,False,23.913747549057007,0,Entertainment,9,1,284969,415,0,,0,,1,,2,,3,,/kaggle/working/asr_audio/20260530_134123_asr_live/parakeet_tdt_0_6b_v3/comp_0/attempt_009/session_284969_q01_qid_415/question.wav,/kaggle/working/asr_audio/20260530_134123_asr_live/parakeet_tdt_0_6b_v3/comp_0/attempt_009/session_284969_q01_qid_415/option_A.wav,/kaggle/working/asr_audio/20260530_134123_asr_live/parakeet_tdt_0_6b_v3/comp_0/attempt_009/session_284969_q01_qid_415/option_B.wav,/kaggle/working/asr_audio/20260530_134123_asr_live/parakeet_tdt_0_6b_v3/comp_0/attempt_009/session_284969_q01_qid_415/option_C.wav,/kaggle/working/asr_audio/20260530_134123_asr_live/parakeet_tdt_0_6b_v3/comp_0/attempt_009/session_284969_q01_qid_415/option_D.wav,226604,165164,176684,192044,169004,4.72,3.44,3.68,4.0,3.52,0.7743029594421387,0.18662405014038086,0.18730545043945312,0.18928933143615723,0.1860954761505127,29.577842,3,0.16098928451538086,False,False,True,0,What was the primary reason for the breakup of the original Jimi Hendrix experience?,Option A Financial Disagreements with the Management,Option B Hendricks' decision to focus on solo work.,Option C Hendricks' desire to expand the band sound.,Option D Internal Conflicts Among Band members.,0.20473241806030273,1.1373538970947266,0.18916988372802734,1.112596035003662,0.19627165794372559,2.8401238918304443,,,,,,,,,
20260530_134123_asr_live,2026-05-30 13:43:43,parakeet_tdt_0_6b_v3,nvidia/parakeet-tdt-0.6b-v3,hf_asr_pipeline,cuda:1,float16,1,candidate,,,False,23.913747549057007,0,Entertainment,10,1,284976,466,0,,0,,1,,2,,3,,/kaggle/working/asr_audio/20260530_134123_asr_live/parakeet_tdt_0_6b_v3/comp_0/attempt_010/session_284976_q01_qid_466/question.wav,/kaggle/working/asr_audio/20260530_134123_asr_live/parakeet_tdt_0_6b_v3/comp_0/attempt_010/session_284976_q01_qid_466/option_A.wav,/kaggle/working/asr_audio/20260530_134123_asr_live/parakeet_tdt_0_6b_v3/comp_0/attempt_010/session_284976_q01_qid_466/option_B.wav,/kaggle/working/asr_audio/20260530_134123_asr_live/parakeet_tdt_0_6b_v3/comp_0/attempt_010/session_284976_q01_qid_466/option_C.wav,/kaggle/working/asr_audio/20260530_134123_asr_live/parakeet_tdt_0_6b_v3/comp_0/attempt_010/session_284976_q01_qid_466/option_D.wav,334124,265004,165164,184364,307244,6.96,5.52,3.44,3.84,6.4,0.780116081237793,0.2080540657043457,0.18531465530395508,0.18783926963806152,0.19944167137145996,29.561518,0,0.161024808883667,False,False,True,0,Which of the following best describes the relationship between Ray Charles and the Atlantic Records label during his early career?,Option A Atlantic was the first label to release Charles' solo material.,Option B They were rivals in the music industry.,Option C Charles founded Atlantic Records.,Option D Charles was signed to Atlantic for a short period before moving to ABC Paramount.,1.208745002746582,1.1736233234405518,0.18436622619628906,0.18152594566345215,1.1473448276519775,3.8956053256988525,,,,,,,,,
20260530_134123_asr_live,2026-05-30 13:43:47,parakeet_tdt_0_6b_v3,nvidia/parakeet-tdt-0.6b-v3,hf_asr_pipeline,cuda:1,float16,selected,selected,1,best_mean_similarity_if_available_else_preferred_beam,False,23.913747549057007,0,Entertainment,10,1,284976,466,0,,0,,1,,2,,3,,/kaggle/working/asr_audio/20260530_134123_asr_live/parakeet_tdt_0_6b_v3/comp_0/attempt_010/session_284976_q01_qid_466/question.wav,/kaggle/working/asr_audio/20260530_134123_asr_live/parakeet_tdt_0_6b_v3/comp_0/attempt_010/session_284976_q01_qid_466/option_A.wav,/kaggle/working/asr_audio/20260530_134123_asr_live/parakeet_tdt_0_6b_v3/comp_0/attempt_010/session_284976_q01_qid_466/option_B.wav,/kaggle/working/asr_audio/20260530_134123_asr_live/parakeet_tdt_0_6b_v3/comp_0/attempt_010/session_284976_q01_qid_466/option_C.wav,/kaggle/working/asr_audio/20260530_134123_asr_live/parakeet_tdt_0_6b_v3/comp_0/attempt_010/session_284976_q01_qid_466/option_D.wav,334124,265004,165164,184364,307244,6.96,5.52,3.44,3.84,6.4,0.780116081237793,0.2080540657043457,0.18531465530395508,0.18783926963806152,0.19944167137145996,29.561518,0,0.161024808883667,False,False,True,0,Which of the following best describes the relationship between Ray Charles and the Atlantic Records label during his early career?,Option A Atlantic was the first label to release Charles' solo material.,Option B They were rivals in the music industry.,Option C Charles founded Atlantic Records.,Option D Charles was signed to Atlantic for a short period before moving to ABC Paramount.,1.208745002746582,1.1736233234405518,0.18436622619628906,0.18152594566345215,1.1473448276519775,3.8956053256988525,,,,,,,,,
20260530_134123_asr_live,2026-05-30 13:43:53,parakeet_tdt_0_6b_v3,nvidia/parakeet-tdt-0.6b-v3,hf_asr_pipeline,cuda:1,float16,1,candidate,,,False,23.913747549057007,0,Entertainment,11,1,284983,316,0,,0,,1,,2,,3,,/kaggle/working/asr_audio/20260530_134123_asr_live/parakeet_tdt_0_6b_v3/comp_0/attempt_011/session_284983_q01_qid_316/question.wav,/kaggle/working/asr_audio/20260530_134123_asr_live/parakeet_tdt_0_6b_v3/comp_0/attempt_011/session_284983_q01_qid_316/option_A.wav,/kaggle/working/asr_audio/20260530_134123_asr_live/parakeet_tdt_0_6b_v3/comp_0/attempt_011/session_284983_q01_qid_316/option_B.wav,/kaggle/working/asr_audio/20260530_134123_asr_live/parakeet_tdt_0_6b_v3/comp_0/attempt_011/session_284983_q01_qid_316/option_C.wav,/kaggle/working/asr_audio/20260530_134123_asr_live/parakeet_tdt_0_6b_v3/comp_0/attempt_011/session_284983_q01_qid_316/option_D.wav,241964,130604,130604,111404,169004,5.04,2.72,2.72,2.32,3.52,0.7721145153045654,0.18220829963684082,0.18230748176574707,0.17968177795410156,0.18579602241516113,29.5774,0,0.1608719825744629,False,False,True,0,Which term describes the study of sound and its perception?,Option A Cognitive Musicology,Option B Psychoacoustics,Option C Music Therapy,Option Dnomusicology.,0.19202113151550293,1.1044771671295166,0.17251181602478027,1.1229736804962158,0.18080353736877441,2.77278733253479,,,,,,,,,
20260530_134123_asr_live,2026-05-30 13:43:56,parakeet_tdt_0_6b_v3,nvidia/parakeet-tdt-0.6b-v3,hf_asr_pipeline,cuda:1,float16,selected,selected,1,best_mean_similarity_if_available_else_preferred_beam,False,23.913747549057007,0,Entertainment,11,1,284983,316,0,,0,,1,,2,,3,,/kaggle/working/asr_audio/20260530_134123_asr_live/parakeet_tdt_0_6b_v3/comp_0/attempt_011/session_284983_q01_qid_316/question.wav,/kaggle/working/asr_audio/20260530_134123_asr_live/parakeet_tdt_0_6b_v3/comp_0/attempt_011/session_284983_q01_qid_316/option_A.wav,/kaggle/working/asr_audio/20260530_134123_asr_live/parakeet_tdt_0_6b_v3/comp_0/attempt_011/session_284983_q01_qid_316/option_B.wav,/kaggle/working/asr_audio/20260530_134123_asr_live/parakeet_tdt_0_6b_v3/comp_0/attempt_011/session_284983_q01_qid_316/option_C.wav,/kaggle/working/asr_audio/20260530_134123_asr_live/parakeet_tdt_0_6b_v3/comp_0/attempt_011/session_284983_q01_qid_316/option_D.wav,241964,130604,130604,111404,169004,5.04,2.72,2.72,2.32,3.52,0.7721145153045654,0.18220829963684082,0.18230748176574707,0.17968177795410156,0.18579602241516113,29.5774,0,0.1608719825744629,False,False,True,0,Which term describes the study of sound and its perception?,Option A Cognitive Musicology,Option B Psychoacoustics,Option C Music Therapy,Option Dnomusicology.,0.19202113151550293,1.1044771671295166,0.17251181602478027,1.1229736804962158,0.18080353736877441,2.77278733253479,,,,,,,,,
20260530_134123_asr_live,2026-05-30 13:44:03,parakeet_tdt_0_6b_v3,nvidia/parakeet-tdt-0.6b-v3,hf_asr_pipeline,cuda:1,float16,1,candidate,,,False,23.913747549057007,0,Entertainment,12,1,284990,48,0,,0,,1,,2,,3,,/kaggle/working/asr_audio/20260530_134123_asr_live/parakeet_tdt_0_6b_v3/comp_0/attempt_012/session_284990_q01_qid_48/question.wav,/kaggle/working/asr_audio/20260530_134123_asr_live/parakeet_tdt_0_6b_v3/comp_0/attempt_012/session_284990_q01_qid_48/option_A.wav,/kaggle/working/asr_audio/20260530_134123_asr_live/parakeet_tdt_0_6b_v3/comp_0/attempt_012/session_284990_q01_qid_48/option_B.wav,/kaggle/working/asr_audio/20260530_134123_asr_live/parakeet_tdt_0_6b_v3/comp_0/attempt_012/session_284990_q01_qid_48/option_C.wav,/kaggle/working/asr_audio/20260530_134123_asr_live/parakeet_tdt_0_6b_v3/comp_0/attempt_012/session_284990_q01_qid_48/option_D.wav,241964,288044,176684,165164,203564,5.04,6.0,3.68,3.44,4.24,0.7727575302124023,0.3241605758666992,0.1884012222290039,0.1854560375213623,0.19370102882385254,59.919144,0,0.16690969467163086,True,False,False,100,How does Mariah Carey's vocal performance on Fantasy differ from her earlier work?,Option A. It features a more mature and RB influenced sound.,Option B. It is less emotional and more distant.,Option C It relies more on auto-tune.,"Option D, it is less technically proficient.",0.2077016830444336,0.20445680618286133,0.18341970443725586,0.17992138862609863,0.18538737297058105,0.9608869552612305,,,,,,,,,
20260530_134123_asr_live,2026-05-30 13:44:04,parakeet_tdt_0_6b_v3,nvidia/parakeet-tdt-0.6b-v3,hf_asr_pipeline,cuda:1,float16,selected,selected,1,best_mean_similarity_if_available_else_preferred_beam,False,23.913747549057007,0,Entertainment,12,1,284990,48,0,,0,,1,,2,,3,,/kaggle/working/asr_audio/20260530_134123_asr_live/parakeet_tdt_0_6b_v3/comp_0/attempt_012/session_284990_q01_qid_48/question.wav,/kaggle/working/asr_audio/20260530_134123_asr_live/parakeet_tdt_0_6b_v3/comp_0/attempt_012/session_284990_q01_qid_48/option_A.wav,/kaggle/working/asr_audio/20260530_134123_asr_live/parakeet_tdt_0_6b_v3/comp_0/attempt_012/session_284990_q01_qid_48/option_B.wav,/kaggle/working/asr_audio/20260530_134123_asr_live/parakeet_tdt_0_6b_v3/comp_0/attempt_012/session_284990_q01_qid_48/option_C.wav,/kaggle/working/asr_audio/20260530_134123_asr_live/parakeet_tdt_0_6b_v3/comp_0/attempt_012/session_284990_q01_qid_48/option_D.wav,241964,288044,176684,165164,203564,5.04,6.0,3.68,3.44,4.24,0.7727575302124023,0.3241605758666992,0.1884012222290039,0.1854560375213623,0.19370102882385254,59.919144,0,0.16690969467163086,True,False,False,100,How does Mariah Carey's vocal performance on Fantasy differ from her earlier work?,Option A. It features a more mature and RB influenced sound.,Option B. It is less emotional and more distant.,Option C It relies more on auto-tune.,"Option D, it is less technically proficient.",0.2077016830444336,0.20445680618286133,0.18341970443725586,0.17992138862609863,0.18538737297058105,0.9608869552612305,,,,,,,,,
20260530_134123_asr_live,2026-05-30 13:44:05,parakeet_tdt_0_6b_v3,nvidia/parakeet-tdt-0.6b-v3,hf_asr_pipeline,cuda:1,float16,1,candidate,,,False,23.913747549057007,0,Entertainment,12,2,284990,220,0,,0,,1,,2,,3,,/kaggle/working/asr_audio/20260530_134123_asr_live/parakeet_tdt_0_6b_v3/comp_0/attempt_012/session_284990_q02_qid_220/question.wav,/kaggle/working/asr_audio/20260530_134123_asr_live/parakeet_tdt_0_6b_v3/comp_0/attempt_012/session_284990_q02_qid_220/option_A.wav,/kaggle/working/asr_audio/20260530_134123_asr_live/parakeet_tdt_0_6b_v3/comp_0/attempt_012/session_284990_q02_qid_220/option_B.wav,/kaggle/working/asr_audio/20260530_134123_asr_live/parakeet_tdt_0_6b_v3/comp_0/attempt_012/session_284990_q02_qid_220/option_C.wav,/kaggle/working/asr_audio/20260530_134123_asr_live/parakeet_tdt_0_6b_v3/comp_0/attempt_012/session_284990_q02_qid_220/option_D.wav,391724,122924,130604,215084,126764,8.16,2.56,2.72,4.48,2.64,0.48105382919311523,0.18432283401489258,0.18273067474365234,0.19238829612731934,0.18210554122924805,29.58052,1,0.1609203815460205,False,False,True,100,What is the primary concept explored in Inception that involves entering and manipulating the subconscious mind of another person?,Option A Memory Extraction,Option B Virtual Reality,Option C Neuro Implantation,Option D lucid Dreaming.,1.175206184387207,1.0880537033081055,0.17539215087890625,0.18497729301452637,1.139812707901001,3.763442039489746,,,,,,,,,
20260530_134123_asr_live,2026-05-30 13:44:09,parakeet_tdt_0_6b_v3,nvidia/parakeet-tdt-0.6b-v3,hf_asr_pipeline,cuda:1,float16,selected,selected,1,best_mean_similarity_if_available_else_preferred_beam,False,23.913747549057007,0,Entertainment,12,2,284990,220,0,,0,,1,,2,,3,,/kaggle/working/asr_audio/20260530_134123_asr_live/parakeet_tdt_0_6b_v3/comp_0/attempt_012/session_284990_q02_qid_220/question.wav,/kaggle/working/asr_audio/20260530_134123_asr_live/parakeet_tdt_0_6b_v3/comp_0/attempt_012/session_284990_q02_qid_220/option_A.wav,/kaggle/working/asr_audio/20260530_134123_asr_live/parakeet_tdt_0_6b_v3/comp_0/attempt_012/session_284990_q02_qid_220/option_B.wav,/kaggle/working/asr_audio/20260530_134123_asr_live/parakeet_tdt_0_6b_v3/comp_0/attempt_012/session_284990_q02_qid_220/option_C.wav,/kaggle/working/asr_audio/20260530_134123_asr_live/parakeet_tdt_0_6b_v3/comp_0/attempt_012/session_284990_q02_qid_220/option_D.wav,391724,122924,130604,215084,126764,8.16,2.56,2.72,4.48,2.64,0.48105382919311523,0.18432283401489258,0.18273067474365234,0.19238829612731934,0.18210554122924805,29.58052,1,0.1609203815460205,False,False,True,100,What is the primary concept explored in Inception that involves entering and manipulating the subconscious mind of another person?,Option A Memory Extraction,Option B Virtual Reality,Option C Neuro Implantation,Option D lucid Dreaming.,1.175206184387207,1.0880537033081055,0.17539215087890625,0.18497729301452637,1.139812707901001,3.763442039489746,,,,,,,,,
20260530_134123_asr_live,2026-05-30 13:44:15,parakeet_tdt_0_6b_v3,nvidia/parakeet-tdt-0.6b-v3,hf_asr_pipeline,cuda:1,float16,1,candidate,,,False,23.913747549057007,0,Entertainment,13,1,284997,133,0,,0,,1,,2,,3,,/kaggle/working/asr_audio/20260530_134123_asr_live/parakeet_tdt_0_6b_v3/comp_0/attempt_013/session_284997_q01_qid_133/question.wav,/kaggle/working/asr_audio/20260530_134123_asr_live/parakeet_tdt_0_6b_v3/comp_0/attempt_013/session_284997_q01_qid_133/option_A.wav,/kaggle/working/asr_audio/20260530_134123_asr_live/parakeet_tdt_0_6b_v3/comp_0/attempt_013/session_284997_q01_qid_133/option_B.wav,/kaggle/working/asr_audio/20260530_134123_asr_live/parakeet_tdt_0_6b_v3/comp_0/attempt_013/session_284997_q01_qid_133/option_C.wav,/kaggle/working/asr_audio/20260530_134123_asr_live/parakeet_tdt_0_6b_v3/comp_0/attempt_013/session_284997_q01_qid_133/option_D.wav,265004,161324,138284,153644,115244,5.52,3.36,2.88,3.2,2.4,0.774843692779541,0.1861276626586914,0.18338775634765625,0.18604493141174316,0.17999744415283203,59.919974,1,0.1666550636291504,True,False,False,100,Which of the following honorific nicknames has been used for multiple musicians in different genres?,Option A The Father of Modern Music,"Hopson B, the Queen of Pop.",Option C The King of Rock and Roll,Toption D King of Swing,0.219529390335083,1.0975713729858398,1.1046996116638184,1.1041395664215088,1.0898246765136719,4.615764617919922,,,,,,,,,
20260530_134123_asr_live,2026-05-30 13:44:20,parakeet_tdt_0_6b_v3,nvidia/parakeet-tdt-0.6b-v3,hf_asr_pipeline,cuda:1,float16,selected,selected,1,best_mean_similarity_if_available_else_preferred_beam,False,23.913747549057007,0,Entertainment,13,1,284997,133,0,,0,,1,,2,,3,,/kaggle/working/asr_audio/20260530_134123_asr_live/parakeet_tdt_0_6b_v3/comp_0/attempt_013/session_284997_q01_qid_133/question.wav,/kaggle/working/asr_audio/20260530_134123_asr_live/parakeet_tdt_0_6b_v3/comp_0/attempt_013/session_284997_q01_qid_133/option_A.wav,/kaggle/working/asr_audio/20260530_134123_asr_live/parakeet_tdt_0_6b_v3/comp_0/attempt_013/session_284997_q01_qid_133/option_B.wav,/kaggle/working/asr_audio/20260530_134123_asr_live/parakeet_tdt_0_6b_v3/comp_0/attempt_013/session_284997_q01_qid_133/option_C.wav,/kaggle/working/asr_audio/20260530_134123_asr_live/parakeet_tdt_0_6b_v3/comp_0/attempt_013/session_284997_q01_qid_133/option_D.wav,265004,161324,138284,153644,115244,5.52,3.36,2.88,3.2,2.4,0.774843692779541,0.1861276626586914,0.18338775634765625,0.18604493141174316,0.17999744415283203,59.919974,1,0.1666550636291504,True,False,False,100,Which of the following honorific nicknames has been used for multiple musicians in different genres?,Option A The Father of Modern Music,"Hopson B, the Queen of Pop.",Option C The King of Rock and Roll,Toption D King of Swing,0.219529390335083,1.0975713729858398,1.1046996116638184,1.1041395664215088,1.0898246765136719,4.615764617919922,,,,,,,,,
20260530_134123_asr_live,2026-05-30 13:44:22,parakeet_tdt_0_6b_v3,nvidia/parakeet-tdt-0.6b-v3,hf_asr_pipeline,cuda:1,float16,1,candidate,,,False,23.913747549057007,0,Entertainment,13,2,284997,345,0,,0,,1,,2,,3,,/kaggle/working/asr_audio/20260530_134123_asr_live/parakeet_tdt_0_6b_v3/comp_0/attempt_013/session_284997_q02_qid_345/question.wav,/kaggle/working/asr_audio/20260530_134123_asr_live/parakeet_tdt_0_6b_v3/comp_0/attempt_013/session_284997_q02_qid_345/option_A.wav,/kaggle/working/asr_audio/20260530_134123_asr_live/parakeet_tdt_0_6b_v3/comp_0/attempt_013/session_284997_q02_qid_345/option_B.wav,/kaggle/working/asr_audio/20260530_134123_asr_live/parakeet_tdt_0_6b_v3/comp_0/attempt_013/session_284997_q02_qid_345/option_C.wav,/kaggle/working/asr_audio/20260530_134123_asr_live/parakeet_tdt_0_6b_v3/comp_0/attempt_013/session_284997_q02_qid_345/option_D.wav,169004,234284,218924,226604,199724,3.52,4.88,4.56,4.72,4.16,0.6265621185302734,0.3260173797607422,0.19237923622131348,0.19246721267700195,0.19104409217834473,29.568298,0,0.1647334098815918,False,False,True,100,Which of the following best describes Adele's vocal range?,Option A Contralto with a range from C2 to E4.,Option B Soprano with a range from A3 to C6.,Option C Mezzosoprano with a range from B2 to C6.,Option D Alto with a range from D3 to F5.,0.18835783004760742,0.20215773582458496,1.1603553295135498,0.19524168968200684,0.18465304374694824,1.9307656288146973,,,,,,,,,
20260530_134123_asr_live,2026-05-30 13:44:23,parakeet_tdt_0_6b_v3,nvidia/parakeet-tdt-0.6b-v3,hf_asr_pipeline,cuda:1,float16,selected,selected,1,best_mean_similarity_if_available_else_preferred_beam,False,23.913747549057007,0,Entertainment,13,2,284997,345,0,,0,,1,,2,,3,,/kaggle/working/asr_audio/20260530_134123_asr_live/parakeet_tdt_0_6b_v3/comp_0/attempt_013/session_284997_q02_qid_345/question.wav,/kaggle/working/asr_audio/20260530_134123_asr_live/parakeet_tdt_0_6b_v3/comp_0/attempt_013/session_284997_q02_qid_345/option_A.wav,/kaggle/working/asr_audio/20260530_134123_asr_live/parakeet_tdt_0_6b_v3/comp_0/attempt_013/session_284997_q02_qid_345/option_B.wav,/kaggle/working/asr_audio/20260530_134123_asr_live/parakeet_tdt_0_6b_v3/comp_0/attempt_013/session_284997_q02_qid_345/option_C.wav,/kaggle/working/asr_audio/20260530_134123_asr_live/parakeet_tdt_0_6b_v3/comp_0/attempt_013/session_284997_q02_qid_345/option_D.wav,169004,234284,218924,226604,199724,3.52,4.88,4.56,4.72,4.16,0.6265621185302734,0.3260173797607422,0.19237923622131348,0.19246721267700195,0.19104409217834473,29.568298,0,0.1647334098815918,False,False,True,100,Which of the following best describes Adele's vocal range?,Option A Contralto with a range from C2 to E4.,Option B Soprano with a range from A3 to C6.,Option C Mezzosoprano with a range from B2 to C6.,Option D Alto with a range from D3 to F5.,0.18835783004760742,0.20215773582458496,1.1603553295135498,0.19524168968200684,0.18465304374694824,1.9307656288146973,,,,,,,,,
20260530_134123_asr_live,2026-05-30 13:44:28,parakeet_tdt_0_6b_v3,nvidia/parakeet-tdt-0.6b-v3,hf_asr_pipeline,cuda:1,float16,,error,,,False,23.913747549057007,0,Entertainment,14,,,,,,,,,,,,,,,,,,,,,,,,,,,,,,,,,,,,,,,,,,,,,,,,,,,,,,,,,,,start_game,"MillionaireError(""Could not connect to server at http://131.175.15.22:51111: ('Connection aborted.', RemoteDisconnected('Remote end closed connection without response'))"")"
20260530_134123_asr_live,2026-05-30 13:44:34,parakeet_tdt_0_6b_v3,nvidia/parakeet-tdt-0.6b-v3,hf_asr_pipeline,cuda:1,float16,1,candidate,,,False,23.913747549057007,0,Entertainment,15,1,285010,767,0,,0,,1,,2,,3,,/kaggle/working/asr_audio/20260530_134123_asr_live/parakeet_tdt_0_6b_v3/comp_0/attempt_015/session_285010_q01_qid_767/question.wav,/kaggle/working/asr_audio/20260530_134123_asr_live/parakeet_tdt_0_6b_v3/comp_0/attempt_015/session_285010_q01_qid_767/option_A.wav,/kaggle/working/asr_audio/20260530_134123_asr_live/parakeet_tdt_0_6b_v3/comp_0/attempt_015/session_285010_q01_qid_767/option_B.wav,/kaggle/working/asr_audio/20260530_134123_asr_live/parakeet_tdt_0_6b_v3/comp_0/attempt_015/session_285010_q01_qid_767/option_C.wav,/kaggle/working/asr_audio/20260530_134123_asr_live/parakeet_tdt_0_6b_v3/comp_0/attempt_015/session_285010_q01_qid_767/option_D.wav,157484,115244,99884,138284,211244,3.28,2.4,2.08,2.88,4.4,0.62457275390625,0.1839160919189453,0.17766427993774414,0.18287897109985352,0.19145727157592773,29.573039,1,0.16112470626831055,False,False,True,0,What term describes the core groove in a salsa song?,Option A quid say yo,Hopson B tombow,Option C Clave,Option D Monsuno,1.1316678524017334,0.1803722381591797,1.0887641906738281,0.1759324073791504,0.18730616569519043,2.764042854309082,,,,,,,,,
20260530_134123_asr_live,2026-05-30 13:44:36,parakeet_tdt_0_6b_v3,nvidia/parakeet-tdt-0.6b-v3,hf_asr_pipeline,cuda:1,float16,selected,selected,1,best_mean_similarity_if_available_else_preferred_beam,False,23.913747549057007,0,Entertainment,15,1,285010,767,0,,0,,1,,2,,3,,/kaggle/working/asr_audio/20260530_134123_asr_live/parakeet_tdt_0_6b_v3/comp_0/attempt_015/session_285010_q01_qid_767/question.wav,/kaggle/working/asr_audio/20260530_134123_asr_live/parakeet_tdt_0_6b_v3/comp_0/attempt_015/session_285010_q01_qid_767/option_A.wav,/kaggle/working/asr_audio/20260530_134123_asr_live/parakeet_tdt_0_6b_v3/comp_0/attempt_015/session_285010_q01_qid_767/option_B.wav,/kaggle/working/asr_audio/20260530_134123_asr_live/parakeet_tdt_0_6b_v3/comp_0/attempt_015/session_285010_q01_qid_767/option_C.wav,/kaggle/working/asr_audio/20260530_134123_asr_live/parakeet_tdt_0_6b_v3/comp_0/attempt_015/session_285010_q01_qid_767/option_D.wav,157484,115244,99884,138284,211244,3.28,2.4,2.08,2.88,4.4,0.62457275390625,0.1839160919189453,0.17766427993774414,0.18287897109985352,0.19145727157592773,29.573039,1,0.16112470626831055,False,False,True,0,What term describes the core groove in a salsa song?,Option A quid say yo,Hopson B tombow,Option C Clave,Option D Monsuno,1.1316678524017334,0.1803722381591797,1.0887641906738281,0.1759324073791504,0.18730616569519043,2.764042854309082,,,,,,,,,
20260530_134123_asr_live,2026-05-30 13:44:42,parakeet_tdt_0_6b_v3,nvidia/parakeet-tdt-0.6b-v3,hf_asr_pipeline,cuda:1,float16,1,candidate,,,False,23.913747549057007,1,Ancient History and Politics,1,1,285016,929,0,,0,,1,,2,,3,,/kaggle/working/asr_audio/20260530_134123_asr_live/parakeet_tdt_0_6b_v3/comp_1/attempt_001/session_285016_q01_qid_929/question.wav,/kaggle/working/asr_audio/20260530_134123_asr_live/parakeet_tdt_0_6b_v3/comp_1/attempt_001/session_285016_q01_qid_929/option_A.wav,/kaggle/working/asr_audio/20260530_134123_asr_live/parakeet_tdt_0_6b_v3/comp_1/attempt_001/session_285016_q01_qid_929/option_B.wav,/kaggle/working/asr_audio/20260530_134123_asr_live/parakeet_tdt_0_6b_v3/comp_1/attempt_001/session_285016_q01_qid_929/option_C.wav,/kaggle/working/asr_audio/20260530_134123_asr_live/parakeet_tdt_0_6b_v3/comp_1/attempt_001/session_285016_q01_qid_929/option_D.wav,253484,126764,115244,115244,115244,5.28,2.64,2.4,2.4,2.4,0.7753386497497559,0.18200373649597168,0.17938876152038574,0.18003416061401367,0.18032407760620117,29.583854,3,0.16079068183898926,False,False,True,0,Which term best describes the Assyrian king's belief in their divine right to rule?,Option A absolute monarchy.,Option B Imperialism,Option C Divine Mandate.,Toption D Theocracy,0.2029728889465332,0.17251133918762207,0.16868090629577637,0.1680762767791748,0.17370271682739258,0.885944128036499,,,,,,,,,
20260530_134123_asr_live,2026-05-30 13:44:43,parakeet_tdt_0_6b_v3,nvidia/parakeet-tdt-0.6b-v3,hf_asr_pipeline,cuda:1,float16,selected,selected,1,best_mean_similarity_if_available_else_preferred_beam,False,23.913747549057007,1,Ancient History and Politics,1,1,285016,929,0,,0,,1,,2,,3,,/kaggle/working/asr_audio/20260530_134123_asr_live/parakeet_tdt_0_6b_v3/comp_1/attempt_001/session_285016_q01_qid_929/question.wav,/kaggle/working/asr_audio/20260530_134123_asr_live/parakeet_tdt_0_6b_v3/comp_1/attempt_001/session_285016_q01_qid_929/option_A.wav,/kaggle/working/asr_audio/20260530_134123_asr_live/parakeet_tdt_0_6b_v3/comp_1/attempt_001/session_285016_q01_qid_929/option_B.wav,/kaggle/working/asr_audio/20260530_134123_asr_live/parakeet_tdt_0_6b_v3/comp_1/attempt_001/session_285016_q01_qid_929/option_C.wav,/kaggle/working/asr_audio/20260530_134123_asr_live/parakeet_tdt_0_6b_v3/comp_1/attempt_001/session_285016_q01_qid_929/option_D.wav,253484,126764,115244,115244,115244,5.28,2.64,2.4,2.4,2.4,0.7753386497497559,0.18200373649597168,0.17938876152038574,0.18003416061401367,0.18032407760620117,29.583854,3,0.16079068183898926,False,False,True,0,Which term best describes the Assyrian king's belief in their divine right to rule?,Option A absolute monarchy.,Option B Imperialism,Option C Divine Mandate.,Toption D Theocracy,0.2029728889465332,0.17251133918762207,0.16868090629577637,0.1680762767791748,0.17370271682739258,0.885944128036499,,,,,,,,,
20260530_134123_asr_live,2026-05-30 13:44:50,parakeet_tdt_0_6b_v3,nvidia/parakeet-tdt-0.6b-v3,hf_asr_pipeline,cuda:1,float16,1,candidate,,,False,23.913747549057007,1,Ancient History and Politics,2,1,285021,847,0,,0,,1,,2,,3,,/kaggle/working/asr_audio/20260530_134123_asr_live/parakeet_tdt_0_6b_v3/comp_1/attempt_002/session_285021_q01_qid_847/question.wav,/kaggle/working/asr_audio/20260530_134123_asr_live/parakeet_tdt_0_6b_v3/comp_1/attempt_002/session_285021_q01_qid_847/option_A.wav,/kaggle/working/asr_audio/20260530_134123_asr_live/parakeet_tdt_0_6b_v3/comp_1/attempt_002/session_285021_q01_qid_847/option_B.wav,/kaggle/working/asr_audio/20260530_134123_asr_live/parakeet_tdt_0_6b_v3/comp_1/attempt_002/session_285021_q01_qid_847/option_C.wav,/kaggle/working/asr_audio/20260530_134123_asr_live/parakeet_tdt_0_6b_v3/comp_1/attempt_002/session_285021_q01_qid_847/option_D.wav,295724,357164,395564,284204,291884,6.16,7.44,8.24,5.92,6.08,0.7771482467651367,0.3271043300628662,0.20323705673217773,0.20765066146850586,0.20087456703186035,59.919746,1,0.16687560081481934,True,False,False,100,"How did the legal status of a freed slave, Libertus, differ from that of a freeborn Roman citizen?","Option A A freed slave could not vote but could hold public office, unlike a freeborn citizen.","Option B: A freed slave could vote, but could not hold public office, unlike a freeborn citizen.",Option C a freed slave retain their former master's power over them Pates.,Option D A freed slave could vote and hold public office just like a freeborn citizen.,1.2088687419891357,1.1955225467681885,1.1956324577331543,0.2073521614074707,1.1262826919555664,4.933658599853516,,,,,,,,,
20260530_134123_asr_live,2026-05-30 13:44:54,parakeet_tdt_0_6b_v3,nvidia/parakeet-tdt-0.6b-v3,hf_asr_pipeline,cuda:1,float16,selected,selected,1,best_mean_similarity_if_available_else_preferred_beam,False,23.913747549057007,1,Ancient History and Politics,2,1,285021,847,0,,0,,1,,2,,3,,/kaggle/working/asr_audio/20260530_134123_asr_live/parakeet_tdt_0_6b_v3/comp_1/attempt_002/session_285021_q01_qid_847/question.wav,/kaggle/working/asr_audio/20260530_134123_asr_live/parakeet_tdt_0_6b_v3/comp_1/attempt_002/session_285021_q01_qid_847/option_A.wav,/kaggle/working/asr_audio/20260530_134123_asr_live/parakeet_tdt_0_6b_v3/comp_1/attempt_002/session_285021_q01_qid_847/option_B.wav,/kaggle/working/asr_audio/20260530_134123_asr_live/parakeet_tdt_0_6b_v3/comp_1/attempt_002/session_285021_q01_qid_847/option_C.wav,/kaggle/working/asr_audio/20260530_134123_asr_live/parakeet_tdt_0_6b_v3/comp_1/attempt_002/session_285021_q01_qid_847/option_D.wav,295724,357164,395564,284204,291884,6.16,7.44,8.24,5.92,6.08,0.7771482467651367,0.3271043300628662,0.20323705673217773,0.20765066146850586,0.20087456703186035,59.919746,1,0.16687560081481934,True,False,False,100,"How did the legal status of a freed slave, Libertus, differ from that of a freeborn Roman citizen?","Option A A freed slave could not vote but could hold public office, unlike a freeborn citizen.","Option B: A freed slave could vote, but could not hold public office, unlike a freeborn citizen.",Option C a freed slave retain their former master's power over them Pates.,Option D A freed slave could vote and hold public office just like a freeborn citizen.,1.2088687419891357,1.1955225467681885,1.1956324577331543,0.2073521614074707,1.1262826919555664,4.933658599853516,,,,,,,,,
20260530_134123_asr_live,2026-05-30 13:44:56,parakeet_tdt_0_6b_v3,nvidia/parakeet-tdt-0.6b-v3,hf_asr_pipeline,cuda:1,float16,1,candidate,,,False,23.913747549057007,1,Ancient History and Politics,2,2,285021,991,0,,0,,1,,2,,3,,/kaggle/working/asr_audio/20260530_134123_asr_live/parakeet_tdt_0_6b_v3/comp_1/attempt_002/session_285021_q02_qid_991/question.wav,/kaggle/working/asr_audio/20260530_134123_asr_live/parakeet_tdt_0_6b_v3/comp_1/attempt_002/session_285021_q02_qid_991/option_A.wav,/kaggle/working/asr_audio/20260530_134123_asr_live/parakeet_tdt_0_6b_v3/comp_1/attempt_002/session_285021_q02_qid_991/option_B.wav,/kaggle/working/asr_audio/20260530_134123_asr_live/parakeet_tdt_0_6b_v3/comp_1/attempt_002/session_285021_q02_qid_991/option_C.wav,/kaggle/working/asr_audio/20260530_134123_asr_live/parakeet_tdt_0_6b_v3/comp_1/attempt_002/session_285021_q02_qid_991/option_D.wav,299564,130604,149804,145964,372524,6.24,2.72,3.12,3.04,7.76,0.7794098854064941,0.18779706954956055,0.18402481079101562,0.18307876586914062,0.3235480785369873,59.920352,3,0.1661548614501953,True,False,False,200,"According to the passage, what was one of the main reasons Socrates was accused of impiety?",Option A for not paying taxes,Option B for teaching democracy.,Option C for supporting the 30 Tyrants.,Option D for failing to acknowledge the gods of Athens and introducing new deities.,1.1260058879852295,0.17489910125732422,1.1310491561889648,0.1854095458984375,1.169846534729004,3.78721022605896,,,,,,,,,
20260530_134123_asr_live,2026-05-30 13:45:00,parakeet_tdt_0_6b_v3,nvidia/parakeet-tdt-0.6b-v3,hf_asr_pipeline,cuda:1,float16,selected,selected,1,best_mean_similarity_if_available_else_preferred_beam,False,23.913747549057007,1,Ancient History and Politics,2,2,285021,991,0,,0,,1,,2,,3,,/kaggle/working/asr_audio/20260530_134123_asr_live/parakeet_tdt_0_6b_v3/comp_1/attempt_002/session_285021_q02_qid_991/question.wav,/kaggle/working/asr_audio/20260530_134123_asr_live/parakeet_tdt_0_6b_v3/comp_1/attempt_002/session_285021_q02_qid_991/option_A.wav,/kaggle/working/asr_audio/20260530_134123_asr_live/parakeet_tdt_0_6b_v3/comp_1/attempt_002/session_285021_q02_qid_991/option_B.wav,/kaggle/working/asr_audio/20260530_134123_asr_live/parakeet_tdt_0_6b_v3/comp_1/attempt_002/session_285021_q02_qid_991/option_C.wav,/kaggle/working/asr_audio/20260530_134123_asr_live/parakeet_tdt_0_6b_v3/comp_1/attempt_002/session_285021_q02_qid_991/option_D.wav,299564,130604,149804,145964,372524,6.24,2.72,3.12,3.04,7.76,0.7794098854064941,0.18779706954956055,0.18402481079101562,0.18307876586914062,0.3235480785369873,59.920352,3,0.1661548614501953,True,False,False,200,"According to the passage, what was one of the main reasons Socrates was accused of impiety?",Option A for not paying taxes,Option B for teaching democracy.,Option C for supporting the 30 Tyrants.,Option D for failing to acknowledge the gods of Athens and introducing new deities.,1.1260058879852295,0.17489910125732422,1.1310491561889648,0.1854095458984375,1.169846534729004,3.78721022605896,,,,,,,,,
20260530_134123_asr_live,2026-05-30 13:45:02,parakeet_tdt_0_6b_v3,nvidia/parakeet-tdt-0.6b-v3,hf_asr_pipeline,cuda:1,float16,1,candidate,,,False,23.913747549057007,1,Ancient History and Politics,2,3,285021,1033,0,,0,,1,,2,,3,,/kaggle/working/asr_audio/20260530_134123_asr_live/parakeet_tdt_0_6b_v3/comp_1/attempt_002/session_285021_q03_qid_1033/question.wav,/kaggle/working/asr_audio/20260530_134123_asr_live/parakeet_tdt_0_6b_v3/comp_1/attempt_002/session_285021_q03_qid_1033/option_A.wav,/kaggle/working/asr_audio/20260530_134123_asr_live/parakeet_tdt_0_6b_v3/comp_1/attempt_002/session_285021_q03_qid_1033/option_B.wav,/kaggle/working/asr_audio/20260530_134123_asr_live/parakeet_tdt_0_6b_v3/comp_1/attempt_002/session_285021_q03_qid_1033/option_C.wav,/kaggle/working/asr_audio/20260530_134123_asr_live/parakeet_tdt_0_6b_v3/comp_1/attempt_002/session_285021_q03_qid_1033/option_D.wav,472364,138284,207404,119084,96044,9.84,2.88,4.32,2.48,2.0,0.927504301071167,0.18371987342834473,0.18992090225219727,0.17994451522827148,0.17917227745056152,29.583975,2,0.16137003898620605,False,False,True,200,"According to Hittite documents, which term is believed to be related to the name of the Achaeans and is mentioned in the Toballa letter?",Option A Haha Yawa,Hopsin Baloosa.,Option C Tawagala,Toption D Matawada.,1.197347640991211,0.17763495445251465,0.1900312900543213,0.17232441902160645,0.17431306838989258,1.911651372909546,,,,,,,,,
20260530_134123_asr_live,2026-05-30 13:45:04,parakeet_tdt_0_6b_v3,nvidia/parakeet-tdt-0.6b-v3,hf_asr_pipeline,cuda:1,float16,selected,selected,1,best_mean_similarity_if_available_else_preferred_beam,False,23.913747549057007,1,Ancient History and Politics,2,3,285021,1033,0,,0,,1,,2,,3,,/kaggle/working/asr_audio/20260530_134123_asr_live/parakeet_tdt_0_6b_v3/comp_1/attempt_002/session_285021_q03_qid_1033/question.wav,/kaggle/working/asr_audio/20260530_134123_asr_live/parakeet_tdt_0_6b_v3/comp_1/attempt_002/session_285021_q03_qid_1033/option_A.wav,/kaggle/working/asr_audio/20260530_134123_asr_live/parakeet_tdt_0_6b_v3/comp_1/attempt_002/session_285021_q03_qid_1033/option_B.wav,/kaggle/working/asr_audio/20260530_134123_asr_live/parakeet_tdt_0_6b_v3/comp_1/attempt_002/session_285021_q03_qid_1033/option_C.wav,/kaggle/working/asr_audio/20260530_134123_asr_live/parakeet_tdt_0_6b_v3/comp_1/attempt_002/session_285021_q03_qid_1033/option_D.wav,472364,138284,207404,119084,96044,9.84,2.88,4.32,2.48,2.0,0.927504301071167,0.18371987342834473,0.18992090225219727,0.17994451522827148,0.17917227745056152,29.583975,2,0.16137003898620605,False,False,True,200,"According to Hittite documents, which term is believed to be related to the name of the Achaeans and is mentioned in the Toballa letter?",Option A Haha Yawa,Hopsin Baloosa.,Option C Tawagala,Toption D Matawada.,1.197347640991211,0.17763495445251465,0.1900312900543213,0.17232441902160645,0.17431306838989258,1.911651372909546,,,,,,,,,
20260530_134123_asr_live,2026-05-30 13:45:08,parakeet_tdt_0_6b_v3,nvidia/parakeet-tdt-0.6b-v3,hf_asr_pipeline,cuda:1,float16,,error,,,False,23.913747549057007,1,Ancient History and Politics,3,,,,,,,,,,,,,,,,,,,,,,,,,,,,,,,,,,,,,,,,,,,,,,,,,,,,,,,,,,,start_game,"MillionaireError(""Could not connect to server at http://131.175.15.22:51111: ('Connection aborted.', RemoteDisconnected('Remote end closed connection without response'))"")"
20260530_134123_asr_live,2026-05-30 13:45:14,parakeet_tdt_0_6b_v3,nvidia/parakeet-tdt-0.6b-v3,hf_asr_pipeline,cuda:1,float16,1,candidate,,,False,23.913747549057007,1,Ancient History and Politics,4,1,285037,873,0,,0,,1,,2,,3,,/kaggle/working/asr_audio/20260530_134123_asr_live/parakeet_tdt_0_6b_v3/comp_1/attempt_004/session_285037_q01_qid_873/question.wav,/kaggle/working/asr_audio/20260530_134123_asr_live/parakeet_tdt_0_6b_v3/comp_1/attempt_004/session_285037_q01_qid_873/option_A.wav,/kaggle/working/asr_audio/20260530_134123_asr_live/parakeet_tdt_0_6b_v3/comp_1/attempt_004/session_285037_q01_qid_873/option_B.wav,/kaggle/working/asr_audio/20260530_134123_asr_live/parakeet_tdt_0_6b_v3/comp_1/attempt_004/session_285037_q01_qid_873/option_C.wav,/kaggle/working/asr_audio/20260530_134123_asr_live/parakeet_tdt_0_6b_v3/comp_1/attempt_004/session_285037_q01_qid_873/option_D.wav,284204,203564,407084,241964,265004,5.92,4.24,8.48,5.04,5.52,0.7791986465454102,0.1904757022857666,0.20346474647521973,0.20012974739074707,0.19690418243408203,29.566463,0,0.16082453727722168,False,False,True,0,Which of the following best describes the relationship between Zeus Xenios in the practice of Xenia?,Option A Zusinios was indifferent to the practice of Xenia.,"Option B Zeus Xeniaus was a patron of Xenia, encouraging the practice of hospitality towards strangers.",Option C Zeus Xenios was the god of war and had no connection to Xenia.,Zo Xinios was a deity that punished those who practiced Xinnia poorly.,0.21886444091796875,0.19998645782470703,0.2407078742980957,0.20848321914672852,0.21416664123535156,1.0822086334228516,,,,,,,,,
20260530_134123_asr_live,2026-05-30 13:45:16,parakeet_tdt_0_6b_v3,nvidia/parakeet-tdt-0.6b-v3,hf_asr_pipeline,cuda:1,float16,selected,selected,1,best_mean_similarity_if_available_else_preferred_beam,False,23.913747549057007,1,Ancient History and Politics,4,1,285037,873,0,,0,,1,,2,,3,,/kaggle/working/asr_audio/20260530_134123_asr_live/parakeet_tdt_0_6b_v3/comp_1/attempt_004/session_285037_q01_qid_873/question.wav,/kaggle/working/asr_audio/20260530_134123_asr_live/parakeet_tdt_0_6b_v3/comp_1/attempt_004/session_285037_q01_qid_873/option_A.wav,/kaggle/working/asr_audio/20260530_134123_asr_live/parakeet_tdt_0_6b_v3/comp_1/attempt_004/session_285037_q01_qid_873/option_B.wav,/kaggle/working/asr_audio/20260530_134123_asr_live/parakeet_tdt_0_6b_v3/comp_1/attempt_004/session_285037_q01_qid_873/option_C.wav,/kaggle/working/asr_audio/20260530_134123_asr_live/parakeet_tdt_0_6b_v3/comp_1/attempt_004/session_285037_q01_qid_873/option_D.wav,284204,203564,407084,241964,265004,5.92,4.24,8.48,5.04,5.52,0.7791986465454102,0.1904757022857666,0.20346474647521973,0.20012974739074707,0.19690418243408203,29.566463,0,0.16082453727722168,False,False,True,0,Which of the following best describes the relationship between Zeus Xenios in the practice of Xenia?,Option A Zusinios was indifferent to the practice of Xenia.,"Option B Zeus Xeniaus was a patron of Xenia, encouraging the practice of hospitality towards strangers.",Option C Zeus Xenios was the god of war and had no connection to Xenia.,Zo Xinios was a deity that punished those who practiced Xinnia poorly.,0.21886444091796875,0.19998645782470703,0.2407078742980957,0.20848321914672852,0.21416664123535156,1.0822086334228516,,,,,,,,,
20260530_134123_asr_live,2026-05-30 13:45:22,parakeet_tdt_0_6b_v3,nvidia/parakeet-tdt-0.6b-v3,hf_asr_pipeline,cuda:1,float16,1,candidate,,,False,23.913747549057007,1,Ancient History and Politics,5,1,285044,957,0,,0,,1,,2,,3,,/kaggle/working/asr_audio/20260530_134123_asr_live/parakeet_tdt_0_6b_v3/comp_1/attempt_005/session_285044_q01_qid_957/question.wav,/kaggle/working/asr_audio/20260530_134123_asr_live/parakeet_tdt_0_6b_v3/comp_1/attempt_005/session_285044_q01_qid_957/option_A.wav,/kaggle/working/asr_audio/20260530_134123_asr_live/parakeet_tdt_0_6b_v3/comp_1/attempt_005/session_285044_q01_qid_957/option_B.wav,/kaggle/working/asr_audio/20260530_134123_asr_live/parakeet_tdt_0_6b_v3/comp_1/attempt_005/session_285044_q01_qid_957/option_C.wav,/kaggle/working/asr_audio/20260530_134123_asr_live/parakeet_tdt_0_6b_v3/comp_1/attempt_005/session_285044_q01_qid_957/option_D.wav,337964,157484,172844,149804,142124,7.04,3.28,3.6,3.12,2.96,0.7802186012268066,0.19118642807006836,0.18707656860351562,0.18348002433776855,0.18324685096740723,29.580376,1,0.16126704216003418,False,False,True,0,Rich term describes the urban area that includes the forty municipalities surrounding the city center of Athens.,Option A to Athens regional area.,Option B The Athens metropolitan area.,Option C The Athens Administrative Area,Topson D Athens urban area.,1.175830364227295,0.18051910400390625,0.1903674602508545,0.1881120204925537,1.1583764553070068,2.893205404281616,,,,,,,,,
20260530_134123_asr_live,2026-05-30 13:45:24,parakeet_tdt_0_6b_v3,nvidia/parakeet-tdt-0.6b-v3,hf_asr_pipeline,cuda:1,float16,selected,selected,1,best_mean_similarity_if_available_else_preferred_beam,False,23.913747549057007,1,Ancient History and Politics,5,1,285044,957,0,,0,,1,,2,,3,,/kaggle/working/asr_audio/20260530_134123_asr_live/parakeet_tdt_0_6b_v3/comp_1/attempt_005/session_285044_q01_qid_957/question.wav,/kaggle/working/asr_audio/20260530_134123_asr_live/parakeet_tdt_0_6b_v3/comp_1/attempt_005/session_285044_q01_qid_957/option_A.wav,/kaggle/working/asr_audio/20260530_134123_asr_live/parakeet_tdt_0_6b_v3/comp_1/attempt_005/session_285044_q01_qid_957/option_B.wav,/kaggle/working/asr_audio/20260530_134123_asr_live/parakeet_tdt_0_6b_v3/comp_1/attempt_005/session_285044_q01_qid_957/option_C.wav,/kaggle/working/asr_audio/20260530_134123_asr_live/parakeet_tdt_0_6b_v3/comp_1/attempt_005/session_285044_q01_qid_957/option_D.wav,337964,157484,172844,149804,142124,7.04,3.28,3.6,3.12,2.96,0.7802186012268066,0.19118642807006836,0.18707656860351562,0.18348002433776855,0.18324685096740723,29.580376,1,0.16126704216003418,False,False,True,0,Rich term describes the urban area that includes the forty municipalities surrounding the city center of Athens.,Option A to Athens regional area.,Option B The Athens metropolitan area.,Option C The Athens Administrative Area,Topson D Athens urban area.,1.175830364227295,0.18051910400390625,0.1903674602508545,0.1881120204925537,1.1583764553070068,2.893205404281616,,,,,,,,,
20260530_134123_asr_live,2026-05-30 13:46:11,parakeet_tdt_0_6b_v3,nvidia/parakeet-tdt-0.6b-v3,hf_asr_pipeline,cuda:1,float16,1,candidate,,,False,23.546728134155273,0,Entertainment,1,1,285079,660,0,,0,,1,,2,,3,,/kaggle/working/asr_audio/20260530_134123_asr_live/parakeet_tdt_0_6b_v3/comp_0/attempt_001/session_285079_q01_qid_660/question.wav,/kaggle/working/asr_audio/20260530_134123_asr_live/parakeet_tdt_0_6b_v3/comp_0/attempt_001/session_285079_q01_qid_660/option_A.wav,/kaggle/working/asr_audio/20260530_134123_asr_live/parakeet_tdt_0_6b_v3/comp_0/attempt_001/session_285079_q01_qid_660/option_B.wav,/kaggle/working/asr_audio/20260530_134123_asr_live/parakeet_tdt_0_6b_v3/comp_0/attempt_001/session_285079_q01_qid_660/option_C.wav,/kaggle/working/asr_audio/20260530_134123_asr_live/parakeet_tdt_0_6b_v3/comp_0/attempt_001/session_285079_q01_qid_660/option_D.wav,226604,169004,169004,211244,176684,4.72,3.52,3.52,4.4,3.68,0.7707016468048096,0.1866896152496338,0.18493223190307617,0.19159269332885742,0.1860206127166748,29.577872,3,0.16083145141601562,False,False,True,0,What is the fundamental principle of Martin Scorsese's filmmaking style?,Option A Expressive and Kinetic Visuals,Option B strictly linear narratives.,Option C highly stylized musicals.,Option D slow static scenes,0.22702646255493164,0.19069194793701172,0.1935126781463623,0.18521904945373535,0.18254804611206055,0.9789981842041016,,,,,,,,,
20260530_134123_asr_live,2026-05-30 13:46:12,parakeet_tdt_0_6b_v3,nvidia/parakeet-tdt-0.6b-v3,hf_asr_pipeline,cuda:1,float16,selected,selected,1,best_mean_similarity_if_available_else_preferred_beam,False,23.546728134155273,0,Entertainment,1,1,285079,660,0,,0,,1,,2,,3,,/kaggle/working/asr_audio/20260530_134123_asr_live/parakeet_tdt_0_6b_v3/comp_0/attempt_001/session_285079_q01_qid_660/question.wav,/kaggle/working/asr_audio/20260530_134123_asr_live/parakeet_tdt_0_6b_v3/comp_0/attempt_001/session_285079_q01_qid_660/option_A.wav,/kaggle/working/asr_audio/20260530_134123_asr_live/parakeet_tdt_0_6b_v3/comp_0/attempt_001/session_285079_q01_qid_660/option_B.wav,/kaggle/working/asr_audio/20260530_134123_asr_live/parakeet_tdt_0_6b_v3/comp_0/attempt_001/session_285079_q01_qid_660/option_C.wav,/kaggle/working/asr_audio/20260530_134123_asr_live/parakeet_tdt_0_6b_v3/comp_0/attempt_001/session_285079_q01_qid_660/option_D.wav,226604,169004,169004,211244,176684,4.72,3.52,3.52,4.4,3.68,0.7707016468048096,0.1866896152496338,0.18493223190307617,0.19159269332885742,0.1860206127166748,29.577872,3,0.16083145141601562,False,False,True,0,What is the fundamental principle of Martin Scorsese's filmmaking style?,Option A Expressive and Kinetic Visuals,Option B strictly linear narratives.,Option C highly stylized musicals.,Option D slow static scenes,0.22702646255493164,0.19069194793701172,0.1935126781463623,0.18521904945373535,0.18254804611206055,0.9789981842041016,,,,,,,,,
20260530_134123_asr_live,2026-05-30 13:46:18,parakeet_tdt_0_6b_v3,nvidia/parakeet-tdt-0.6b-v3,hf_asr_pipeline,cuda:1,float16,1,candidate,,,False,23.546728134155273,0,Entertainment,2,1,285084,767,0,,0,,1,,2,,3,,/kaggle/working/asr_audio/20260530_134123_asr_live/parakeet_tdt_0_6b_v3/comp_0/attempt_002/session_285084_q01_qid_767/question.wav,/kaggle/working/asr_audio/20260530_134123_asr_live/parakeet_tdt_0_6b_v3/comp_0/attempt_002/session_285084_q01_qid_767/option_A.wav,/kaggle/working/asr_audio/20260530_134123_asr_live/parakeet_tdt_0_6b_v3/comp_0/attempt_002/session_285084_q01_qid_767/option_B.wav,/kaggle/working/asr_audio/20260530_134123_asr_live/parakeet_tdt_0_6b_v3/comp_0/attempt_002/session_285084_q01_qid_767/option_C.wav,/kaggle/working/asr_audio/20260530_134123_asr_live/parakeet_tdt_0_6b_v3/comp_0/attempt_002/session_285084_q01_qid_767/option_D.wav,157484,142124,119084,92204,211244,3.28,2.96,2.48,1.92,4.4,0.6244897842407227,0.1840829849243164,0.1795506477355957,0.17864489555358887,0.18996024131774902,29.574493,2,0.16036176681518555,False,False,True,0,What term describes the core groove in a salsa song?,Option A clave,Hops and B Quid say yo,Option C tombow.,Option D Monsuno,0.1876220703125,0.1700878143310547,0.1772608757019043,1.0900204181671143,0.19838619232177734,1.8233773708343506,,,,,,,,,
20260530_134123_asr_live,2026-05-30 13:46:19,parakeet_tdt_0_6b_v3,nvidia/parakeet-tdt-0.6b-v3,hf_asr_pipeline,cuda:1,float16,selected,selected,1,best_mean_similarity_if_available_else_preferred_beam,False,23.546728134155273,0,Entertainment,2,1,285084,767,0,,0,,1,,2,,3,,/kaggle/working/asr_audio/20260530_134123_asr_live/parakeet_tdt_0_6b_v3/comp_0/attempt_002/session_285084_q01_qid_767/question.wav,/kaggle/working/asr_audio/20260530_134123_asr_live/parakeet_tdt_0_6b_v3/comp_0/attempt_002/session_285084_q01_qid_767/option_A.wav,/kaggle/working/asr_audio/20260530_134123_asr_live/parakeet_tdt_0_6b_v3/comp_0/attempt_002/session_285084_q01_qid_767/option_B.wav,/kaggle/working/asr_audio/20260530_134123_asr_live/parakeet_tdt_0_6b_v3/comp_0/attempt_002/session_285084_q01_qid_767/option_C.wav,/kaggle/working/asr_audio/20260530_134123_asr_live/parakeet_tdt_0_6b_v3/comp_0/attempt_002/session_285084_q01_qid_767/option_D.wav,157484,142124,119084,92204,211244,3.28,2.96,2.48,1.92,4.4,0.6244897842407227,0.1840829849243164,0.1795506477355957,0.17864489555358887,0.18996024131774902,29.574493,2,0.16036176681518555,False,False,True,0,What term describes the core groove in a salsa song?,Option A clave,Hops and B Quid say yo,Option C tombow.,Option D Monsuno,0.1876220703125,0.1700878143310547,0.1772608757019043,1.0900204181671143,0.19838619232177734,1.8233773708343506,,,,,,,,,
20260530_134123_asr_live,2026-05-30 13:46:25,parakeet_tdt_0_6b_v3,nvidia/parakeet-tdt-0.6b-v3,hf_asr_pipeline,cuda:1,float16,1,candidate,,,False,23.546728134155273,0,Entertainment,3,1,285091,599,0,,0,,1,,2,,3,,/kaggle/working/asr_audio/20260530_134123_asr_live/parakeet_tdt_0_6b_v3/comp_0/attempt_003/session_285091_q01_qid_599/question.wav,/kaggle/working/asr_audio/20260530_134123_asr_live/parakeet_tdt_0_6b_v3/comp_0/attempt_003/session_285091_q01_qid_599/option_A.wav,/kaggle/working/asr_audio/20260530_134123_asr_live/parakeet_tdt_0_6b_v3/comp_0/attempt_003/session_285091_q01_qid_599/option_B.wav,/kaggle/working/asr_audio/20260530_134123_asr_live/parakeet_tdt_0_6b_v3/comp_0/attempt_003/session_285091_q01_qid_599/option_C.wav,/kaggle/working/asr_audio/20260530_134123_asr_live/parakeet_tdt_0_6b_v3/comp_0/attempt_003/session_285091_q01_qid_599/option_D.wav,291884,138284,134444,126764,130604,6.08,2.88,2.8,2.64,2.72,0.7788553237915039,0.1891324520111084,0.18146944046020508,0.18175959587097168,0.18296122550964355,29.581387,2,0.16081595420837402,False,False,True,0,What is the fundamental principle of method acting that Marlon Brando embraced?,Option A Repetition of Lines,Hopson B Emotional Recall,Option C physical transformation.,Option D Character Analysis,0.20601654052734375,0.17696309089660645,1.1442584991455078,0.17542338371276855,0.17830848693847656,1.8809700012207031,,,,,,,,,
20260530_134123_asr_live,2026-05-30 13:46:27,parakeet_tdt_0_6b_v3,nvidia/parakeet-tdt-0.6b-v3,hf_asr_pipeline,cuda:1,float16,selected,selected,1,best_mean_similarity_if_available_else_preferred_beam,False,23.546728134155273,0,Entertainment,3,1,285091,599,0,,0,,1,,2,,3,,/kaggle/working/asr_audio/20260530_134123_asr_live/parakeet_tdt_0_6b_v3/comp_0/attempt_003/session_285091_q01_qid_599/question.wav,/kaggle/working/asr_audio/20260530_134123_asr_live/parakeet_tdt_0_6b_v3/comp_0/attempt_003/session_285091_q01_qid_599/option_A.wav,/kaggle/working/asr_audio/20260530_134123_asr_live/parakeet_tdt_0_6b_v3/comp_0/attempt_003/session_285091_q01_qid_599/option_B.wav,/kaggle/working/asr_audio/20260530_134123_asr_live/parakeet_tdt_0_6b_v3/comp_0/attempt_003/session_285091_q01_qid_599/option_C.wav,/kaggle/working/asr_audio/20260530_134123_asr_live/parakeet_tdt_0_6b_v3/comp_0/attempt_003/session_285091_q01_qid_599/option_D.wav,291884,138284,134444,126764,130604,6.08,2.88,2.8,2.64,2.72,0.7788553237915039,0.1891324520111084,0.18146944046020508,0.18175959587097168,0.18296122550964355,29.581387,2,0.16081595420837402,False,False,True,0,What is the fundamental principle of method acting that Marlon Brando embraced?,Option A Repetition of Lines,Hopson B Emotional Recall,Option C physical transformation.,Option D Character Analysis,0.20601654052734375,0.17696309089660645,1.1442584991455078,0.17542338371276855,0.17830848693847656,1.8809700012207031,,,,,,,,,
20260530_134123_asr_live,2026-05-30 13:46:31,parakeet_tdt_0_6b_v3,nvidia/parakeet-tdt-0.6b-v3,hf_asr_pipeline,cuda:1,float16,,error,,,False,23.546728134155273,0,Entertainment,4,,,,,,,,,,,,,,,,,,,,,,,,,,,,,,,,,,,,,,,,,,,,,,,,,,,,,,,,,,,start_game,"MillionaireError(""Could not connect to server at http://131.175.15.22:51111: ('Connection aborted.', RemoteDisconnected('Remote end closed connection without response'))"")"
20260530_134123_asr_live,2026-05-30 13:46:38,parakeet_tdt_0_6b_v3,nvidia/parakeet-tdt-0.6b-v3,hf_asr_pipeline,cuda:1,float16,1,candidate,,,False,23.546728134155273,0,Entertainment,5,1,285097,315,0,,0,,1,,2,,3,,/kaggle/working/asr_audio/20260530_134123_asr_live/parakeet_tdt_0_6b_v3/comp_0/attempt_005/session_285097_q01_qid_315/question.wav,/kaggle/working/asr_audio/20260530_134123_asr_live/parakeet_tdt_0_6b_v3/comp_0/attempt_005/session_285097_q01_qid_315/option_A.wav,/kaggle/working/asr_audio/20260530_134123_asr_live/parakeet_tdt_0_6b_v3/comp_0/attempt_005/session_285097_q01_qid_315/option_B.wav,/kaggle/working/asr_audio/20260530_134123_asr_live/parakeet_tdt_0_6b_v3/comp_0/attempt_005/session_285097_q01_qid_315/option_C.wav,/kaggle/working/asr_audio/20260530_134123_asr_live/parakeet_tdt_0_6b_v3/comp_0/attempt_005/session_285097_q01_qid_315/option_D.wav,245804,245804,207404,307244,180524,5.12,5.12,4.32,6.4,3.76,0.7739412784576416,0.19552826881408691,0.19034838676452637,0.19782614707946777,0.19605469703674316,29.568326,1,0.1609499454498291,False,False,True,0,Which of the following best describes Prince's influence on modern popular music?,Option A He is considered one of the most influential musicians of his generation.,Option B he was primarily influential in classical music.,Option C was only influential in the nineteen eighties.,Topson D he had little impact on the music industry.,1.1425375938415527,0.20343756675720215,0.19259905815124512,0.21263551712036133,0.19311165809631348,1.9443213939666748,,,,,,,,,
20260530_134123_asr_live,2026-05-30 13:46:40,parakeet_tdt_0_6b_v3,nvidia/parakeet-tdt-0.6b-v3,hf_asr_pipeline,cuda:1,float16,selected,selected,1,best_mean_similarity_if_available_else_preferred_beam,False,23.546728134155273,0,Entertainment,5,1,285097,315,0,,0,,1,,2,,3,,/kaggle/working/asr_audio/20260530_134123_asr_live/parakeet_tdt_0_6b_v3/comp_0/attempt_005/session_285097_q01_qid_315/question.wav,/kaggle/working/asr_audio/20260530_134123_asr_live/parakeet_tdt_0_6b_v3/comp_0/attempt_005/session_285097_q01_qid_315/option_A.wav,/kaggle/working/asr_audio/20260530_134123_asr_live/parakeet_tdt_0_6b_v3/comp_0/attempt_005/session_285097_q01_qid_315/option_B.wav,/kaggle/working/asr_audio/20260530_134123_asr_live/parakeet_tdt_0_6b_v3/comp_0/attempt_005/session_285097_q01_qid_315/option_C.wav,/kaggle/working/asr_audio/20260530_134123_asr_live/parakeet_tdt_0_6b_v3/comp_0/attempt_005/session_285097_q01_qid_315/option_D.wav,245804,245804,207404,307244,180524,5.12,5.12,4.32,6.4,3.76,0.7739412784576416,0.19552826881408691,0.19034838676452637,0.19782614707946777,0.19605469703674316,29.568326,1,0.1609499454498291,False,False,True,0,Which of the following best describes Prince's influence on modern popular music?,Option A He is considered one of the most influential musicians of his generation.,Option B he was primarily influential in classical music.,Option C was only influential in the nineteen eighties.,Topson D he had little impact on the music industry.,1.1425375938415527,0.20343756675720215,0.19259905815124512,0.21263551712036133,0.19311165809631348,1.9443213939666748,,,,,,,,,
20260530_134123_asr_live,2026-05-30 13:46:44,parakeet_tdt_0_6b_v3,nvidia/parakeet-tdt-0.6b-v3,hf_asr_pipeline,cuda:1,float16,,error,,,False,23.546728134155273,1,Ancient History and Politics,1,,,,,,,,,,,,,,,,,,,,,,,,,,,,,,,,,,,,,,,,,,,,,,,,,,,,,,,,,,,start_game,"MillionaireError(""Could not connect to server at http://131.175.15.22:51111: ('Connection aborted.', RemoteDisconnected('Remote end closed connection without response'))"")"
20260530_134123_asr_live,2026-05-30 13:46:50,parakeet_tdt_0_6b_v3,nvidia/parakeet-tdt-0.6b-v3,hf_asr_pipeline,cuda:1,float16,1,candidate,,,False,23.546728134155273,1,Ancient History and Politics,2,1,285107,1087,0,,0,,1,,2,,3,,/kaggle/working/asr_audio/20260530_134123_asr_live/parakeet_tdt_0_6b_v3/comp_1/attempt_002/session_285107_q01_qid_1087/question.wav,/kaggle/working/asr_audio/20260530_134123_asr_live/parakeet_tdt_0_6b_v3/comp_1/attempt_002/session_285107_q01_qid_1087/option_A.wav,/kaggle/working/asr_audio/20260530_134123_asr_live/parakeet_tdt_0_6b_v3/comp_1/attempt_002/session_285107_q01_qid_1087/option_B.wav,/kaggle/working/asr_audio/20260530_134123_asr_live/parakeet_tdt_0_6b_v3/comp_1/attempt_002/session_285107_q01_qid_1087/option_C.wav,/kaggle/working/asr_audio/20260530_134123_asr_live/parakeet_tdt_0_6b_v3/comp_1/attempt_002/session_285107_q01_qid_1087/option_D.wav,514604,280364,180524,230444,172844,10.72,5.84,3.76,4.8,3.6,0.9292728900909424,0.20267534255981445,0.18741941452026367,0.1940145492553711,0.18651556968688965,29.57672,1,0.1613461971282959,False,False,True,0,"Haha According to Aristotle, what is the fundamental difference between Apollis and other types of communities such as households and villages?",Option A A bolus is characterized by the presence of a common political life.,Option B A polis is based on trade and commerce!,"Option C. Uh, a polis is a smaller version of a village.",Toption D A polis is ruled by a single leader.,1.2044694423675537,1.217142105102539,0.1928718090057373,1.1372730731964111,0.1935875415802002,3.9453439712524414,,,,,,,,,
20260530_134123_asr_live,2026-05-30 13:46:54,parakeet_tdt_0_6b_v3,nvidia/parakeet-tdt-0.6b-v3,hf_asr_pipeline,cuda:1,float16,selected,selected,1,best_mean_similarity_if_available_else_preferred_beam,False,23.546728134155273,1,Ancient History and Politics,2,1,285107,1087,0,,0,,1,,2,,3,,/kaggle/working/asr_audio/20260530_134123_asr_live/parakeet_tdt_0_6b_v3/comp_1/attempt_002/session_285107_q01_qid_1087/question.wav,/kaggle/working/asr_audio/20260530_134123_asr_live/parakeet_tdt_0_6b_v3/comp_1/attempt_002/session_285107_q01_qid_1087/option_A.wav,/kaggle/working/asr_audio/20260530_134123_asr_live/parakeet_tdt_0_6b_v3/comp_1/attempt_002/session_285107_q01_qid_1087/option_B.wav,/kaggle/working/asr_audio/20260530_134123_asr_live/parakeet_tdt_0_6b_v3/comp_1/attempt_002/session_285107_q01_qid_1087/option_C.wav,/kaggle/working/asr_audio/20260530_134123_asr_live/parakeet_tdt_0_6b_v3/comp_1/attempt_002/session_285107_q01_qid_1087/option_D.wav,514604,280364,180524,230444,172844,10.72,5.84,3.76,4.8,3.6,0.9292728900909424,0.20267534255981445,0.18741941452026367,0.1940145492553711,0.18651556968688965,29.57672,1,0.1613461971282959,False,False,True,0,"Haha According to Aristotle, what is the fundamental difference between Apollis and other types of communities such as households and villages?",Option A A bolus is characterized by the presence of a common political life.,Option B A polis is based on trade and commerce!,"Option C. Uh, a polis is a smaller version of a village.",Toption D A polis is ruled by a single leader.,1.2044694423675537,1.217142105102539,0.1928718090057373,1.1372730731964111,0.1935875415802002,3.9453439712524414,,,,,,,,,
20260530_134123_asr_live,2026-05-30 13:47:00,parakeet_tdt_0_6b_v3,nvidia/parakeet-tdt-0.6b-v3,hf_asr_pipeline,cuda:1,float16,1,candidate,,,False,23.546728134155273,1,Ancient History and Politics,3,1,285127,1014,0,,0,,1,,2,,3,,/kaggle/working/asr_audio/20260530_134123_asr_live/parakeet_tdt_0_6b_v3/comp_1/attempt_003/session_285127_q01_qid_1014/question.wav,/kaggle/working/asr_audio/20260530_134123_asr_live/parakeet_tdt_0_6b_v3/comp_1/attempt_003/session_285127_q01_qid_1014/option_A.wav,/kaggle/working/asr_audio/20260530_134123_asr_live/parakeet_tdt_0_6b_v3/comp_1/attempt_003/session_285127_q01_qid_1014/option_B.wav,/kaggle/working/asr_audio/20260530_134123_asr_live/parakeet_tdt_0_6b_v3/comp_1/attempt_003/session_285127_q01_qid_1014/option_C.wav,/kaggle/working/asr_audio/20260530_134123_asr_live/parakeet_tdt_0_6b_v3/comp_1/attempt_003/session_285127_q01_qid_1014/option_D.wav,268844,134444,130604,207404,122924,5.6,2.8,2.72,4.32,2.56,0.7762579917907715,0.18271565437316895,0.18344569206237793,0.19053983688354492,0.18133211135864258,59.919558,2,0.16604971885681152,True,False,False,100,What term refers to the practice of Sparta's kings being accompanied by two Ephers in the field?,Option A Athenian Alliance,Hopsin B Royal Entours,Option Coral control.,Toption D Sports and Democracy.,0.21970605850219727,0.18757200241088867,0.18599438667297363,0.18701553344726562,0.18525075912475586,0.965538740158081,,,,,,,,,
20260530_134123_asr_live,2026-05-30 13:47:01,parakeet_tdt_0_6b_v3,nvidia/parakeet-tdt-0.6b-v3,hf_asr_pipeline,cuda:1,float16,selected,selected,1,best_mean_similarity_if_available_else_preferred_beam,False,23.546728134155273,1,Ancient History and Politics,3,1,285127,1014,0,,0,,1,,2,,3,,/kaggle/working/asr_audio/20260530_134123_asr_live/parakeet_tdt_0_6b_v3/comp_1/attempt_003/session_285127_q01_qid_1014/question.wav,/kaggle/working/asr_audio/20260530_134123_asr_live/parakeet_tdt_0_6b_v3/comp_1/attempt_003/session_285127_q01_qid_1014/option_A.wav,/kaggle/working/asr_audio/20260530_134123_asr_live/parakeet_tdt_0_6b_v3/comp_1/attempt_003/session_285127_q01_qid_1014/option_B.wav,/kaggle/working/asr_audio/20260530_134123_asr_live/parakeet_tdt_0_6b_v3/comp_1/attempt_003/session_285127_q01_qid_1014/option_C.wav,/kaggle/working/asr_audio/20260530_134123_asr_live/parakeet_tdt_0_6b_v3/comp_1/attempt_003/session_285127_q01_qid_1014/option_D.wav,268844,134444,130604,207404,122924,5.6,2.8,2.72,4.32,2.56,0.7762579917907715,0.18271565437316895,0.18344569206237793,0.19053983688354492,0.18133211135864258,59.919558,2,0.16604971885681152,True,False,False,100,What term refers to the practice of Sparta's kings being accompanied by two Ephers in the field?,Option A Athenian Alliance,Hopsin B Royal Entours,Option Coral control.,Toption D Sports and Democracy.,0.21970605850219727,0.18757200241088867,0.18599438667297363,0.18701553344726562,0.18525075912475586,0.965538740158081,,,,,,,,,
20260530_134123_asr_live,2026-05-30 13:47:03,parakeet_tdt_0_6b_v3,nvidia/parakeet-tdt-0.6b-v3,hf_asr_pipeline,cuda:1,float16,1,candidate,,,False,23.546728134155273,1,Ancient History and Politics,3,2,285127,1254,0,,0,,1,,2,,3,,/kaggle/working/asr_audio/20260530_134123_asr_live/parakeet_tdt_0_6b_v3/comp_1/attempt_003/session_285127_q02_qid_1254/question.wav,/kaggle/working/asr_audio/20260530_134123_asr_live/parakeet_tdt_0_6b_v3/comp_1/attempt_003/session_285127_q02_qid_1254/option_A.wav,/kaggle/working/asr_audio/20260530_134123_asr_live/parakeet_tdt_0_6b_v3/comp_1/attempt_003/session_285127_q02_qid_1254/option_B.wav,/kaggle/working/asr_audio/20260530_134123_asr_live/parakeet_tdt_0_6b_v3/comp_1/attempt_003/session_285127_q02_qid_1254/option_C.wav,/kaggle/working/asr_audio/20260530_134123_asr_live/parakeet_tdt_0_6b_v3/comp_1/attempt_003/session_285127_q02_qid_1254/option_D.wav,514604,180524,215084,153644,464684,10.72,3.76,4.48,3.2,9.68,0.6282618045806885,0.18754887580871582,0.19721007347106934,0.18441033363342285,0.2050321102142334,29.557964,0,0.161590576171875,False,False,True,100,What was the primary reason for the integration of Edomites into the Judean nation during the time of the Hasmonean ruler John Harkanus?,Option A to expand the military forces.,Option B to convert them to Judaism and integrate them into the nation.,Option C to promote agricultural development.,Toption D Oh To increase the tax base,0.2642242908477783,0.18484950065612793,0.1938018798828125,0.21397709846496582,0.22811031341552734,1.084963083267212,,,,,,,,,
20260530_134123_asr_live,2026-05-30 13:47:04,parakeet_tdt_0_6b_v3,nvidia/parakeet-tdt-0.6b-v3,hf_asr_pipeline,cuda:1,float16,selected,selected,1,best_mean_similarity_if_available_else_preferred_beam,False,23.546728134155273,1,Ancient History and Politics,3,2,285127,1254,0,,0,,1,,2,,3,,/kaggle/working/asr_audio/20260530_134123_asr_live/parakeet_tdt_0_6b_v3/comp_1/attempt_003/session_285127_q02_qid_1254/question.wav,/kaggle/working/asr_audio/20260530_134123_asr_live/parakeet_tdt_0_6b_v3/comp_1/attempt_003/session_285127_q02_qid_1254/option_A.wav,/kaggle/working/asr_audio/20260530_134123_asr_live/parakeet_tdt_0_6b_v3/comp_1/attempt_003/session_285127_q02_qid_1254/option_B.wav,/kaggle/working/asr_audio/20260530_134123_asr_live/parakeet_tdt_0_6b_v3/comp_1/attempt_003/session_285127_q02_qid_1254/option_C.wav,/kaggle/working/asr_audio/20260530_134123_asr_live/parakeet_tdt_0_6b_v3/comp_1/attempt_003/session_285127_q02_qid_1254/option_D.wav,514604,180524,215084,153644,464684,10.72,3.76,4.48,3.2,9.68,0.6282618045806885,0.18754887580871582,0.19721007347106934,0.18441033363342285,0.2050321102142334,29.557964,0,0.161590576171875,False,False,True,100,What was the primary reason for the integration of Edomites into the Judean nation during the time of the Hasmonean ruler John Harkanus?,Option A to expand the military forces.,Option B to convert them to Judaism and integrate them into the nation.,Option C to promote agricultural development.,Toption D Oh To increase the tax base,0.2642242908477783,0.18484950065612793,0.1938018798828125,0.21397709846496582,0.22811031341552734,1.084963083267212,,,,,,,,,
20260530_134123_asr_live,2026-05-30 13:47:10,parakeet_tdt_0_6b_v3,nvidia/parakeet-tdt-0.6b-v3,hf_asr_pipeline,cuda:1,float16,1,candidate,,,False,23.546728134155273,1,Ancient History and Politics,4,1,285133,1217,0,,0,,1,,2,,3,,/kaggle/working/asr_audio/20260530_134123_asr_live/parakeet_tdt_0_6b_v3/comp_1/attempt_004/session_285133_q01_qid_1217/question.wav,/kaggle/working/asr_audio/20260530_134123_asr_live/parakeet_tdt_0_6b_v3/comp_1/attempt_004/session_285133_q01_qid_1217/option_A.wav,/kaggle/working/asr_audio/20260530_134123_asr_live/parakeet_tdt_0_6b_v3/comp_1/attempt_004/session_285133_q01_qid_1217/option_B.wav,/kaggle/working/asr_audio/20260530_134123_asr_live/parakeet_tdt_0_6b_v3/comp_1/attempt_004/session_285133_q01_qid_1217/option_C.wav,/kaggle/working/asr_audio/20260530_134123_asr_live/parakeet_tdt_0_6b_v3/comp_1/attempt_004/session_285133_q01_qid_1217/option_D.wav,257324,153644,169004,172844,176684,5.36,3.2,3.52,3.6,3.68,0.7772321701049805,0.18584609031677246,0.18636059761047363,0.1864454746246338,0.18624448776245117,29.577679,0,0.16044259071350098,False,False,True,0,Which term describes the unusual octostyle design of the Parthenon?,Option A A standard hex style design.,Option B a unique eight column facade.,Option C A double row of columns on the sides.,Option D a single row of columns on the front and back.,0.2038130760192871,0.1881239414215088,0.18533587455749512,0.19284844398498535,0.19417190551757812,0.9642932415008545,,,,,,,,,
20260530_134123_asr_live,2026-05-30 13:47:11,parakeet_tdt_0_6b_v3,nvidia/parakeet-tdt-0.6b-v3,hf_asr_pipeline,cuda:1,float16,selected,selected,1,best_mean_similarity_if_available_else_preferred_beam,False,23.546728134155273,1,Ancient History and Politics,4,1,285133,1217,0,,0,,1,,2,,3,,/kaggle/working/asr_audio/20260530_134123_asr_live/parakeet_tdt_0_6b_v3/comp_1/attempt_004/session_285133_q01_qid_1217/question.wav,/kaggle/working/asr_audio/20260530_134123_asr_live/parakeet_tdt_0_6b_v3/comp_1/attempt_004/session_285133_q01_qid_1217/option_A.wav,/kaggle/working/asr_audio/20260530_134123_asr_live/parakeet_tdt_0_6b_v3/comp_1/attempt_004/session_285133_q01_qid_1217/option_B.wav,/kaggle/working/asr_audio/20260530_134123_asr_live/parakeet_tdt_0_6b_v3/comp_1/attempt_004/session_285133_q01_qid_1217/option_C.wav,/kaggle/working/asr_audio/20260530_134123_asr_live/parakeet_tdt_0_6b_v3/comp_1/attempt_004/session_285133_q01_qid_1217/option_D.wav,257324,153644,169004,172844,176684,5.36,3.2,3.52,3.6,3.68,0.7772321701049805,0.18584609031677246,0.18636059761047363,0.1864454746246338,0.18624448776245117,29.577679,0,0.16044259071350098,False,False,True,0,Which term describes the unusual octostyle design of the Parthenon?,Option A A standard hex style design.,Option B a unique eight column facade.,Option C A double row of columns on the sides.,Option D a single row of columns on the front and back.,0.2038130760192871,0.1881239414215088,0.18533587455749512,0.19284844398498535,0.19417190551757812,0.9642932415008545,,,,,,,,,
20260530_134123_asr_live,2026-05-30 13:47:17,parakeet_tdt_0_6b_v3,nvidia/parakeet-tdt-0.6b-v3,hf_asr_pipeline,cuda:1,float16,1,candidate,,,False,23.546728134155273,1,Ancient History and Politics,5,1,285137,1167,0,,0,,1,,2,,3,,/kaggle/working/asr_audio/20260530_134123_asr_live/parakeet_tdt_0_6b_v3/comp_1/attempt_005/session_285137_q01_qid_1167/question.wav,/kaggle/working/asr_audio/20260530_134123_asr_live/parakeet_tdt_0_6b_v3/comp_1/attempt_005/session_285137_q01_qid_1167/option_A.wav,/kaggle/working/asr_audio/20260530_134123_asr_live/parakeet_tdt_0_6b_v3/comp_1/attempt_005/session_285137_q01_qid_1167/option_B.wav,/kaggle/working/asr_audio/20260530_134123_asr_live/parakeet_tdt_0_6b_v3/comp_1/attempt_005/session_285137_q01_qid_1167/option_C.wav,/kaggle/working/asr_audio/20260530_134123_asr_live/parakeet_tdt_0_6b_v3/comp_1/attempt_005/session_285137_q01_qid_1167/option_D.wav,257324,172844,265004,265004,172844,5.36,3.6,5.52,5.52,3.6,0.7755126953125,0.1870872974395752,0.19731521606445312,0.196730375289917,0.18585801124572754,29.577214,3,0.16089677810668945,False,False,True,0,How did Cicero view the concept of Roman-ness in the context of Roman identity?,Option A as a fixed and unchanging trait.,Option B as a purely biological and ethnic concept.,Option C as a flexible and dynamic identity tied to cultural practices.,"Toption D as a term rarely used in ancient Rome,",0.21216487884521484,0.1857004165649414,0.1979355812072754,0.20986390113830566,0.19647598266601562,1.002140760421753,,,,,,,,,
20260530_134123_asr_live,2026-05-30 13:47:18,parakeet_tdt_0_6b_v3,nvidia/parakeet-tdt-0.6b-v3,hf_asr_pipeline,cuda:1,float16,selected,selected,1,best_mean_similarity_if_available_else_preferred_beam,False,23.546728134155273,1,Ancient History and Politics,5,1,285137,1167,0,,0,,1,,2,,3,,/kaggle/working/asr_audio/20260530_134123_asr_live/parakeet_tdt_0_6b_v3/comp_1/attempt_005/session_285137_q01_qid_1167/question.wav,/kaggle/working/asr_audio/20260530_134123_asr_live/parakeet_tdt_0_6b_v3/comp_1/attempt_005/session_285137_q01_qid_1167/option_A.wav,/kaggle/working/asr_audio/20260530_134123_asr_live/parakeet_tdt_0_6b_v3/comp_1/attempt_005/session_285137_q01_qid_1167/option_B.wav,/kaggle/working/asr_audio/20260530_134123_asr_live/parakeet_tdt_0_6b_v3/comp_1/attempt_005/session_285137_q01_qid_1167/option_C.wav,/kaggle/working/asr_audio/20260530_134123_asr_live/parakeet_tdt_0_6b_v3/comp_1/attempt_005/session_285137_q01_qid_1167/option_D.wav,257324,172844,265004,265004,172844,5.36,3.6,5.52,5.52,3.6,0.7755126953125,0.1870872974395752,0.19731521606445312,0.196730375289917,0.18585801124572754,29.577214,3,0.16089677810668945,False,False,True,0,How did Cicero view the concept of Roman-ness in the context of Roman identity?,Option A as a fixed and unchanging trait.,Option B as a purely biological and ethnic concept.,Option C as a flexible and dynamic identity tied to cultural practices.,"Toption D as a term rarely used in ancient Rome,",0.21216487884521484,0.1857004165649414,0.1979355812072754,0.20986390113830566,0.19647598266601562,1.002140760421753,,,,,,,,,
20260530_134123_asr_live,2026-05-30 13:47:24,parakeet_tdt_0_6b_v3,nvidia/parakeet-tdt-0.6b-v3,hf_asr_pipeline,cuda:1,float16,1,candidate,,,False,23.546728134155273,2,Science and Nature,1,1,285141,3393,0,,0,,1,,2,,3,,/kaggle/working/asr_audio/20260530_134123_asr_live/parakeet_tdt_0_6b_v3/comp_2/attempt_001/session_285141_q01_qid_3393/question.wav,/kaggle/working/asr_audio/20260530_134123_asr_live/parakeet_tdt_0_6b_v3/comp_2/attempt_001/session_285141_q01_qid_3393/option_A.wav,/kaggle/working/asr_audio/20260530_134123_asr_live/parakeet_tdt_0_6b_v3/comp_2/attempt_001/session_285141_q01_qid_3393/option_B.wav,/kaggle/working/asr_audio/20260530_134123_asr_live/parakeet_tdt_0_6b_v3/comp_2/attempt_001/session_285141_q01_qid_3393/option_C.wav,/kaggle/working/asr_audio/20260530_134123_asr_live/parakeet_tdt_0_6b_v3/comp_2/attempt_001/session_285141_q01_qid_3393/option_D.wav,330284,134444,188204,126764,142124,6.88,2.8,3.92,2.64,2.96,0.7807211875915527,0.18713045120239258,0.18889093399047852,0.18160438537597656,0.18233799934387207,29.580168,0,0.16099810600280762,False,False,True,0,"If a class wants to measure the speed of a bicycle during an outdoor lab exercise, which two devices would be most useful?",Option A Stop watching camera,Option B stop watching tape measure.,Option C Binoculars and Camera,Toption D Binoculars and tape measure.,0.23112177848815918,0.18558192253112793,0.1863255500793457,0.17825865745544434,0.18199515342712402,0.9632830619812012,,,,,,,,,
20260530_134123_asr_live,2026-05-30 13:47:25,parakeet_tdt_0_6b_v3,nvidia/parakeet-tdt-0.6b-v3,hf_asr_pipeline,cuda:1,float16,selected,selected,1,best_mean_similarity_if_available_else_preferred_beam,False,23.546728134155273,2,Science and Nature,1,1,285141,3393,0,,0,,1,,2,,3,,/kaggle/working/asr_audio/20260530_134123_asr_live/parakeet_tdt_0_6b_v3/comp_2/attempt_001/session_285141_q01_qid_3393/question.wav,/kaggle/working/asr_audio/20260530_134123_asr_live/parakeet_tdt_0_6b_v3/comp_2/attempt_001/session_285141_q01_qid_3393/option_A.wav,/kaggle/working/asr_audio/20260530_134123_asr_live/parakeet_tdt_0_6b_v3/comp_2/attempt_001/session_285141_q01_qid_3393/option_B.wav,/kaggle/working/asr_audio/20260530_134123_asr_live/parakeet_tdt_0_6b_v3/comp_2/attempt_001/session_285141_q01_qid_3393/option_C.wav,/kaggle/working/asr_audio/20260530_134123_asr_live/parakeet_tdt_0_6b_v3/comp_2/attempt_001/session_285141_q01_qid_3393/option_D.wav,330284,134444,188204,126764,142124,6.88,2.8,3.92,2.64,2.96,0.7807211875915527,0.18713045120239258,0.18889093399047852,0.18160438537597656,0.18233799934387207,29.580168,0,0.16099810600280762,False,False,True,0,"If a class wants to measure the speed of a bicycle during an outdoor lab exercise, which two devices would be most useful?",Option A Stop watching camera,Option B stop watching tape measure.,Option C Binoculars and Camera,Toption D Binoculars and tape measure.,0.23112177848815918,0.18558192253112793,0.1863255500793457,0.17825865745544434,0.18199515342712402,0.9632830619812012,,,,,,,,,
20260530_134123_asr_live,2026-05-30 13:47:31,parakeet_tdt_0_6b_v3,nvidia/parakeet-tdt-0.6b-v3,hf_asr_pipeline,cuda:1,float16,1,candidate,,,False,23.546728134155273,2,Science and Nature,2,1,285143,5174,0,,0,,1,,2,,3,,/kaggle/working/asr_audio/20260530_134123_asr_live/parakeet_tdt_0_6b_v3/comp_2/attempt_002/session_285143_q01_qid_5174/question.wav,/kaggle/working/asr_audio/20260530_134123_asr_live/parakeet_tdt_0_6b_v3/comp_2/attempt_002/session_285143_q01_qid_5174/option_A.wav,/kaggle/working/asr_audio/20260530_134123_asr_live/parakeet_tdt_0_6b_v3/comp_2/attempt_002/session_285143_q01_qid_5174/option_B.wav,/kaggle/working/asr_audio/20260530_134123_asr_live/parakeet_tdt_0_6b_v3/comp_2/attempt_002/session_285143_q01_qid_5174/option_C.wav,/kaggle/working/asr_audio/20260530_134123_asr_live/parakeet_tdt_0_6b_v3/comp_2/attempt_002/session_285143_q01_qid_5174/option_D.wav,1194284,184364,218924,207404,176684,24.88,3.84,4.56,4.32,3.68,1.0823214054107666,0.18855667114257812,0.180433988571167,0.19039463996887207,0.17757415771484375,59.918647,2,0.1683187484741211,True,False,False,100,"Isle Royale is a large island in Lake Superior. During the 180s, most of the trees were removed and the wolves and moose that lived on the island died. In the early 190s, moose were reintroduced to the island. By 1925, the moose population on Isle Royale rose to about two mined individuals. Which best explains how the moose population grew so rapidly.",Option A. There was unlimited food for the moose to eat.,"Option B. The birth rate was constant, and few moose died.",Option C There were no predators to control the population.,Option D The death rate was greater than the birth rate.,1.450376272201538,0.1938772201538086,0.19476032257080078,0.1808326244354248,0.18986821174621582,2.209714651107788,,,,,,,,,
20260530_134123_asr_live,2026-05-30 13:47:33,parakeet_tdt_0_6b_v3,nvidia/parakeet-tdt-0.6b-v3,hf_asr_pipeline,cuda:1,float16,selected,selected,1,best_mean_similarity_if_available_else_preferred_beam,False,23.546728134155273,2,Science and Nature,2,1,285143,5174,0,,0,,1,,2,,3,,/kaggle/working/asr_audio/20260530_134123_asr_live/parakeet_tdt_0_6b_v3/comp_2/attempt_002/session_285143_q01_qid_5174/question.wav,/kaggle/working/asr_audio/20260530_134123_asr_live/parakeet_tdt_0_6b_v3/comp_2/attempt_002/session_285143_q01_qid_5174/option_A.wav,/kaggle/working/asr_audio/20260530_134123_asr_live/parakeet_tdt_0_6b_v3/comp_2/attempt_002/session_285143_q01_qid_5174/option_B.wav,/kaggle/working/asr_audio/20260530_134123_asr_live/parakeet_tdt_0_6b_v3/comp_2/attempt_002/session_285143_q01_qid_5174/option_C.wav,/kaggle/working/asr_audio/20260530_134123_asr_live/parakeet_tdt_0_6b_v3/comp_2/attempt_002/session_285143_q01_qid_5174/option_D.wav,1194284,184364,218924,207404,176684,24.88,3.84,4.56,4.32,3.68,1.0823214054107666,0.18855667114257812,0.180433988571167,0.19039463996887207,0.17757415771484375,59.918647,2,0.1683187484741211,True,False,False,100,"Isle Royale is a large island in Lake Superior. During the 180s, most of the trees were removed and the wolves and moose that lived on the island died. In the early 190s, moose were reintroduced to the island. By 1925, the moose population on Isle Royale rose to about two mined individuals. Which best explains how the moose population grew so rapidly.",Option A. There was unlimited food for the moose to eat.,"Option B. The birth rate was constant, and few moose died.",Option C There were no predators to control the population.,Option D The death rate was greater than the birth rate.,1.450376272201538,0.1938772201538086,0.19476032257080078,0.1808326244354248,0.18986821174621582,2.209714651107788,,,,,,,,,
20260530_134123_asr_live,2026-05-30 13:47:35,parakeet_tdt_0_6b_v3,nvidia/parakeet-tdt-0.6b-v3,hf_asr_pipeline,cuda:1,float16,1,candidate,,,False,23.546728134155273,2,Science and Nature,2,2,285143,5807,0,,0,,1,,2,,3,,/kaggle/working/asr_audio/20260530_134123_asr_live/parakeet_tdt_0_6b_v3/comp_2/attempt_002/session_285143_q02_qid_5807/question.wav,/kaggle/working/asr_audio/20260530_134123_asr_live/parakeet_tdt_0_6b_v3/comp_2/attempt_002/session_285143_q02_qid_5807/option_A.wav,/kaggle/working/asr_audio/20260530_134123_asr_live/parakeet_tdt_0_6b_v3/comp_2/attempt_002/session_285143_q02_qid_5807/option_B.wav,/kaggle/working/asr_audio/20260530_134123_asr_live/parakeet_tdt_0_6b_v3/comp_2/attempt_002/session_285143_q02_qid_5807/option_C.wav,/kaggle/working/asr_audio/20260530_134123_asr_live/parakeet_tdt_0_6b_v3/comp_2/attempt_002/session_285143_q02_qid_5807/option_D.wav,384044,92204,138284,99884,422444,8.0,1.92,2.88,2.08,8.8,0.7767693996429443,0.18083572387695312,0.18271994590759277,0.17829537391662598,0.3201568126678467,29.443303,2,0.1608717441558838,False,False,True,100,The systems of the human body work together. Which system works with the skeletal system by pulling on the bones to create movement?,Option A Muscular,Option B digestive,Option C Nervous,Toption D circulatory.,1.165482759475708,0.17235541343688965,0.1683182716369629,0.164900541305542,1.149163007736206,2.8202199935913086,,,,,,,,,
20260530_134123_asr_live,2026-05-30 13:47:38,parakeet_tdt_0_6b_v3,nvidia/parakeet-tdt-0.6b-v3,hf_asr_pipeline,cuda:1,float16,selected,selected,1,best_mean_similarity_if_available_else_preferred_beam,False,23.546728134155273,2,Science and Nature,2,2,285143,5807,0,,0,,1,,2,,3,,/kaggle/working/asr_audio/20260530_134123_asr_live/parakeet_tdt_0_6b_v3/comp_2/attempt_002/session_285143_q02_qid_5807/question.wav,/kaggle/working/asr_audio/20260530_134123_asr_live/parakeet_tdt_0_6b_v3/comp_2/attempt_002/session_285143_q02_qid_5807/option_A.wav,/kaggle/working/asr_audio/20260530_134123_asr_live/parakeet_tdt_0_6b_v3/comp_2/attempt_002/session_285143_q02_qid_5807/option_B.wav,/kaggle/working/asr_audio/20260530_134123_asr_live/parakeet_tdt_0_6b_v3/comp_2/attempt_002/session_285143_q02_qid_5807/option_C.wav,/kaggle/working/asr_audio/20260530_134123_asr_live/parakeet_tdt_0_6b_v3/comp_2/attempt_002/session_285143_q02_qid_5807/option_D.wav,384044,92204,138284,99884,422444,8.0,1.92,2.88,2.08,8.8,0.7767693996429443,0.18083572387695312,0.18271994590759277,0.17829537391662598,0.3201568126678467,29.443303,2,0.1608717441558838,False,False,True,100,The systems of the human body work together. Which system works with the skeletal system by pulling on the bones to create movement?,Option A Muscular,Option B digestive,Option C Nervous,Toption D circulatory.,1.165482759475708,0.17235541343688965,0.1683182716369629,0.164900541305542,1.149163007736206,2.8202199935913086,,,,,,,,,
20260530_134123_asr_live,2026-05-30 13:47:44,parakeet_tdt_0_6b_v3,nvidia/parakeet-tdt-0.6b-v3,hf_asr_pipeline,cuda:1,float16,1,candidate,,,False,23.546728134155273,2,Science and Nature,3,1,285149,5743,0,,0,,1,,2,,3,,/kaggle/working/asr_audio/20260530_134123_asr_live/parakeet_tdt_0_6b_v3/comp_2/attempt_003/session_285149_q01_qid_5743/question.wav,/kaggle/working/asr_audio/20260530_134123_asr_live/parakeet_tdt_0_6b_v3/comp_2/attempt_003/session_285149_q01_qid_5743/option_A.wav,/kaggle/working/asr_audio/20260530_134123_asr_live/parakeet_tdt_0_6b_v3/comp_2/attempt_003/session_285149_q01_qid_5743/option_B.wav,/kaggle/working/asr_audio/20260530_134123_asr_live/parakeet_tdt_0_6b_v3/comp_2/attempt_003/session_285149_q01_qid_5743/option_C.wav,/kaggle/working/asr_audio/20260530_134123_asr_live/parakeet_tdt_0_6b_v3/comp_2/attempt_003/session_285149_q01_qid_5743/option_D.wav,261164,276524,157484,457004,176684,5.44,5.76,3.28,9.52,3.68,0.7743959426879883,0.1975417137145996,0.18362188339233398,0.20172524452209473,0.1871497631072998,29.574523,2,0.16094398498535156,False,False,True,0,Heh heh what is the function of hollow bones in birds?,Option A to make bones strong enough for flight.,Option B to reduce the weight of birds for flight.,Option C to store oxygen for high altitude flight.,Toption D to streamline birds for efficient flight.,0.20185256004333496,0.19920635223388672,0.18491792678833008,1.1624419689178467,0.19340157508850098,1.9418203830718994,,,,,,,,,
20260530_134123_asr_live,2026-05-30 13:47:46,parakeet_tdt_0_6b_v3,nvidia/parakeet-tdt-0.6b-v3,hf_asr_pipeline,cuda:1,float16,selected,selected,1,best_mean_similarity_if_available_else_preferred_beam,False,23.546728134155273,2,Science and Nature,3,1,285149,5743,0,,0,,1,,2,,3,,/kaggle/working/asr_audio/20260530_134123_asr_live/parakeet_tdt_0_6b_v3/comp_2/attempt_003/session_285149_q01_qid_5743/question.wav,/kaggle/working/asr_audio/20260530_134123_asr_live/parakeet_tdt_0_6b_v3/comp_2/attempt_003/session_285149_q01_qid_5743/option_A.wav,/kaggle/working/asr_audio/20260530_134123_asr_live/parakeet_tdt_0_6b_v3/comp_2/attempt_003/session_285149_q01_qid_5743/option_B.wav,/kaggle/working/asr_audio/20260530_134123_asr_live/parakeet_tdt_0_6b_v3/comp_2/attempt_003/session_285149_q01_qid_5743/option_C.wav,/kaggle/working/asr_audio/20260530_134123_asr_live/parakeet_tdt_0_6b_v3/comp_2/attempt_003/session_285149_q01_qid_5743/option_D.wav,261164,276524,157484,457004,176684,5.44,5.76,3.28,9.52,3.68,0.7743959426879883,0.1975417137145996,0.18362188339233398,0.20172524452209473,0.1871497631072998,29.574523,2,0.16094398498535156,False,False,True,0,Heh heh what is the function of hollow bones in birds?,Option A to make bones strong enough for flight.,Option B to reduce the weight of birds for flight.,Option C to store oxygen for high altitude flight.,Toption D to streamline birds for efficient flight.,0.20185256004333496,0.19920635223388672,0.18491792678833008,1.1624419689178467,0.19340157508850098,1.9418203830718994,,,,,,,,,
20260530_134123_asr_live,2026-05-30 13:47:50,parakeet_tdt_0_6b_v3,nvidia/parakeet-tdt-0.6b-v3,hf_asr_pipeline,cuda:1,float16,,error,,,False,23.546728134155273,2,Science and Nature,4,,,,,,,,,,,,,,,,,,,,,,,,,,,,,,,,,,,,,,,,,,,,,,,,,,,,,,,,,,,start_game,"MillionaireError(""Could not connect to server at http://131.175.15.22:51111: ('Connection aborted.', RemoteDisconnected('Remote end closed connection without response'))"")"
20260530_134123_asr_live,2026-05-30 13:47:57,parakeet_tdt_0_6b_v3,nvidia/parakeet-tdt-0.6b-v3,hf_asr_pipeline,cuda:1,float16,1,candidate,,,False,23.546728134155273,2,Science and Nature,5,1,285156,1301,0,,0,,1,,2,,3,,/kaggle/working/asr_audio/20260530_134123_asr_live/parakeet_tdt_0_6b_v3/comp_2/attempt_005/session_285156_q01_qid_1301/question.wav,/kaggle/working/asr_audio/20260530_134123_asr_live/parakeet_tdt_0_6b_v3/comp_2/attempt_005/session_285156_q01_qid_1301/option_A.wav,/kaggle/working/asr_audio/20260530_134123_asr_live/parakeet_tdt_0_6b_v3/comp_2/attempt_005/session_285156_q01_qid_1301/option_B.wav,/kaggle/working/asr_audio/20260530_134123_asr_live/parakeet_tdt_0_6b_v3/comp_2/attempt_005/session_285156_q01_qid_1301/option_C.wav,/kaggle/working/asr_audio/20260530_134123_asr_live/parakeet_tdt_0_6b_v3/comp_2/attempt_005/session_285156_q01_qid_1301/option_D.wav,195884,399404,341804,457004,192044,4.08,8.32,7.12,9.52,4.0,0.6288769245147705,0.33238887786865234,0.21669316291809082,0.20500445365905762,0.1906108856201172,59.918885,0,0.16826248168945312,True,False,False,100,"According to Carl Popper, what is the key flaw of positivism?",Option A: It's reliance on verificationism and the impossibility of verifying universal statements.,Option B its inability to distinguish between scientific and non-scientific theories.,Option C uh uh It's focus on social science over natural science.,Option D It's reliance on metaphysical speculation.,1.159583568572998,0.22381997108459473,1.1833672523498535,0.221207857131958,0.19401192665100098,2.9819905757904053,,,,,,,,,
20260530_134123_asr_live,2026-05-30 13:48:00,parakeet_tdt_0_6b_v3,nvidia/parakeet-tdt-0.6b-v3,hf_asr_pipeline,cuda:1,float16,selected,selected,1,best_mean_similarity_if_available_else_preferred_beam,False,23.546728134155273,2,Science and Nature,5,1,285156,1301,0,,0,,1,,2,,3,,/kaggle/working/asr_audio/20260530_134123_asr_live/parakeet_tdt_0_6b_v3/comp_2/attempt_005/session_285156_q01_qid_1301/question.wav,/kaggle/working/asr_audio/20260530_134123_asr_live/parakeet_tdt_0_6b_v3/comp_2/attempt_005/session_285156_q01_qid_1301/option_A.wav,/kaggle/working/asr_audio/20260530_134123_asr_live/parakeet_tdt_0_6b_v3/comp_2/attempt_005/session_285156_q01_qid_1301/option_B.wav,/kaggle/working/asr_audio/20260530_134123_asr_live/parakeet_tdt_0_6b_v3/comp_2/attempt_005/session_285156_q01_qid_1301/option_C.wav,/kaggle/working/asr_audio/20260530_134123_asr_live/parakeet_tdt_0_6b_v3/comp_2/attempt_005/session_285156_q01_qid_1301/option_D.wav,195884,399404,341804,457004,192044,4.08,8.32,7.12,9.52,4.0,0.6288769245147705,0.33238887786865234,0.21669316291809082,0.20500445365905762,0.1906108856201172,59.918885,0,0.16826248168945312,True,False,False,100,"According to Carl Popper, what is the key flaw of positivism?",Option A: It's reliance on verificationism and the impossibility of verifying universal statements.,Option B its inability to distinguish between scientific and non-scientific theories.,Option C uh uh It's focus on social science over natural science.,Option D It's reliance on metaphysical speculation.,1.159583568572998,0.22381997108459473,1.1833672523498535,0.221207857131958,0.19401192665100098,2.9819905757904053,,,,,,,,,
20260530_134123_asr_live,2026-05-30 13:48:02,parakeet_tdt_0_6b_v3,nvidia/parakeet-tdt-0.6b-v3,hf_asr_pipeline,cuda:1,float16,1,candidate,,,False,23.546728134155273,2,Science and Nature,5,2,285156,4654,0,,0,,1,,2,,3,,/kaggle/working/asr_audio/20260530_134123_asr_live/parakeet_tdt_0_6b_v3/comp_2/attempt_005/session_285156_q02_qid_4654/question.wav,/kaggle/working/asr_audio/20260530_134123_asr_live/parakeet_tdt_0_6b_v3/comp_2/attempt_005/session_285156_q02_qid_4654/option_A.wav,/kaggle/working/asr_audio/20260530_134123_asr_live/parakeet_tdt_0_6b_v3/comp_2/attempt_005/session_285156_q02_qid_4654/option_B.wav,/kaggle/working/asr_audio/20260530_134123_asr_live/parakeet_tdt_0_6b_v3/comp_2/attempt_005/session_285156_q02_qid_4654/option_C.wav,/kaggle/working/asr_audio/20260530_134123_asr_live/parakeet_tdt_0_6b_v3/comp_2/attempt_005/session_285156_q02_qid_4654/option_D.wav,430124,142124,253484,149804,180524,8.96,2.96,5.28,3.12,3.76,0.784142017364502,0.18467473983764648,0.19623923301696777,0.18555331230163574,0.18740296363830566,29.575842,3,0.16086411476135254,False,False,True,100,Which of these are parts of the geologic process that changes metamorphic rock into sedimentary rock?,Option A Faulting and Displacement,Option B errosion and deposition.,Option C Volcanic eruption and lava flow,Option D Enneus intrusion and solidification.,1.2158830165863037,0.1888720989227295,0.19280362129211426,0.18365716934204102,0.1899106502532959,1.9711265563964844,,,,,,,,,
20260530_134123_asr_live,2026-05-30 13:48:03,parakeet_tdt_0_6b_v3,nvidia/parakeet-tdt-0.6b-v3,hf_asr_pipeline,cuda:1,float16,selected,selected,1,best_mean_similarity_if_available_else_preferred_beam,False,23.546728134155273,2,Science and Nature,5,2,285156,4654,0,,0,,1,,2,,3,,/kaggle/working/asr_audio/20260530_134123_asr_live/parakeet_tdt_0_6b_v3/comp_2/attempt_005/session_285156_q02_qid_4654/question.wav,/kaggle/working/asr_audio/20260530_134123_asr_live/parakeet_tdt_0_6b_v3/comp_2/attempt_005/session_285156_q02_qid_4654/option_A.wav,/kaggle/working/asr_audio/20260530_134123_asr_live/parakeet_tdt_0_6b_v3/comp_2/attempt_005/session_285156_q02_qid_4654/option_B.wav,/kaggle/working/asr_audio/20260530_134123_asr_live/parakeet_tdt_0_6b_v3/comp_2/attempt_005/session_285156_q02_qid_4654/option_C.wav,/kaggle/working/asr_audio/20260530_134123_asr_live/parakeet_tdt_0_6b_v3/comp_2/attempt_005/session_285156_q02_qid_4654/option_D.wav,430124,142124,253484,149804,180524,8.96,2.96,5.28,3.12,3.76,0.784142017364502,0.18467473983764648,0.19623923301696777,0.18555331230163574,0.18740296363830566,29.575842,3,0.16086411476135254,False,False,True,100,Which of these are parts of the geologic process that changes metamorphic rock into sedimentary rock?,Option A Faulting and Displacement,Option B errosion and deposition.,Option C Volcanic eruption and lava flow,Option D Enneus intrusion and solidification.,1.2158830165863037,0.1888720989227295,0.19280362129211426,0.18365716934204102,0.1899106502532959,1.9711265563964844,,,,,,,,,
20260530_134123_asr_live,2026-05-30 13:48:08,parakeet_tdt_0_6b_v3,nvidia/parakeet-tdt-0.6b-v3,hf_asr_pipeline,cuda:1,float16,,error,,,False,23.546728134155273,3,Maths,1,,,,,,,,,,,,,,,,,,,,,,,,,,,,,,,,,,,,,,,,,,,,,,,,,,,,,,,,,,,start_game,"MillionaireError(""Could not connect to server at http://131.175.15.22:51111: ('Connection aborted.', RemoteDisconnected('Remote end closed connection without response'))"")"
20260530_134123_asr_live,2026-05-30 13:48:14,parakeet_tdt_0_6b_v3,nvidia/parakeet-tdt-0.6b-v3,hf_asr_pipeline,cuda:1,float16,1,candidate,,,False,23.546728134155273,3,Maths,2,1,285161,6838,0,,0,,1,,2,,3,,/kaggle/working/asr_audio/20260530_134123_asr_live/parakeet_tdt_0_6b_v3/comp_3/attempt_002/session_285161_q01_qid_6838/question.wav,/kaggle/working/asr_audio/20260530_134123_asr_live/parakeet_tdt_0_6b_v3/comp_3/attempt_002/session_285161_q01_qid_6838/option_A.wav,/kaggle/working/asr_audio/20260530_134123_asr_live/parakeet_tdt_0_6b_v3/comp_3/attempt_002/session_285161_q01_qid_6838/option_B.wav,/kaggle/working/asr_audio/20260530_134123_asr_live/parakeet_tdt_0_6b_v3/comp_3/attempt_002/session_285161_q01_qid_6838/option_C.wav,/kaggle/working/asr_audio/20260530_134123_asr_live/parakeet_tdt_0_6b_v3/comp_3/attempt_002/session_285161_q01_qid_6838/option_D.wav,457004,111404,138284,288044,84524,9.52,2.32,2.88,6.0,1.76,0.9208638668060303,0.18070006370544434,0.18669486045837402,0.1989881992340088,0.1765916347503662,29.586188,0,0.16099786758422852,False,False,True,0,A chi-squared test of independence is to be performed on a 3x4 contingency table. How many degrees of freedom does this test have?,Option A 1,Option B A Tss,Option C Six.,Option D 10,0.28243207931518555,0.19015169143676758,0.18845295906066895,0.1929171085357666,1.0947022438049316,1.9486560821533203,,,,,,,,,
20260530_134123_asr_live,2026-05-30 13:48:16,parakeet_tdt_0_6b_v3,nvidia/parakeet-tdt-0.6b-v3,hf_asr_pipeline,cuda:1,float16,selected,selected,1,best_mean_similarity_if_available_else_preferred_beam,False,23.546728134155273,3,Maths,2,1,285161,6838,0,,0,,1,,2,,3,,/kaggle/working/asr_audio/20260530_134123_asr_live/parakeet_tdt_0_6b_v3/comp_3/attempt_002/session_285161_q01_qid_6838/question.wav,/kaggle/working/asr_audio/20260530_134123_asr_live/parakeet_tdt_0_6b_v3/comp_3/attempt_002/session_285161_q01_qid_6838/option_A.wav,/kaggle/working/asr_audio/20260530_134123_asr_live/parakeet_tdt_0_6b_v3/comp_3/attempt_002/session_285161_q01_qid_6838/option_B.wav,/kaggle/working/asr_audio/20260530_134123_asr_live/parakeet_tdt_0_6b_v3/comp_3/attempt_002/session_285161_q01_qid_6838/option_C.wav,/kaggle/working/asr_audio/20260530_134123_asr_live/parakeet_tdt_0_6b_v3/comp_3/attempt_002/session_285161_q01_qid_6838/option_D.wav,457004,111404,138284,288044,84524,9.52,2.32,2.88,6.0,1.76,0.9208638668060303,0.18070006370544434,0.18669486045837402,0.1989881992340088,0.1765916347503662,29.586188,0,0.16099786758422852,False,False,True,0,A chi-squared test of independence is to be performed on a 3x4 contingency table. How many degrees of freedom does this test have?,Option A 1,Option B A Tss,Option C Six.,Option D 10,0.28243207931518555,0.19015169143676758,0.18845295906066895,0.1929171085357666,1.0947022438049316,1.9486560821533203,,,,,,,,,
20260530_134123_asr_live,2026-05-30 13:48:20,parakeet_tdt_0_6b_v3,nvidia/parakeet-tdt-0.6b-v3,hf_asr_pipeline,cuda:1,float16,,error,,,False,23.546728134155273,3,Maths,3,,,,,,,,,,,,,,,,,,,,,,,,,,,,,,,,,,,,,,,,,,,,,,,,,,,,,,,,,,,start_game,"MillionaireError(""Could not connect to server at http://131.175.15.22:51111: ('Connection aborted.', RemoteDisconnected('Remote end closed connection without response'))"")"
20260530_134123_asr_live,2026-05-30 13:48:26,parakeet_tdt_0_6b_v3,nvidia/parakeet-tdt-0.6b-v3,hf_asr_pipeline,cuda:1,float16,1,candidate,,,False,23.546728134155273,3,Maths,4,1,285163,6893,0,,0,,1,,2,,3,,/kaggle/working/asr_audio/20260530_134123_asr_live/parakeet_tdt_0_6b_v3/comp_3/attempt_004/session_285163_q01_qid_6893/question.wav,/kaggle/working/asr_audio/20260530_134123_asr_live/parakeet_tdt_0_6b_v3/comp_3/attempt_004/session_285163_q01_qid_6893/option_A.wav,/kaggle/working/asr_audio/20260530_134123_asr_live/parakeet_tdt_0_6b_v3/comp_3/attempt_004/session_285163_q01_qid_6893/option_B.wav,/kaggle/working/asr_audio/20260530_134123_asr_live/parakeet_tdt_0_6b_v3/comp_3/attempt_004/session_285163_q01_qid_6893/option_C.wav,/kaggle/working/asr_audio/20260530_134123_asr_live/parakeet_tdt_0_6b_v3/comp_3/attempt_004/session_285163_q01_qid_6893/option_D.wav,879404,99884,472364,80684,122924,18.32,2.08,9.84,1.68,2.56,0.940110445022583,0.17894983291625977,0.1930558681488037,0.17601680755615234,0.18091225624084473,59.920367,3,0.1654963493347168,True,False,False,100,What is the shortest distance from the origin to the circle defined by x two minus twenty four dollars by lepia d equals ten? Pier sibi four x blus soatrambly. This one a story pequels sixteen equals zero.,Option A twenty four,Option Bixteen.,Option C twelve.,Toption D ten. Uh,1.293355941772461,0.17329144477844238,0.21563959121704102,1.1515233516693115,0.1749286651611328,3.0087389945983887,,,,,,,,,
20260530_134123_asr_live,2026-05-30 13:48:29,parakeet_tdt_0_6b_v3,nvidia/parakeet-tdt-0.6b-v3,hf_asr_pipeline,cuda:1,float16,selected,selected,1,best_mean_similarity_if_available_else_preferred_beam,False,23.546728134155273,3,Maths,4,1,285163,6893,0,,0,,1,,2,,3,,/kaggle/working/asr_audio/20260530_134123_asr_live/parakeet_tdt_0_6b_v3/comp_3/attempt_004/session_285163_q01_qid_6893/question.wav,/kaggle/working/asr_audio/20260530_134123_asr_live/parakeet_tdt_0_6b_v3/comp_3/attempt_004/session_285163_q01_qid_6893/option_A.wav,/kaggle/working/asr_audio/20260530_134123_asr_live/parakeet_tdt_0_6b_v3/comp_3/attempt_004/session_285163_q01_qid_6893/option_B.wav,/kaggle/working/asr_audio/20260530_134123_asr_live/parakeet_tdt_0_6b_v3/comp_3/attempt_004/session_285163_q01_qid_6893/option_C.wav,/kaggle/working/asr_audio/20260530_134123_asr_live/parakeet_tdt_0_6b_v3/comp_3/attempt_004/session_285163_q01_qid_6893/option_D.wav,879404,99884,472364,80684,122924,18.32,2.08,9.84,1.68,2.56,0.940110445022583,0.17894983291625977,0.1930558681488037,0.17601680755615234,0.18091225624084473,59.920367,3,0.1654963493347168,True,False,False,100,What is the shortest distance from the origin to the circle defined by x two minus twenty four dollars by lepia d equals ten? Pier sibi four x blus soatrambly. This one a story pequels sixteen equals zero.,Option A twenty four,Option Bixteen.,Option C twelve.,Toption D ten. Uh,1.293355941772461,0.17329144477844238,0.21563959121704102,1.1515233516693115,0.1749286651611328,3.0087389945983887,,,,,,,,,
20260530_134123_asr_live,2026-05-30 13:48:31,parakeet_tdt_0_6b_v3,nvidia/parakeet-tdt-0.6b-v3,hf_asr_pipeline,cuda:1,float16,1,candidate,,,False,23.546728134155273,3,Maths,4,2,285163,6808,0,,0,,1,,2,,3,,/kaggle/working/asr_audio/20260530_134123_asr_live/parakeet_tdt_0_6b_v3/comp_3/attempt_004/session_285163_q02_qid_6808/question.wav,/kaggle/working/asr_audio/20260530_134123_asr_live/parakeet_tdt_0_6b_v3/comp_3/attempt_004/session_285163_q02_qid_6808/option_A.wav,/kaggle/working/asr_audio/20260530_134123_asr_live/parakeet_tdt_0_6b_v3/comp_3/attempt_004/session_285163_q02_qid_6808/option_B.wav,/kaggle/working/asr_audio/20260530_134123_asr_live/parakeet_tdt_0_6b_v3/comp_3/attempt_004/session_285163_q02_qid_6808/option_C.wav,/kaggle/working/asr_audio/20260530_134123_asr_live/parakeet_tdt_0_6b_v3/comp_3/attempt_004/session_285163_q02_qid_6808/option_D.wav,791084,115244,111404,142124,126764,16.48,2.4,2.32,2.96,2.64,0.9332053661346436,0.18602371215820312,0.18015432357788086,0.18313860893249512,0.18141841888427734,29.580709,0,0.1606159210205078,False,False,True,100,"Statement 1. In a finite dimensional vector space, every linearly independent set of vectors is contained in a basis. Statement 2. If b1 and b2 are bases for the same vector space, then W1 equals B2.",Option A True False True.,Option B True True,Option C False False,Toption D false true,1.3071069717407227,0.17772316932678223,0.17451691627502441,0.17511391639709473,0.18024134635925293,2.014702320098877,,,,,,,,,
20260530_134123_asr_live,2026-05-30 13:48:33,parakeet_tdt_0_6b_v3,nvidia/parakeet-tdt-0.6b-v3,hf_asr_pipeline,cuda:1,float16,selected,selected,1,best_mean_similarity_if_available_else_preferred_beam,False,23.546728134155273,3,Maths,4,2,285163,6808,0,,0,,1,,2,,3,,/kaggle/working/asr_audio/20260530_134123_asr_live/parakeet_tdt_0_6b_v3/comp_3/attempt_004/session_285163_q02_qid_6808/question.wav,/kaggle/working/asr_audio/20260530_134123_asr_live/parakeet_tdt_0_6b_v3/comp_3/attempt_004/session_285163_q02_qid_6808/option_A.wav,/kaggle/working/asr_audio/20260530_134123_asr_live/parakeet_tdt_0_6b_v3/comp_3/attempt_004/session_285163_q02_qid_6808/option_B.wav,/kaggle/working/asr_audio/20260530_134123_asr_live/parakeet_tdt_0_6b_v3/comp_3/attempt_004/session_285163_q02_qid_6808/option_C.wav,/kaggle/working/asr_audio/20260530_134123_asr_live/parakeet_tdt_0_6b_v3/comp_3/attempt_004/session_285163_q02_qid_6808/option_D.wav,791084,115244,111404,142124,126764,16.48,2.4,2.32,2.96,2.64,0.9332053661346436,0.18602371215820312,0.18015432357788086,0.18313860893249512,0.18141841888427734,29.580709,0,0.1606159210205078,False,False,True,100,"Statement 1. In a finite dimensional vector space, every linearly independent set of vectors is contained in a basis. Statement 2. If b1 and b2 are bases for the same vector space, then W1 equals B2.",Option A True False True.,Option B True True,Option C False False,Toption D false true,1.3071069717407227,0.17772316932678223,0.17451691627502441,0.17511391639709473,0.18024134635925293,2.014702320098877,,,,,,,,,
20260530_134123_asr_live,2026-05-30 13:48:40,parakeet_tdt_0_6b_v3,nvidia/parakeet-tdt-0.6b-v3,hf_asr_pipeline,cuda:1,float16,1,candidate,,,False,23.546728134155273,3,Maths,5,1,285167,6943,0,,0,,1,,2,,3,,/kaggle/working/asr_audio/20260530_134123_asr_live/parakeet_tdt_0_6b_v3/comp_3/attempt_005/session_285167_q01_qid_6943/question.wav,/kaggle/working/asr_audio/20260530_134123_asr_live/parakeet_tdt_0_6b_v3/comp_3/attempt_005/session_285167_q01_qid_6943/option_A.wav,/kaggle/working/asr_audio/20260530_134123_asr_live/parakeet_tdt_0_6b_v3/comp_3/attempt_005/session_285167_q01_qid_6943/option_B.wav,/kaggle/working/asr_audio/20260530_134123_asr_live/parakeet_tdt_0_6b_v3/comp_3/attempt_005/session_285167_q01_qid_6943/option_C.wav,/kaggle/working/asr_audio/20260530_134123_asr_live/parakeet_tdt_0_6b_v3/comp_3/attempt_005/session_285167_q01_qid_6943/option_D.wav,1363244,107564,153644,84524,103724,28.4,2.24,3.2,1.76,2.16,1.0896544456481934,0.18085217475891113,0.1848299503326416,0.17131471633911133,0.17867183685302734,59.920576,2,0.1667017936706543,True,False,False,100,"Suppose that for some AB Brock Doc plus A plus A plus plus B pots, we have A plus B so equals one. Source collision A plus A source broc collision by plus A plus by plus A plus A plus P plus the thir plus A plus A plus bat.",Option A. Ah 12,Option B 1012,Option C one.,Top SND Zero,1.3599774837493896,0.16876840591430664,0.17619109153747559,0.17000555992126465,0.17499589920043945,2.049938440322876,,,,,,,,,
20260530_134123_asr_live,2026-05-30 13:48:42,parakeet_tdt_0_6b_v3,nvidia/parakeet-tdt-0.6b-v3,hf_asr_pipeline,cuda:1,float16,selected,selected,1,best_mean_similarity_if_available_else_preferred_beam,False,23.546728134155273,3,Maths,5,1,285167,6943,0,,0,,1,,2,,3,,/kaggle/working/asr_audio/20260530_134123_asr_live/parakeet_tdt_0_6b_v3/comp_3/attempt_005/session_285167_q01_qid_6943/question.wav,/kaggle/working/asr_audio/20260530_134123_asr_live/parakeet_tdt_0_6b_v3/comp_3/attempt_005/session_285167_q01_qid_6943/option_A.wav,/kaggle/working/asr_audio/20260530_134123_asr_live/parakeet_tdt_0_6b_v3/comp_3/attempt_005/session_285167_q01_qid_6943/option_B.wav,/kaggle/working/asr_audio/20260530_134123_asr_live/parakeet_tdt_0_6b_v3/comp_3/attempt_005/session_285167_q01_qid_6943/option_C.wav,/kaggle/working/asr_audio/20260530_134123_asr_live/parakeet_tdt_0_6b_v3/comp_3/attempt_005/session_285167_q01_qid_6943/option_D.wav,1363244,107564,153644,84524,103724,28.4,2.24,3.2,1.76,2.16,1.0896544456481934,0.18085217475891113,0.1848299503326416,0.17131471633911133,0.17867183685302734,59.920576,2,0.1667017936706543,True,False,False,100,"Suppose that for some AB Brock Doc plus A plus A plus plus B pots, we have A plus B so equals one. Source collision A plus A source broc collision by plus A plus by plus A plus A plus P plus the thir plus A plus A plus bat.",Option A. Ah 12,Option B 1012,Option C one.,Top SND Zero,1.3599774837493896,0.16876840591430664,0.17619109153747559,0.17000555992126465,0.17499589920043945,2.049938440322876,,,,,,,,,
20260530_134123_asr_live,2026-05-30 13:48:44,parakeet_tdt_0_6b_v3,nvidia/parakeet-tdt-0.6b-v3,hf_asr_pipeline,cuda:1,float16,1,candidate,,,False,23.546728134155273,3,Maths,5,2,285167,6649,0,,0,,1,,2,,3,,/kaggle/working/asr_audio/20260530_134123_asr_live/parakeet_tdt_0_6b_v3/comp_3/attempt_005/session_285167_q02_qid_6649/question.wav,/kaggle/working/asr_audio/20260530_134123_asr_live/parakeet_tdt_0_6b_v3/comp_3/attempt_005/session_285167_q02_qid_6649/option_A.wav,/kaggle/working/asr_audio/20260530_134123_asr_live/parakeet_tdt_0_6b_v3/comp_3/attempt_005/session_285167_q02_qid_6649/option_B.wav,/kaggle/working/asr_audio/20260530_134123_asr_live/parakeet_tdt_0_6b_v3/comp_3/attempt_005/session_285167_q02_qid_6649/option_C.wav,/kaggle/working/asr_audio/20260530_134123_asr_live/parakeet_tdt_0_6b_v3/comp_3/attempt_005/session_285167_q02_qid_6649/option_D.wav,952364,353324,96044,867884,142124,19.84,7.36,2.0,18.08,2.96,0.9310762882232666,0.20374011993408203,0.17795586585998535,0.30420398712158203,0.18377900123596191,59.919718,2,0.16681313514709473,True,False,False,200,"Let's C be the circle with equation x squared plus twelve divide trop dollars y plus fifty seven blast minus y ten x. If a by being the ten x, the center of seat as R as its radius, what is the value of blast blast black bra?",Option A Haha God but diff mami finalude preferred to say pin my face,Hopsin B five.,Option C Mm Mine on God Buckamway I get Orkafuyu,Toption D 57.,1.2934160232543945,1.1314964294433594,0.17259001731872559,1.1920177936553955,0.17556047439575195,3.965080738067627,,,,,,,,,
20260530_134123_asr_live,2026-05-30 13:48:48,parakeet_tdt_0_6b_v3,nvidia/parakeet-tdt-0.6b-v3,hf_asr_pipeline,cuda:1,float16,selected,selected,1,best_mean_similarity_if_available_else_preferred_beam,False,23.546728134155273,3,Maths,5,2,285167,6649,0,,0,,1,,2,,3,,/kaggle/working/asr_audio/20260530_134123_asr_live/parakeet_tdt_0_6b_v3/comp_3/attempt_005/session_285167_q02_qid_6649/question.wav,/kaggle/working/asr_audio/20260530_134123_asr_live/parakeet_tdt_0_6b_v3/comp_3/attempt_005/session_285167_q02_qid_6649/option_A.wav,/kaggle/working/asr_audio/20260530_134123_asr_live/parakeet_tdt_0_6b_v3/comp_3/attempt_005/session_285167_q02_qid_6649/option_B.wav,/kaggle/working/asr_audio/20260530_134123_asr_live/parakeet_tdt_0_6b_v3/comp_3/attempt_005/session_285167_q02_qid_6649/option_C.wav,/kaggle/working/asr_audio/20260530_134123_asr_live/parakeet_tdt_0_6b_v3/comp_3/attempt_005/session_285167_q02_qid_6649/option_D.wav,952364,353324,96044,867884,142124,19.84,7.36,2.0,18.08,2.96,0.9310762882232666,0.20374011993408203,0.17795586585998535,0.30420398712158203,0.18377900123596191,59.919718,2,0.16681313514709473,True,False,False,200,"Let's C be the circle with equation x squared plus twelve divide trop dollars y plus fifty seven blast minus y ten x. If a by being the ten x, the center of seat as R as its radius, what is the value of blast blast black bra?",Option A Haha God but diff mami finalude preferred to say pin my face,Hopsin B five.,Option C Mm Mine on God Buckamway I get Orkafuyu,Toption D 57.,1.2934160232543945,1.1314964294433594,0.17259001731872559,1.1920177936553955,0.17556047439575195,3.965080738067627,,,,,,,,,
20260530_134123_asr_live,2026-05-30 13:48:50,parakeet_tdt_0_6b_v3,nvidia/parakeet-tdt-0.6b-v3,hf_asr_pipeline,cuda:1,float16,1,candidate,,,False,23.546728134155273,3,Maths,5,3,285167,6904,0,,0,,1,,2,,3,,/kaggle/working/asr_audio/20260530_134123_asr_live/parakeet_tdt_0_6b_v3/comp_3/attempt_005/session_285167_q03_qid_6904/question.wav,/kaggle/working/asr_audio/20260530_134123_asr_live/parakeet_tdt_0_6b_v3/comp_3/attempt_005/session_285167_q03_qid_6904/option_A.wav,/kaggle/working/asr_audio/20260530_134123_asr_live/parakeet_tdt_0_6b_v3/comp_3/attempt_005/session_285167_q03_qid_6904/option_B.wav,/kaggle/working/asr_audio/20260530_134123_asr_live/parakeet_tdt_0_6b_v3/comp_3/attempt_005/session_285167_q03_qid_6904/option_C.wav,/kaggle/working/asr_audio/20260530_134123_asr_live/parakeet_tdt_0_6b_v3/comp_3/attempt_005/session_285167_q03_qid_6904/option_D.wav,745004,103724,138284,76844,84524,15.52,2.16,2.88,1.6,1.76,0.9359862804412842,0.1799454689025879,0.1818385124206543,0.17146539688110352,0.17657232284545898,59.920391,1,0.1660306453704834,True,False,False,300,What is the least possible positive integer value of n dollars such that to square root of eighteen n dollars talk four percentman on my saccambadia barty? Boo will the ten then is,Option A thirty four.,Option B seventeen.,Option C two.,Toption D three.,1.227212905883789,0.16838717460632324,0.17162227630615234,1.1042661666870117,0.16458725929260254,2.836075782775879,,,,,,,,,
20260530_134123_asr_live,2026-05-30 13:48:53,parakeet_tdt_0_6b_v3,nvidia/parakeet-tdt-0.6b-v3,hf_asr_pipeline,cuda:1,float16,selected,selected,1,best_mean_similarity_if_available_else_preferred_beam,False,23.546728134155273,3,Maths,5,3,285167,6904,0,,0,,1,,2,,3,,/kaggle/working/asr_audio/20260530_134123_asr_live/parakeet_tdt_0_6b_v3/comp_3/attempt_005/session_285167_q03_qid_6904/question.wav,/kaggle/working/asr_audio/20260530_134123_asr_live/parakeet_tdt_0_6b_v3/comp_3/attempt_005/session_285167_q03_qid_6904/option_A.wav,/kaggle/working/asr_audio/20260530_134123_asr_live/parakeet_tdt_0_6b_v3/comp_3/attempt_005/session_285167_q03_qid_6904/option_B.wav,/kaggle/working/asr_audio/20260530_134123_asr_live/parakeet_tdt_0_6b_v3/comp_3/attempt_005/session_285167_q03_qid_6904/option_C.wav,/kaggle/working/asr_audio/20260530_134123_asr_live/parakeet_tdt_0_6b_v3/comp_3/attempt_005/session_285167_q03_qid_6904/option_D.wav,745004,103724,138284,76844,84524,15.52,2.16,2.88,1.6,1.76,0.9359862804412842,0.1799454689025879,0.1818385124206543,0.17146539688110352,0.17657232284545898,59.920391,1,0.1660306453704834,True,False,False,300,What is the least possible positive integer value of n dollars such that to square root of eighteen n dollars talk four percentman on my saccambadia barty? Boo will the ten then is,Option A thirty four.,Option B seventeen.,Option C two.,Toption D three.,1.227212905883789,0.16838717460632324,0.17162227630615234,1.1042661666870117,0.16458725929260254,2.836075782775879,,,,,,,,,
20260530_134123_asr_live,2026-05-30 13:48:55,parakeet_tdt_0_6b_v3,nvidia/parakeet-tdt-0.6b-v3,hf_asr_pipeline,cuda:1,float16,1,candidate,,,False,23.546728134155273,3,Maths,5,4,285167,6827,0,,0,,1,,2,,3,,/kaggle/working/asr_audio/20260530_134123_asr_live/parakeet_tdt_0_6b_v3/comp_3/attempt_005/session_285167_q04_qid_6827/question.wav,/kaggle/working/asr_audio/20260530_134123_asr_live/parakeet_tdt_0_6b_v3/comp_3/attempt_005/session_285167_q04_qid_6827/option_A.wav,/kaggle/working/asr_audio/20260530_134123_asr_live/parakeet_tdt_0_6b_v3/comp_3/attempt_005/session_285167_q04_qid_6827/option_B.wav,/kaggle/working/asr_audio/20260530_134123_asr_live/parakeet_tdt_0_6b_v3/comp_3/attempt_005/session_285167_q04_qid_6827/option_C.wav,/kaggle/working/asr_audio/20260530_134123_asr_live/parakeet_tdt_0_6b_v3/comp_3/attempt_005/session_285167_q04_qid_6827/option_D.wav,783404,96044,165164,188204,80684,16.32,2.0,3.44,3.92,1.68,0.9778029918670654,0.17914175987243652,0.18596673011779785,0.19061636924743652,0.17656397819519043,29.587047,0,0.1605699062347412,False,False,True,300,"If the parabola y is one equals x squared plus two dockers plus seven and the line O Y of two equals six is up oit bot y sinc sixth at only one point, what is the value of B? Cazado we're vied.",Option A. For,Option B seven?,Option C twelve.,Toption D three.,1.2408044338226318,0.17109203338623047,0.1747431755065918,0.1729130744934082,0.16202807426452637,1.9215807914733887,,,,,,,,,
20260530_134123_asr_live,2026-05-30 13:48:57,parakeet_tdt_0_6b_v3,nvidia/parakeet-tdt-0.6b-v3,hf_asr_pipeline,cuda:1,float16,selected,selected,1,best_mean_similarity_if_available_else_preferred_beam,False,23.546728134155273,3,Maths,5,4,285167,6827,0,,0,,1,,2,,3,,/kaggle/working/asr_audio/20260530_134123_asr_live/parakeet_tdt_0_6b_v3/comp_3/attempt_005/session_285167_q04_qid_6827/question.wav,/kaggle/working/asr_audio/20260530_134123_asr_live/parakeet_tdt_0_6b_v3/comp_3/attempt_005/session_285167_q04_qid_6827/option_A.wav,/kaggle/working/asr_audio/20260530_134123_asr_live/parakeet_tdt_0_6b_v3/comp_3/attempt_005/session_285167_q04_qid_6827/option_B.wav,/kaggle/working/asr_audio/20260530_134123_asr_live/parakeet_tdt_0_6b_v3/comp_3/attempt_005/session_285167_q04_qid_6827/option_C.wav,/kaggle/working/asr_audio/20260530_134123_asr_live/parakeet_tdt_0_6b_v3/comp_3/attempt_005/session_285167_q04_qid_6827/option_D.wav,783404,96044,165164,188204,80684,16.32,2.0,3.44,3.92,1.68,0.9778029918670654,0.17914175987243652,0.18596673011779785,0.19061636924743652,0.17656397819519043,29.587047,0,0.1605699062347412,False,False,True,300,"If the parabola y is one equals x squared plus two dockers plus seven and the line O Y of two equals six is up oit bot y sinc sixth at only one point, what is the value of B? Cazado we're vied.",Option A. For,Option B seven?,Option C twelve.,Toption D three.,1.2408044338226318,0.17109203338623047,0.1747431755065918,0.1729130744934082,0.16202807426452637,1.9215807914733887,,,,,,,,,
20260530_134123_asr_live,2026-05-30 13:49:01,parakeet_tdt_0_6b_v3,nvidia/parakeet-tdt-0.6b-v3,hf_asr_pipeline,cuda:1,float16,,error,,,False,23.546728134155273,4,Philosophy and Psychology,1,,,,,,,,,,,,,,,,,,,,,,,,,,,,,,,,,,,,,,,,,,,,,,,,,,,,,,,,,,,start_game,"MillionaireError(""Could not connect to server at http://131.175.15.22:51111: ('Connection aborted.', RemoteDisconnected('Remote end closed connection without response'))"")"
20260530_134123_asr_live,2026-05-30 13:49:07,parakeet_tdt_0_6b_v3,nvidia/parakeet-tdt-0.6b-v3,hf_asr_pipeline,cuda:1,float16,1,candidate,,,False,23.546728134155273,4,Philosophy and Psychology,2,1,285174,8711,0,,0,,1,,2,,3,,/kaggle/working/asr_audio/20260530_134123_asr_live/parakeet_tdt_0_6b_v3/comp_4/attempt_002/session_285174_q01_qid_8711/question.wav,/kaggle/working/asr_audio/20260530_134123_asr_live/parakeet_tdt_0_6b_v3/comp_4/attempt_002/session_285174_q01_qid_8711/option_A.wav,/kaggle/working/asr_audio/20260530_134123_asr_live/parakeet_tdt_0_6b_v3/comp_4/attempt_002/session_285174_q01_qid_8711/option_B.wav,/kaggle/working/asr_audio/20260530_134123_asr_live/parakeet_tdt_0_6b_v3/comp_4/attempt_002/session_285174_q01_qid_8711/option_C.wav,/kaggle/working/asr_audio/20260530_134123_asr_live/parakeet_tdt_0_6b_v3/comp_4/attempt_002/session_285174_q01_qid_8711/option_D.wav,453164,138284,111404,161324,130604,9.44,2.88,2.32,3.36,2.72,0.9234926700592041,0.18561410903930664,0.18227601051330566,0.18504571914672852,0.18146061897277832,29.58199,0,0.16033196449279785,False,False,True,0,Which term describes a person who favors a return to a previous state of society believed to have positive characteristics absent from contemporary society?,Option A. Radical,Option B Conservative,Option C Progressive,Top Shin D reactionary,1.1857848167419434,0.17749595642089844,0.16888904571533203,0.17163515090942383,0.17677736282348633,1.880582332611084,,,,,,,,,
20260530_134123_asr_live,2026-05-30 13:49:09,parakeet_tdt_0_6b_v3,nvidia/parakeet-tdt-0.6b-v3,hf_asr_pipeline,cuda:1,float16,selected,selected,1,best_mean_similarity_if_available_else_preferred_beam,False,23.546728134155273,4,Philosophy and Psychology,2,1,285174,8711,0,,0,,1,,2,,3,,/kaggle/working/asr_audio/20260530_134123_asr_live/parakeet_tdt_0_6b_v3/comp_4/attempt_002/session_285174_q01_qid_8711/question.wav,/kaggle/working/asr_audio/20260530_134123_asr_live/parakeet_tdt_0_6b_v3/comp_4/attempt_002/session_285174_q01_qid_8711/option_A.wav,/kaggle/working/asr_audio/20260530_134123_asr_live/parakeet_tdt_0_6b_v3/comp_4/attempt_002/session_285174_q01_qid_8711/option_B.wav,/kaggle/working/asr_audio/20260530_134123_asr_live/parakeet_tdt_0_6b_v3/comp_4/attempt_002/session_285174_q01_qid_8711/option_C.wav,/kaggle/working/asr_audio/20260530_134123_asr_live/parakeet_tdt_0_6b_v3/comp_4/attempt_002/session_285174_q01_qid_8711/option_D.wav,453164,138284,111404,161324,130604,9.44,2.88,2.32,3.36,2.72,0.9234926700592041,0.18561410903930664,0.18227601051330566,0.18504571914672852,0.18146061897277832,29.58199,0,0.16033196449279785,False,False,True,0,Which term describes a person who favors a return to a previous state of society believed to have positive characteristics absent from contemporary society?,Option A. Radical,Option B Conservative,Option C Progressive,Top Shin D reactionary,1.1857848167419434,0.17749595642089844,0.16888904571533203,0.17163515090942383,0.17677736282348633,1.880582332611084,,,,,,,,,
20260530_134123_asr_live,2026-05-30 13:49:13,parakeet_tdt_0_6b_v3,nvidia/parakeet-tdt-0.6b-v3,hf_asr_pipeline,cuda:1,float16,,error,,,False,23.546728134155273,4,Philosophy and Psychology,3,,,,,,,,,,,,,,,,,,,,,,,,,,,,,,,,,,,,,,,,,,,,,,,,,,,,,,,,,,,start_game,"MillionaireError(""Could not connect to server at http://131.175.15.22:51111: ('Connection aborted.', RemoteDisconnected('Remote end closed connection without response'))"")"
20260530_134123_asr_live,2026-05-30 13:49:19,parakeet_tdt_0_6b_v3,nvidia/parakeet-tdt-0.6b-v3,hf_asr_pipeline,cuda:1,float16,1,candidate,,,False,23.546728134155273,4,Philosophy and Psychology,4,1,285176,9065,0,,0,,1,,2,,3,,/kaggle/working/asr_audio/20260530_134123_asr_live/parakeet_tdt_0_6b_v3/comp_4/attempt_004/session_285176_q01_qid_9065/question.wav,/kaggle/working/asr_audio/20260530_134123_asr_live/parakeet_tdt_0_6b_v3/comp_4/attempt_004/session_285176_q01_qid_9065/option_A.wav,/kaggle/working/asr_audio/20260530_134123_asr_live/parakeet_tdt_0_6b_v3/comp_4/attempt_004/session_285176_q01_qid_9065/option_B.wav,/kaggle/working/asr_audio/20260530_134123_asr_live/parakeet_tdt_0_6b_v3/comp_4/attempt_004/session_285176_q01_qid_9065/option_C.wav,/kaggle/working/asr_audio/20260530_134123_asr_live/parakeet_tdt_0_6b_v3/comp_4/attempt_004/session_285176_q01_qid_9065/option_D.wav,272684,334124,207404,199724,215084,5.68,6.96,4.32,4.16,4.48,0.7759549617767334,0.5130031108856201,0.19753742218017578,0.1914231777191162,0.1929149627685547,29.571738,1,0.16078639030456543,False,False,True,0,Which of the following best describes the fundamental principle of fiscal conservatism?,Option A Promoting government intervention in the economy to ensure fair distribution of wealth.,Option B increasing government spending to stimulate the economy.,Option C Supporting higher taxes to fund social programs.,Option D Advocating for tax cuts and reduced government spending.,1.1560826301574707,0.21750164031982422,0.19761943817138672,0.1857600212097168,0.19844698905944824,1.9554107189178467,,,,,,,,,
20260530_134123_asr_live,2026-05-30 13:49:21,parakeet_tdt_0_6b_v3,nvidia/parakeet-tdt-0.6b-v3,hf_asr_pipeline,cuda:1,float16,selected,selected,1,best_mean_similarity_if_available_else_preferred_beam,False,23.546728134155273,4,Philosophy and Psychology,4,1,285176,9065,0,,0,,1,,2,,3,,/kaggle/working/asr_audio/20260530_134123_asr_live/parakeet_tdt_0_6b_v3/comp_4/attempt_004/session_285176_q01_qid_9065/question.wav,/kaggle/working/asr_audio/20260530_134123_asr_live/parakeet_tdt_0_6b_v3/comp_4/attempt_004/session_285176_q01_qid_9065/option_A.wav,/kaggle/working/asr_audio/20260530_134123_asr_live/parakeet_tdt_0_6b_v3/comp_4/attempt_004/session_285176_q01_qid_9065/option_B.wav,/kaggle/working/asr_audio/20260530_134123_asr_live/parakeet_tdt_0_6b_v3/comp_4/attempt_004/session_285176_q01_qid_9065/option_C.wav,/kaggle/working/asr_audio/20260530_134123_asr_live/parakeet_tdt_0_6b_v3/comp_4/attempt_004/session_285176_q01_qid_9065/option_D.wav,272684,334124,207404,199724,215084,5.68,6.96,4.32,4.16,4.48,0.7759549617767334,0.5130031108856201,0.19753742218017578,0.1914231777191162,0.1929149627685547,29.571738,1,0.16078639030456543,False,False,True,0,Which of the following best describes the fundamental principle of fiscal conservatism?,Option A Promoting government intervention in the economy to ensure fair distribution of wealth.,Option B increasing government spending to stimulate the economy.,Option C Supporting higher taxes to fund social programs.,Option D Advocating for tax cuts and reduced government spending.,1.1560826301574707,0.21750164031982422,0.19761943817138672,0.1857600212097168,0.19844698905944824,1.9554107189178467,,,,,,,,,
20260530_134123_asr_live,2026-05-30 13:49:25,parakeet_tdt_0_6b_v3,nvidia/parakeet-tdt-0.6b-v3,hf_asr_pipeline,cuda:1,float16,,error,,,False,23.546728134155273,4,Philosophy and Psychology,5,,,,,,,,,,,,,,,,,,,,,,,,,,,,,,,,,,,,,,,,,,,,,,,,,,,,,,,,,,,start_game,"MillionaireError(""Could not connect to server at http://131.175.15.22:51111: ('Connection aborted.', RemoteDisconnected('Remote end closed connection without response'))"")"
20260530_134123_asr_live,2026-05-30 13:49:32,parakeet_tdt_0_6b_v3,nvidia/parakeet-tdt-0.6b-v3,hf_asr_pipeline,cuda:1,float16,1,candidate,,,False,23.546728134155273,5,News,1,1,285179,12137,0,,0,,1,,2,,3,,/kaggle/working/asr_audio/20260530_134123_asr_live/parakeet_tdt_0_6b_v3/comp_5/attempt_001/session_285179_q01_qid_12137/question.wav,/kaggle/working/asr_audio/20260530_134123_asr_live/parakeet_tdt_0_6b_v3/comp_5/attempt_001/session_285179_q01_qid_12137/option_A.wav,/kaggle/working/asr_audio/20260530_134123_asr_live/parakeet_tdt_0_6b_v3/comp_5/attempt_001/session_285179_q01_qid_12137/option_B.wav,/kaggle/working/asr_audio/20260530_134123_asr_live/parakeet_tdt_0_6b_v3/comp_5/attempt_001/session_285179_q01_qid_12137/option_C.wav,/kaggle/working/asr_audio/20260530_134123_asr_live/parakeet_tdt_0_6b_v3/comp_5/attempt_001/session_285179_q01_qid_12137/option_D.wav,495404,115244,138284,126764,122924,10.32,2.4,2.88,2.64,2.56,0.9268488883972168,0.18187713623046875,0.18502569198608398,0.18242430686950684,0.18102693557739258,29.582341,2,0.1608138084411621,False,False,True,0,"According to the news article published on twenty twenty six O five O five, which company operates the cruise ship Hondius where the Hanovice outbreak occurred?",Option A Beo Cruises.,Option B Oceanwide Expeditions,Option C Norwegian cruise line.,Tops and D Carnival Corporation.,1.2859339714050293,0.1723170280456543,0.17874813079833984,0.17420101165771484,0.17268037796020508,1.9838805198669434,,,,,,,,,
20260530_134123_asr_live,2026-05-30 13:49:34,parakeet_tdt_0_6b_v3,nvidia/parakeet-tdt-0.6b-v3,hf_asr_pipeline,cuda:1,float16,selected,selected,1,best_mean_similarity_if_available_else_preferred_beam,False,23.546728134155273,5,News,1,1,285179,12137,0,,0,,1,,2,,3,,/kaggle/working/asr_audio/20260530_134123_asr_live/parakeet_tdt_0_6b_v3/comp_5/attempt_001/session_285179_q01_qid_12137/question.wav,/kaggle/working/asr_audio/20260530_134123_asr_live/parakeet_tdt_0_6b_v3/comp_5/attempt_001/session_285179_q01_qid_12137/option_A.wav,/kaggle/working/asr_audio/20260530_134123_asr_live/parakeet_tdt_0_6b_v3/comp_5/attempt_001/session_285179_q01_qid_12137/option_B.wav,/kaggle/working/asr_audio/20260530_134123_asr_live/parakeet_tdt_0_6b_v3/comp_5/attempt_001/session_285179_q01_qid_12137/option_C.wav,/kaggle/working/asr_audio/20260530_134123_asr_live/parakeet_tdt_0_6b_v3/comp_5/attempt_001/session_285179_q01_qid_12137/option_D.wav,495404,115244,138284,126764,122924,10.32,2.4,2.88,2.64,2.56,0.9268488883972168,0.18187713623046875,0.18502569198608398,0.18242430686950684,0.18102693557739258,29.582341,2,0.1608138084411621,False,False,True,0,"According to the news article published on twenty twenty six O five O five, which company operates the cruise ship Hondius where the Hanovice outbreak occurred?",Option A Beo Cruises.,Option B Oceanwide Expeditions,Option C Norwegian cruise line.,Tops and D Carnival Corporation.,1.2859339714050293,0.1723170280456543,0.17874813079833984,0.17420101165771484,0.17268037796020508,1.9838805198669434,,,,,,,,,
20260530_134123_asr_live,2026-05-30 13:49:38,parakeet_tdt_0_6b_v3,nvidia/parakeet-tdt-0.6b-v3,hf_asr_pipeline,cuda:1,float16,,error,,,False,23.546728134155273,5,News,2,,,,,,,,,,,,,,,,,,,,,,,,,,,,,,,,,,,,,,,,,,,,,,,,,,,,,,,,,,,start_game,"MillionaireError(""Could not connect to server at http://131.175.15.22:51111: ('Connection aborted.', RemoteDisconnected('Remote end closed connection without response'))"")"
20260530_134123_asr_live,2026-05-30 13:49:44,parakeet_tdt_0_6b_v3,nvidia/parakeet-tdt-0.6b-v3,hf_asr_pipeline,cuda:1,float16,1,candidate,,,False,23.546728134155273,5,News,3,1,285186,11945,0,,0,,1,,2,,3,,/kaggle/working/asr_audio/20260530_134123_asr_live/parakeet_tdt_0_6b_v3/comp_5/attempt_003/session_285186_q01_qid_11945/question.wav,/kaggle/working/asr_audio/20260530_134123_asr_live/parakeet_tdt_0_6b_v3/comp_5/attempt_003/session_285186_q01_qid_11945/option_A.wav,/kaggle/working/asr_audio/20260530_134123_asr_live/parakeet_tdt_0_6b_v3/comp_5/attempt_003/session_285186_q01_qid_11945/option_B.wav,/kaggle/working/asr_audio/20260530_134123_asr_live/parakeet_tdt_0_6b_v3/comp_5/attempt_003/session_285186_q01_qid_11945/option_C.wav,/kaggle/working/asr_audio/20260530_134123_asr_live/parakeet_tdt_0_6b_v3/comp_5/attempt_003/session_285186_q01_qid_11945/option_D.wav,457004,107564,122924,115244,122924,9.52,2.24,2.56,2.4,2.56,0.9265017509460449,0.1797938346862793,0.18296027183532715,0.18137478828430176,0.18186330795288086,29.580034,0,0.1619877815246582,False,False,True,0,"According to the article published on 2026 Ofidweth 12, which beauty pageant did Busras Sayed participate in? Wearing a hijab?",Option A Miss Europe,Option B Miss Universe.,Option C Miss Germany.,Option D. Miss World,0.26616549491882324,0.17348146438598633,0.19661998748779297,0.1768503189086914,0.18888139724731445,1.0019986629486084,,,,,,,,,
20260530_134123_asr_live,2026-05-30 13:49:45,parakeet_tdt_0_6b_v3,nvidia/parakeet-tdt-0.6b-v3,hf_asr_pipeline,cuda:1,float16,selected,selected,1,best_mean_similarity_if_available_else_preferred_beam,False,23.546728134155273,5,News,3,1,285186,11945,0,,0,,1,,2,,3,,/kaggle/working/asr_audio/20260530_134123_asr_live/parakeet_tdt_0_6b_v3/comp_5/attempt_003/session_285186_q01_qid_11945/question.wav,/kaggle/working/asr_audio/20260530_134123_asr_live/parakeet_tdt_0_6b_v3/comp_5/attempt_003/session_285186_q01_qid_11945/option_A.wav,/kaggle/working/asr_audio/20260530_134123_asr_live/parakeet_tdt_0_6b_v3/comp_5/attempt_003/session_285186_q01_qid_11945/option_B.wav,/kaggle/working/asr_audio/20260530_134123_asr_live/parakeet_tdt_0_6b_v3/comp_5/attempt_003/session_285186_q01_qid_11945/option_C.wav,/kaggle/working/asr_audio/20260530_134123_asr_live/parakeet_tdt_0_6b_v3/comp_5/attempt_003/session_285186_q01_qid_11945/option_D.wav,457004,107564,122924,115244,122924,9.52,2.24,2.56,2.4,2.56,0.9265017509460449,0.1797938346862793,0.18296027183532715,0.18137478828430176,0.18186330795288086,29.580034,0,0.1619877815246582,False,False,True,0,"According to the article published on 2026 Ofidweth 12, which beauty pageant did Busras Sayed participate in? Wearing a hijab?",Option A Miss Europe,Option B Miss Universe.,Option C Miss Germany.,Option D. Miss World,0.26616549491882324,0.17348146438598633,0.19661998748779297,0.1768503189086914,0.18888139724731445,1.0019986629486084,,,,,,,,,
20260530_134123_asr_live,2026-05-30 13:49:51,parakeet_tdt_0_6b_v3,nvidia/parakeet-tdt-0.6b-v3,hf_asr_pipeline,cuda:1,float16,1,candidate,,,False,23.546728134155273,5,News,4,1,285189,11896,0,,0,,1,,2,,3,,/kaggle/working/asr_audio/20260530_134123_asr_live/parakeet_tdt_0_6b_v3/comp_5/attempt_004/session_285189_q01_qid_11896/question.wav,/kaggle/working/asr_audio/20260530_134123_asr_live/parakeet_tdt_0_6b_v3/comp_5/attempt_004/session_285189_q01_qid_11896/option_A.wav,/kaggle/working/asr_audio/20260530_134123_asr_live/parakeet_tdt_0_6b_v3/comp_5/attempt_004/session_285189_q01_qid_11896/option_B.wav,/kaggle/working/asr_audio/20260530_134123_asr_live/parakeet_tdt_0_6b_v3/comp_5/attempt_004/session_285189_q01_qid_11896/option_C.wav,/kaggle/working/asr_audio/20260530_134123_asr_live/parakeet_tdt_0_6b_v3/comp_5/attempt_004/session_285189_q01_qid_11896/option_D.wav,422444,142124,906284,76844,88364,8.8,2.96,18.88,1.6,1.84,0.7866041660308838,0.185164213180542,0.34879446029663086,0.17622661590576172,0.17715954780578613,59.920668,1,0.16604161262512207,True,False,False,100,"As reported on two thousand and twenty six O five thirteen, which indie band had their success partially attributed to social media manipulation?",Option A The Beatles,"Option Botnine It's no except it today though. The Cordy Keys Uh much standin' like party codes numma Code Cosa plead, Woodwid? What you case today Wow",Option CISS.,Toption D rouna.,0.24289250373840332,0.16975975036621094,1.2950525283813477,0.16477346420288086,1.1265780925750732,2.999056339263916,,,,,,,,,
20260530_134123_asr_live,2026-05-30 13:49:54,parakeet_tdt_0_6b_v3,nvidia/parakeet-tdt-0.6b-v3,hf_asr_pipeline,cuda:1,float16,selected,selected,1,best_mean_similarity_if_available_else_preferred_beam,False,23.546728134155273,5,News,4,1,285189,11896,0,,0,,1,,2,,3,,/kaggle/working/asr_audio/20260530_134123_asr_live/parakeet_tdt_0_6b_v3/comp_5/attempt_004/session_285189_q01_qid_11896/question.wav,/kaggle/working/asr_audio/20260530_134123_asr_live/parakeet_tdt_0_6b_v3/comp_5/attempt_004/session_285189_q01_qid_11896/option_A.wav,/kaggle/working/asr_audio/20260530_134123_asr_live/parakeet_tdt_0_6b_v3/comp_5/attempt_004/session_285189_q01_qid_11896/option_B.wav,/kaggle/working/asr_audio/20260530_134123_asr_live/parakeet_tdt_0_6b_v3/comp_5/attempt_004/session_285189_q01_qid_11896/option_C.wav,/kaggle/working/asr_audio/20260530_134123_asr_live/parakeet_tdt_0_6b_v3/comp_5/attempt_004/session_285189_q01_qid_11896/option_D.wav,422444,142124,906284,76844,88364,8.8,2.96,18.88,1.6,1.84,0.7866041660308838,0.185164213180542,0.34879446029663086,0.17622661590576172,0.17715954780578613,59.920668,1,0.16604161262512207,True,False,False,100,"As reported on two thousand and twenty six O five thirteen, which indie band had their success partially attributed to social media manipulation?",Option A The Beatles,"Option Botnine It's no except it today though. The Cordy Keys Uh much standin' like party codes numma Code Cosa plead, Woodwid? What you case today Wow",Option CISS.,Toption D rouna.,0.24289250373840332,0.16975975036621094,1.2950525283813477,0.16477346420288086,1.1265780925750732,2.999056339263916,,,,,,,,,
20260530_134123_asr_live,2026-05-30 13:49:56,parakeet_tdt_0_6b_v3,nvidia/parakeet-tdt-0.6b-v3,hf_asr_pipeline,cuda:1,float16,1,candidate,,,False,23.546728134155273,5,News,4,2,285189,11403,0,,0,,1,,2,,3,,/kaggle/working/asr_audio/20260530_134123_asr_live/parakeet_tdt_0_6b_v3/comp_5/attempt_004/session_285189_q02_qid_11403/question.wav,/kaggle/working/asr_audio/20260530_134123_asr_live/parakeet_tdt_0_6b_v3/comp_5/attempt_004/session_285189_q02_qid_11403/option_A.wav,/kaggle/working/asr_audio/20260530_134123_asr_live/parakeet_tdt_0_6b_v3/comp_5/attempt_004/session_285189_q02_qid_11403/option_B.wav,/kaggle/working/asr_audio/20260530_134123_asr_live/parakeet_tdt_0_6b_v3/comp_5/attempt_004/session_285189_q02_qid_11403/option_C.wav,/kaggle/working/asr_audio/20260530_134123_asr_live/parakeet_tdt_0_6b_v3/comp_5/attempt_004/session_285189_q02_qid_11403/option_D.wav,518444,119084,96044,88364,172844,10.8,2.48,2.0,1.84,3.6,0.925227165222168,0.18169021606445312,0.17691588401794434,0.17517733573913574,0.1935124397277832,29.569181,0,0.16130638122558594,False,False,True,100,"What was the name of the piece Jason Gilham performed and dedicated to Palestinian journalists, as mentioned in the article published on 2026, 0518?",Option A Autumn and Warsaw.,Option B witness.,Option C Gaza Suite.,Toption D Israeli Chronicle,1.2320313453674316,0.17860102653503418,0.16257166862487793,0.1648862361907959,0.1820368766784668,1.9201271533966064,,,,,,,,,
20260530_134123_asr_live,2026-05-30 13:49:58,parakeet_tdt_0_6b_v3,nvidia/parakeet-tdt-0.6b-v3,hf_asr_pipeline,cuda:1,float16,selected,selected,1,best_mean_similarity_if_available_else_preferred_beam,False,23.546728134155273,5,News,4,2,285189,11403,0,,0,,1,,2,,3,,/kaggle/working/asr_audio/20260530_134123_asr_live/parakeet_tdt_0_6b_v3/comp_5/attempt_004/session_285189_q02_qid_11403/question.wav,/kaggle/working/asr_audio/20260530_134123_asr_live/parakeet_tdt_0_6b_v3/comp_5/attempt_004/session_285189_q02_qid_11403/option_A.wav,/kaggle/working/asr_audio/20260530_134123_asr_live/parakeet_tdt_0_6b_v3/comp_5/attempt_004/session_285189_q02_qid_11403/option_B.wav,/kaggle/working/asr_audio/20260530_134123_asr_live/parakeet_tdt_0_6b_v3/comp_5/attempt_004/session_285189_q02_qid_11403/option_C.wav,/kaggle/working/asr_audio/20260530_134123_asr_live/parakeet_tdt_0_6b_v3/comp_5/attempt_004/session_285189_q02_qid_11403/option_D.wav,518444,119084,96044,88364,172844,10.8,2.48,2.0,1.84,3.6,0.925227165222168,0.18169021606445312,0.17691588401794434,0.17517733573913574,0.1935124397277832,29.569181,0,0.16130638122558594,False,False,True,100,"What was the name of the piece Jason Gilham performed and dedicated to Palestinian journalists, as mentioned in the article published on 2026, 0518?",Option A Autumn and Warsaw.,Option B witness.,Option C Gaza Suite.,Toption D Israeli Chronicle,1.2320313453674316,0.17860102653503418,0.16257166862487793,0.1648862361907959,0.1820368766784668,1.9201271533966064,,,,,,,,,
20260530_134123_asr_live,2026-05-30 13:50:02,parakeet_tdt_0_6b_v3,nvidia/parakeet-tdt-0.6b-v3,hf_asr_pipeline,cuda:1,float16,,error,,,False,23.546728134155273,5,News,5,,,,,,,,,,,,,,,,,,,,,,,,,,,,,,,,,,,,,,,,,,,,,,,,,,,,,,,,,,,start_game,"MillionaireError(""Could not connect to server at http://131.175.15.22:51111: ('Connection aborted.', RemoteDisconnected('Remote end closed connection without response'))"")"
20260530_135247_asr_live,2026-05-30 13:54:04,parakeet_tdt_0_6b_v3,nvidia/parakeet-tdt-0.6b-v3,hf_asr_pipeline,cuda:1,float16,1,candidate,,,False,23.92607021331787,0,Entertainment,1,1,285293,60,0,,0,,1,,2,,3,,/kaggle/working/asr_audio/20260530_135247_asr_live/parakeet_tdt_0_6b_v3/comp_0/attempt_001/session_285293_q01_qid_60/question.wav,/kaggle/working/asr_audio/20260530_135247_asr_live/parakeet_tdt_0_6b_v3/comp_0/attempt_001/session_285293_q01_qid_60/option_A.wav,/kaggle/working/asr_audio/20260530_135247_asr_live/parakeet_tdt_0_6b_v3/comp_0/attempt_001/session_285293_q01_qid_60/option_B.wav,/kaggle/working/asr_audio/20260530_135247_asr_live/parakeet_tdt_0_6b_v3/comp_0/attempt_001/session_285293_q01_qid_60/option_C.wav,/kaggle/working/asr_audio/20260530_135247_asr_live/parakeet_tdt_0_6b_v3/comp_0/attempt_001/session_285293_q01_qid_60/option_D.wav,218924,130604,157484,103724,119084,4.56,2.72,3.28,2.16,2.48,1.2707278728485107,0.8203754425048828,0.8232641220092773,1.1037211418151855,0.8237946033477783,27.938047,0,0.6612467765808105,False,False,True,0,What was the name of the band Louis Armstrong played with that toured on the Mississippi River?,Option A The Creole Jazz Band,Option B the Dixie Jazz Band Haha,Option C it already's been.,Top Shin D Fate Meribles Band.,0.21669435501098633,0.17992520332336426,0.18012285232543945,0.17270350456237793,0.1815657615661621,0.9310116767883301,,,,,,,,,
20260530_135247_asr_live,2026-05-30 13:54:04,parakeet_tdt_0_6b_v3,nvidia/parakeet-tdt-0.6b-v3,hf_asr_pipeline,cuda:1,float16,selected,selected,1,best_mean_similarity_if_available_else_preferred_beam,False,23.92607021331787,0,Entertainment,1,1,285293,60,0,,0,,1,,2,,3,,/kaggle/working/asr_audio/20260530_135247_asr_live/parakeet_tdt_0_6b_v3/comp_0/attempt_001/session_285293_q01_qid_60/question.wav,/kaggle/working/asr_audio/20260530_135247_asr_live/parakeet_tdt_0_6b_v3/comp_0/attempt_001/session_285293_q01_qid_60/option_A.wav,/kaggle/working/asr_audio/20260530_135247_asr_live/parakeet_tdt_0_6b_v3/comp_0/attempt_001/session_285293_q01_qid_60/option_B.wav,/kaggle/working/asr_audio/20260530_135247_asr_live/parakeet_tdt_0_6b_v3/comp_0/attempt_001/session_285293_q01_qid_60/option_C.wav,/kaggle/working/asr_audio/20260530_135247_asr_live/parakeet_tdt_0_6b_v3/comp_0/attempt_001/session_285293_q01_qid_60/option_D.wav,218924,130604,157484,103724,119084,4.56,2.72,3.28,2.16,2.48,1.2707278728485107,0.8203754425048828,0.8232641220092773,1.1037211418151855,0.8237946033477783,27.938047,0,0.6612467765808105,False,False,True,0,What was the name of the band Louis Armstrong played with that toured on the Mississippi River?,Option A The Creole Jazz Band,Option B the Dixie Jazz Band Haha,Option C it already's been.,Top Shin D Fate Meribles Band.,0.21669435501098633,0.17992520332336426,0.18012285232543945,0.17270350456237793,0.1815657615661621,0.9310116767883301,,,,,,,,,
20260530_135247_asr_live,2026-05-30 13:54:11,parakeet_tdt_0_6b_v3,nvidia/parakeet-tdt-0.6b-v3,hf_asr_pipeline,cuda:1,float16,1,candidate,,,False,23.92607021331787,0,Entertainment,2,1,285299,108,0,,0,,1,,2,,3,,/kaggle/working/asr_audio/20260530_135247_asr_live/parakeet_tdt_0_6b_v3/comp_0/attempt_002/session_285299_q01_qid_108/question.wav,/kaggle/working/asr_audio/20260530_135247_asr_live/parakeet_tdt_0_6b_v3/comp_0/attempt_002/session_285299_q01_qid_108/option_A.wav,/kaggle/working/asr_audio/20260530_135247_asr_live/parakeet_tdt_0_6b_v3/comp_0/attempt_002/session_285299_q01_qid_108/option_B.wav,/kaggle/working/asr_audio/20260530_135247_asr_live/parakeet_tdt_0_6b_v3/comp_0/attempt_002/session_285299_q01_qid_108/option_C.wav,/kaggle/working/asr_audio/20260530_135247_asr_live/parakeet_tdt_0_6b_v3/comp_0/attempt_002/session_285299_q01_qid_108/option_D.wav,288044,172844,157484,126764,134444,6.0,3.6,3.28,2.64,2.8,1.2784960269927979,0.8228425979614258,0.6844701766967773,0.6820147037506104,0.820420503616333,27.939197,0,0.6609985828399658,False,False,True,0,Which of the following best describes Jay-Z's role in the music industry as of 2017?,Option A President of Def G Jam Recordings,"Option B, President of Universal Music Group.",Option C CEO of Rock Nation,Toption D President of Reebok,0.22100210189819336,0.1853199005126953,0.20074081420898438,0.2087094783782959,0.18350648880004883,0.9992787837982178,,,,,,,,,
20260530_135247_asr_live,2026-05-30 13:54:12,parakeet_tdt_0_6b_v3,nvidia/parakeet-tdt-0.6b-v3,hf_asr_pipeline,cuda:1,float16,selected,selected,1,best_mean_similarity_if_available_else_preferred_beam,False,23.92607021331787,0,Entertainment,2,1,285299,108,0,,0,,1,,2,,3,,/kaggle/working/asr_audio/20260530_135247_asr_live/parakeet_tdt_0_6b_v3/comp_0/attempt_002/session_285299_q01_qid_108/question.wav,/kaggle/working/asr_audio/20260530_135247_asr_live/parakeet_tdt_0_6b_v3/comp_0/attempt_002/session_285299_q01_qid_108/option_A.wav,/kaggle/working/asr_audio/20260530_135247_asr_live/parakeet_tdt_0_6b_v3/comp_0/attempt_002/session_285299_q01_qid_108/option_B.wav,/kaggle/working/asr_audio/20260530_135247_asr_live/parakeet_tdt_0_6b_v3/comp_0/attempt_002/session_285299_q01_qid_108/option_C.wav,/kaggle/working/asr_audio/20260530_135247_asr_live/parakeet_tdt_0_6b_v3/comp_0/attempt_002/session_285299_q01_qid_108/option_D.wav,288044,172844,157484,126764,134444,6.0,3.6,3.28,2.64,2.8,1.2784960269927979,0.8228425979614258,0.6844701766967773,0.6820147037506104,0.820420503616333,27.939197,0,0.6609985828399658,False,False,True,0,Which of the following best describes Jay-Z's role in the music industry as of 2017?,Option A President of Def G Jam Recordings,"Option B, President of Universal Music Group.",Option C CEO of Rock Nation,Toption D President of Reebok,0.22100210189819336,0.1853199005126953,0.20074081420898438,0.2087094783782959,0.18350648880004883,0.9992787837982178,,,,,,,,,
20260530_135247_asr_live,2026-05-30 13:54:19,parakeet_tdt_0_6b_v3,nvidia/parakeet-tdt-0.6b-v3,hf_asr_pipeline,cuda:1,float16,1,candidate,,,False,23.92607021331787,0,Entertainment,3,1,285305,579,0,,0,,1,,2,,3,,/kaggle/working/asr_audio/20260530_135247_asr_live/parakeet_tdt_0_6b_v3/comp_0/attempt_003/session_285305_q01_qid_579/question.wav,/kaggle/working/asr_audio/20260530_135247_asr_live/parakeet_tdt_0_6b_v3/comp_0/attempt_003/session_285305_q01_qid_579/option_A.wav,/kaggle/working/asr_audio/20260530_135247_asr_live/parakeet_tdt_0_6b_v3/comp_0/attempt_003/session_285305_q01_qid_579/option_B.wav,/kaggle/working/asr_audio/20260530_135247_asr_live/parakeet_tdt_0_6b_v3/comp_0/attempt_003/session_285305_q01_qid_579/option_C.wav,/kaggle/working/asr_audio/20260530_135247_asr_live/parakeet_tdt_0_6b_v3/comp_0/attempt_003/session_285305_q01_qid_579/option_D.wav,161324,330284,215084,353324,249644,3.36,6.88,4.48,7.36,5.2,1.1266353130340576,0.9761104583740234,0.8201165199279785,0.830951452255249,0.7048792839050293,59.418214,2,0.667731761932373,True,False,False,100,What is the fundamental principle of Casablanca's plot?,Option A Czechoslovak resistance leaders escape from Vichy-controlled Casablanca.,Option B an American expatriates struggle against the Nazis.,"Option C A complex moral dilemma involving love, loyalty, and resistance.",Topson D A romantic love story between Humphrey Bogart and Ingrid Bergman.,0.19369769096374512,0.22719836235046387,0.19602489471435547,0.21190619468688965,1.1902177333831787,2.019044876098633,,,,,,,,,
20260530_135247_asr_live,2026-05-30 13:54:21,parakeet_tdt_0_6b_v3,nvidia/parakeet-tdt-0.6b-v3,hf_asr_pipeline,cuda:1,float16,selected,selected,1,best_mean_similarity_if_available_else_preferred_beam,False,23.92607021331787,0,Entertainment,3,1,285305,579,0,,0,,1,,2,,3,,/kaggle/working/asr_audio/20260530_135247_asr_live/parakeet_tdt_0_6b_v3/comp_0/attempt_003/session_285305_q01_qid_579/question.wav,/kaggle/working/asr_audio/20260530_135247_asr_live/parakeet_tdt_0_6b_v3/comp_0/attempt_003/session_285305_q01_qid_579/option_A.wav,/kaggle/working/asr_audio/20260530_135247_asr_live/parakeet_tdt_0_6b_v3/comp_0/attempt_003/session_285305_q01_qid_579/option_B.wav,/kaggle/working/asr_audio/20260530_135247_asr_live/parakeet_tdt_0_6b_v3/comp_0/attempt_003/session_285305_q01_qid_579/option_C.wav,/kaggle/working/asr_audio/20260530_135247_asr_live/parakeet_tdt_0_6b_v3/comp_0/attempt_003/session_285305_q01_qid_579/option_D.wav,161324,330284,215084,353324,249644,3.36,6.88,4.48,7.36,5.2,1.1266353130340576,0.9761104583740234,0.8201165199279785,0.830951452255249,0.7048792839050293,59.418214,2,0.667731761932373,True,False,False,100,What is the fundamental principle of Casablanca's plot?,Option A Czechoslovak resistance leaders escape from Vichy-controlled Casablanca.,Option B an American expatriates struggle against the Nazis.,"Option C A complex moral dilemma involving love, loyalty, and resistance.",Topson D A romantic love story between Humphrey Bogart and Ingrid Bergman.,0.19369769096374512,0.22719836235046387,0.19602489471435547,0.21190619468688965,1.1902177333831787,2.019044876098633,,,,,,,,,
20260530_135247_asr_live,2026-05-30 13:54:27,parakeet_tdt_0_6b_v3,nvidia/parakeet-tdt-0.6b-v3,hf_asr_pipeline,cuda:1,float16,1,candidate,,,False,23.92607021331787,0,Entertainment,3,2,285305,108,0,,0,,1,,2,,3,,/kaggle/working/asr_audio/20260530_135247_asr_live/parakeet_tdt_0_6b_v3/comp_0/attempt_003/session_285305_q02_qid_108/question.wav,/kaggle/working/asr_audio/20260530_135247_asr_live/parakeet_tdt_0_6b_v3/comp_0/attempt_003/session_285305_q02_qid_108/option_A.wav,/kaggle/working/asr_audio/20260530_135247_asr_live/parakeet_tdt_0_6b_v3/comp_0/attempt_003/session_285305_q02_qid_108/option_B.wav,/kaggle/working/asr_audio/20260530_135247_asr_live/parakeet_tdt_0_6b_v3/comp_0/attempt_003/session_285305_q02_qid_108/option_C.wav,/kaggle/working/asr_audio/20260530_135247_asr_live/parakeet_tdt_0_6b_v3/comp_0/attempt_003/session_285305_q02_qid_108/option_D.wav,288044,130604,176684,149804,134444,6.0,2.72,3.68,3.12,2.8,1.2782635688781738,0.6825332641601562,0.824509859085083,0.6853241920471191,0.6823430061340332,28.080651,1,0.6610147953033447,False,False,True,100,Which of the following best describes Jay-Z's role in the music industry as of 2017?,Option A CEO of Rock Nation,Option B President of Def G Jam Recordings,Option C President of Universal Music Group.,Toption D President of Reebok,0.21933317184448242,0.18187499046325684,0.18810200691223145,0.1792004108428955,0.17714858055114746,0.9456591606140137,,,,,,,,,
20260530_135247_asr_live,2026-05-30 13:54:28,parakeet_tdt_0_6b_v3,nvidia/parakeet-tdt-0.6b-v3,hf_asr_pipeline,cuda:1,float16,selected,selected,1,best_mean_similarity_if_available_else_preferred_beam,False,23.92607021331787,0,Entertainment,3,2,285305,108,0,,0,,1,,2,,3,,/kaggle/working/asr_audio/20260530_135247_asr_live/parakeet_tdt_0_6b_v3/comp_0/attempt_003/session_285305_q02_qid_108/question.wav,/kaggle/working/asr_audio/20260530_135247_asr_live/parakeet_tdt_0_6b_v3/comp_0/attempt_003/session_285305_q02_qid_108/option_A.wav,/kaggle/working/asr_audio/20260530_135247_asr_live/parakeet_tdt_0_6b_v3/comp_0/attempt_003/session_285305_q02_qid_108/option_B.wav,/kaggle/working/asr_audio/20260530_135247_asr_live/parakeet_tdt_0_6b_v3/comp_0/attempt_003/session_285305_q02_qid_108/option_C.wav,/kaggle/working/asr_audio/20260530_135247_asr_live/parakeet_tdt_0_6b_v3/comp_0/attempt_003/session_285305_q02_qid_108/option_D.wav,288044,130604,176684,149804,134444,6.0,2.72,3.68,3.12,2.8,1.2782635688781738,0.6825332641601562,0.824509859085083,0.6853241920471191,0.6823430061340332,28.080651,1,0.6610147953033447,False,False,True,100,Which of the following best describes Jay-Z's role in the music industry as of 2017?,Option A CEO of Rock Nation,Option B President of Def G Jam Recordings,Option C President of Universal Music Group.,Toption D President of Reebok,0.21933317184448242,0.18187499046325684,0.18810200691223145,0.1792004108428955,0.17714858055114746,0.9456591606140137,,,,,,,,,
20260530_135247_asr_live,2026-05-30 13:54:35,parakeet_tdt_0_6b_v3,nvidia/parakeet-tdt-0.6b-v3,hf_asr_pipeline,cuda:1,float16,1,candidate,,,False,23.92607021331787,0,Entertainment,4,1,285311,220,0,,0,,1,,2,,3,,/kaggle/working/asr_audio/20260530_135247_asr_live/parakeet_tdt_0_6b_v3/comp_0/attempt_004/session_285311_q01_qid_220/question.wav,/kaggle/working/asr_audio/20260530_135247_asr_live/parakeet_tdt_0_6b_v3/comp_0/attempt_004/session_285311_q01_qid_220/option_A.wav,/kaggle/working/asr_audio/20260530_135247_asr_live/parakeet_tdt_0_6b_v3/comp_0/attempt_004/session_285311_q01_qid_220/option_B.wav,/kaggle/working/asr_audio/20260530_135247_asr_live/parakeet_tdt_0_6b_v3/comp_0/attempt_004/session_285311_q01_qid_220/option_C.wav,/kaggle/working/asr_audio/20260530_135247_asr_live/parakeet_tdt_0_6b_v3/comp_0/attempt_004/session_285311_q01_qid_220/option_D.wav,391724,126764,222764,119084,126764,8.16,2.64,4.64,2.48,2.64,1.2819206714630127,0.6836538314819336,0.830655574798584,0.6807568073272705,0.8207099437713623,59.418928,1,0.6673402786254883,True,False,False,100,What is the primary concept explored in Inception that involves entering and manipulating the subconscious mind of another person?,Option A Lucid Dreaming,Option B Neuroimplantation,Option C Memory Extraction,Topson D virtual reality.,0.23938202857971191,0.18099284172058105,0.18775010108947754,0.17670059204101562,0.18407940864562988,0.968904972076416,,,,,,,,,
20260530_135247_asr_live,2026-05-30 13:54:35,parakeet_tdt_0_6b_v3,nvidia/parakeet-tdt-0.6b-v3,hf_asr_pipeline,cuda:1,float16,selected,selected,1,best_mean_similarity_if_available_else_preferred_beam,False,23.92607021331787,0,Entertainment,4,1,285311,220,0,,0,,1,,2,,3,,/kaggle/working/asr_audio/20260530_135247_asr_live/parakeet_tdt_0_6b_v3/comp_0/attempt_004/session_285311_q01_qid_220/question.wav,/kaggle/working/asr_audio/20260530_135247_asr_live/parakeet_tdt_0_6b_v3/comp_0/attempt_004/session_285311_q01_qid_220/option_A.wav,/kaggle/working/asr_audio/20260530_135247_asr_live/parakeet_tdt_0_6b_v3/comp_0/attempt_004/session_285311_q01_qid_220/option_B.wav,/kaggle/working/asr_audio/20260530_135247_asr_live/parakeet_tdt_0_6b_v3/comp_0/attempt_004/session_285311_q01_qid_220/option_C.wav,/kaggle/working/asr_audio/20260530_135247_asr_live/parakeet_tdt_0_6b_v3/comp_0/attempt_004/session_285311_q01_qid_220/option_D.wav,391724,126764,222764,119084,126764,8.16,2.64,4.64,2.48,2.64,1.2819206714630127,0.6836538314819336,0.830655574798584,0.6807568073272705,0.8207099437713623,59.418928,1,0.6673402786254883,True,False,False,100,What is the primary concept explored in Inception that involves entering and manipulating the subconscious mind of another person?,Option A Lucid Dreaming,Option B Neuroimplantation,Option C Memory Extraction,Topson D virtual reality.,0.23938202857971191,0.18099284172058105,0.18775010108947754,0.17670059204101562,0.18407940864562988,0.968904972076416,,,,,,,,,
20260530_135247_asr_live,2026-05-30 13:54:41,parakeet_tdt_0_6b_v3,nvidia/parakeet-tdt-0.6b-v3,hf_asr_pipeline,cuda:1,float16,1,candidate,,,False,23.92607021331787,0,Entertainment,4,2,285311,696,0,,0,,1,,2,,3,,/kaggle/working/asr_audio/20260530_135247_asr_live/parakeet_tdt_0_6b_v3/comp_0/attempt_004/session_285311_q02_qid_696/question.wav,/kaggle/working/asr_audio/20260530_135247_asr_live/parakeet_tdt_0_6b_v3/comp_0/attempt_004/session_285311_q02_qid_696/option_A.wav,/kaggle/working/asr_audio/20260530_135247_asr_live/parakeet_tdt_0_6b_v3/comp_0/attempt_004/session_285311_q02_qid_696/option_B.wav,/kaggle/working/asr_audio/20260530_135247_asr_live/parakeet_tdt_0_6b_v3/comp_0/attempt_004/session_285311_q02_qid_696/option_C.wav,/kaggle/working/asr_audio/20260530_135247_asr_live/parakeet_tdt_0_6b_v3/comp_0/attempt_004/session_285311_q02_qid_696/option_D.wav,245804,192044,195884,130604,180524,5.12,4.0,4.08,2.72,3.76,1.2738988399505615,0.8274774551391602,0.823129415512085,0.6815474033355713,0.8251659870147705,27.937101,1,0.6615970134735107,False,False,True,100,What is the primary theme of Forrest Gump's life story as portrayed in the film?,Option A. War and Military Strategy.,Option B Love and Romance.,Option C Business and Entrepreneurship,Toption D American history and personal growth.,0.21099138259887695,0.1823129653930664,0.1883540153503418,0.18744778633117676,0.21181654930114746,0.9809226989746094,,,,,,,,,
20260530_135247_asr_live,2026-05-30 13:54:42,parakeet_tdt_0_6b_v3,nvidia/parakeet-tdt-0.6b-v3,hf_asr_pipeline,cuda:1,float16,selected,selected,1,best_mean_similarity_if_available_else_preferred_beam,False,23.92607021331787,0,Entertainment,4,2,285311,696,0,,0,,1,,2,,3,,/kaggle/working/asr_audio/20260530_135247_asr_live/parakeet_tdt_0_6b_v3/comp_0/attempt_004/session_285311_q02_qid_696/question.wav,/kaggle/working/asr_audio/20260530_135247_asr_live/parakeet_tdt_0_6b_v3/comp_0/attempt_004/session_285311_q02_qid_696/option_A.wav,/kaggle/working/asr_audio/20260530_135247_asr_live/parakeet_tdt_0_6b_v3/comp_0/attempt_004/session_285311_q02_qid_696/option_B.wav,/kaggle/working/asr_audio/20260530_135247_asr_live/parakeet_tdt_0_6b_v3/comp_0/attempt_004/session_285311_q02_qid_696/option_C.wav,/kaggle/working/asr_audio/20260530_135247_asr_live/parakeet_tdt_0_6b_v3/comp_0/attempt_004/session_285311_q02_qid_696/option_D.wav,245804,192044,195884,130604,180524,5.12,4.0,4.08,2.72,3.76,1.2738988399505615,0.8274774551391602,0.823129415512085,0.6815474033355713,0.8251659870147705,27.937101,1,0.6615970134735107,False,False,True,100,What is the primary theme of Forrest Gump's life story as portrayed in the film?,Option A. War and Military Strategy.,Option B Love and Romance.,Option C Business and Entrepreneurship,Toption D American history and personal growth.,0.21099138259887695,0.1823129653930664,0.1883540153503418,0.18744778633117676,0.21181654930114746,0.9809226989746094,,,,,,,,,
20260530_135247_asr_live,2026-05-30 13:54:49,parakeet_tdt_0_6b_v3,nvidia/parakeet-tdt-0.6b-v3,hf_asr_pipeline,cuda:1,float16,1,candidate,,,False,23.92607021331787,0,Entertainment,5,1,285318,73,0,,0,,1,,2,,3,,/kaggle/working/asr_audio/20260530_135247_asr_live/parakeet_tdt_0_6b_v3/comp_0/attempt_005/session_285318_q01_qid_73/question.wav,/kaggle/working/asr_audio/20260530_135247_asr_live/parakeet_tdt_0_6b_v3/comp_0/attempt_005/session_285318_q01_qid_73/option_A.wav,/kaggle/working/asr_audio/20260530_135247_asr_live/parakeet_tdt_0_6b_v3/comp_0/attempt_005/session_285318_q01_qid_73/option_B.wav,/kaggle/working/asr_audio/20260530_135247_asr_live/parakeet_tdt_0_6b_v3/comp_0/attempt_005/session_285318_q01_qid_73/option_C.wav,/kaggle/working/asr_audio/20260530_135247_asr_live/parakeet_tdt_0_6b_v3/comp_0/attempt_005/session_285318_q01_qid_73/option_D.wav,345644,222764,192044,222764,211244,7.2,4.64,4.0,4.64,4.4,1.280167579650879,0.826451301574707,0.6886310577392578,0.8234021663665771,0.8198568820953369,27.940513,0,0.6627130508422852,False,False,True,0,What is the primary influence of the music video for Bohemian Rhapsody directed by Bruce Gowers?,Option A. It depicts a typical rock concert performance.,Option B. It is a parody of a music video by the Beatles.,Option C. It replicates a photograph from Marlene Dietrich film.,Toption D? It is inspired by the band's album cover art.,1.1550419330596924,0.1907048225402832,0.18910694122314453,0.2005174160003662,0.1934514045715332,1.9288225173950195,,,,,,,,,
20260530_135247_asr_live,2026-05-30 13:54:51,parakeet_tdt_0_6b_v3,nvidia/parakeet-tdt-0.6b-v3,hf_asr_pipeline,cuda:1,float16,selected,selected,1,best_mean_similarity_if_available_else_preferred_beam,False,23.92607021331787,0,Entertainment,5,1,285318,73,0,,0,,1,,2,,3,,/kaggle/working/asr_audio/20260530_135247_asr_live/parakeet_tdt_0_6b_v3/comp_0/attempt_005/session_285318_q01_qid_73/question.wav,/kaggle/working/asr_audio/20260530_135247_asr_live/parakeet_tdt_0_6b_v3/comp_0/attempt_005/session_285318_q01_qid_73/option_A.wav,/kaggle/working/asr_audio/20260530_135247_asr_live/parakeet_tdt_0_6b_v3/comp_0/attempt_005/session_285318_q01_qid_73/option_B.wav,/kaggle/working/asr_audio/20260530_135247_asr_live/parakeet_tdt_0_6b_v3/comp_0/attempt_005/session_285318_q01_qid_73/option_C.wav,/kaggle/working/asr_audio/20260530_135247_asr_live/parakeet_tdt_0_6b_v3/comp_0/attempt_005/session_285318_q01_qid_73/option_D.wav,345644,222764,192044,222764,211244,7.2,4.64,4.0,4.64,4.4,1.280167579650879,0.826451301574707,0.6886310577392578,0.8234021663665771,0.8198568820953369,27.940513,0,0.6627130508422852,False,False,True,0,What is the primary influence of the music video for Bohemian Rhapsody directed by Bruce Gowers?,Option A. It depicts a typical rock concert performance.,Option B. It is a parody of a music video by the Beatles.,Option C. It replicates a photograph from Marlene Dietrich film.,Toption D? It is inspired by the band's album cover art.,1.1550419330596924,0.1907048225402832,0.18910694122314453,0.2005174160003662,0.1934514045715332,1.9288225173950195,,,,,,,,,
20260530_135247_asr_live,2026-05-30 13:54:57,parakeet_tdt_0_6b_v3,nvidia/parakeet-tdt-0.6b-v3,hf_asr_pipeline,cuda:1,float16,1,candidate,,,False,23.92607021331787,1,Ancient History and Politics,1,1,285322,1233,0,,0,,1,,2,,3,,/kaggle/working/asr_audio/20260530_135247_asr_live/parakeet_tdt_0_6b_v3/comp_1/attempt_001/session_285322_q01_qid_1233/question.wav,/kaggle/working/asr_audio/20260530_135247_asr_live/parakeet_tdt_0_6b_v3/comp_1/attempt_001/session_285322_q01_qid_1233/option_A.wav,/kaggle/working/asr_audio/20260530_135247_asr_live/parakeet_tdt_0_6b_v3/comp_1/attempt_001/session_285322_q01_qid_1233/option_B.wav,/kaggle/working/asr_audio/20260530_135247_asr_live/parakeet_tdt_0_6b_v3/comp_1/attempt_001/session_285322_q01_qid_1233/option_C.wav,/kaggle/working/asr_audio/20260530_135247_asr_live/parakeet_tdt_0_6b_v3/comp_1/attempt_001/session_285322_q01_qid_1233/option_D.wav,203564,203564,215084,176684,176684,4.24,4.24,4.48,3.68,3.68,1.1302776336669922,0.8313322067260742,0.8276760578155518,0.6872169971466064,0.6875104904174805,28.074485,0,0.6612584590911865,False,False,True,0,What is the connection between Aristotle's logic and his metaphysics?,Option A. Ev! They are unrelated fields!,Option B. Logic is the foundation of metaphysics.,Option C Metaphysics is the foundation of logic.,Option D They are different branches of physics.,0.2034597396850586,0.18755197525024414,0.19243311882019043,0.19006872177124023,0.18807363510131836,0.9615871906280518,,,,,,,,,
20260530_135247_asr_live,2026-05-30 13:54:58,parakeet_tdt_0_6b_v3,nvidia/parakeet-tdt-0.6b-v3,hf_asr_pipeline,cuda:1,float16,selected,selected,1,best_mean_similarity_if_available_else_preferred_beam,False,23.92607021331787,1,Ancient History and Politics,1,1,285322,1233,0,,0,,1,,2,,3,,/kaggle/working/asr_audio/20260530_135247_asr_live/parakeet_tdt_0_6b_v3/comp_1/attempt_001/session_285322_q01_qid_1233/question.wav,/kaggle/working/asr_audio/20260530_135247_asr_live/parakeet_tdt_0_6b_v3/comp_1/attempt_001/session_285322_q01_qid_1233/option_A.wav,/kaggle/working/asr_audio/20260530_135247_asr_live/parakeet_tdt_0_6b_v3/comp_1/attempt_001/session_285322_q01_qid_1233/option_B.wav,/kaggle/working/asr_audio/20260530_135247_asr_live/parakeet_tdt_0_6b_v3/comp_1/attempt_001/session_285322_q01_qid_1233/option_C.wav,/kaggle/working/asr_audio/20260530_135247_asr_live/parakeet_tdt_0_6b_v3/comp_1/attempt_001/session_285322_q01_qid_1233/option_D.wav,203564,203564,215084,176684,176684,4.24,4.24,4.48,3.68,3.68,1.1302776336669922,0.8313322067260742,0.8276760578155518,0.6872169971466064,0.6875104904174805,28.074485,0,0.6612584590911865,False,False,True,0,What is the connection between Aristotle's logic and his metaphysics?,Option A. Ev! They are unrelated fields!,Option B. Logic is the foundation of metaphysics.,Option C Metaphysics is the foundation of logic.,Option D They are different branches of physics.,0.2034597396850586,0.18755197525024414,0.19243311882019043,0.19006872177124023,0.18807363510131836,0.9615871906280518,,,,,,,,,
20260530_135247_asr_live,2026-05-30 13:55:05,parakeet_tdt_0_6b_v3,nvidia/parakeet-tdt-0.6b-v3,hf_asr_pipeline,cuda:1,float16,1,candidate,,,False,23.92607021331787,1,Ancient History and Politics,2,1,285326,1071,0,,0,,1,,2,,3,,/kaggle/working/asr_audio/20260530_135247_asr_live/parakeet_tdt_0_6b_v3/comp_1/attempt_002/session_285326_q01_qid_1071/question.wav,/kaggle/working/asr_audio/20260530_135247_asr_live/parakeet_tdt_0_6b_v3/comp_1/attempt_002/session_285326_q01_qid_1071/option_A.wav,/kaggle/working/asr_audio/20260530_135247_asr_live/parakeet_tdt_0_6b_v3/comp_1/attempt_002/session_285326_q01_qid_1071/option_B.wav,/kaggle/working/asr_audio/20260530_135247_asr_live/parakeet_tdt_0_6b_v3/comp_1/attempt_002/session_285326_q01_qid_1071/option_C.wav,/kaggle/working/asr_audio/20260530_135247_asr_live/parakeet_tdt_0_6b_v3/comp_1/attempt_002/session_285326_q01_qid_1071/option_D.wav,303404,222764,272684,218924,180524,6.32,4.64,5.68,4.56,3.76,1.2802610397338867,0.8302063941955566,0.8306849002838135,0.6935515403747559,0.6887500286102295,28.073589,3,0.661313533782959,False,False,True,0,Which of the following best describes Aristotle's view on the nature of citizenship in Greek city states?,Option A. Citizenship was limited to adult males with property.,Option B Citizenship was granted based on social status and birth.,Option C Citizenship was open to all residents of the city state.,Option D Citizenship was determined by a lottery system.,1.1865742206573486,0.19635558128356934,0.19797158241271973,0.196760892868042,0.19571137428283691,1.9733736515045166,,,,,,,,,
20260530_135247_asr_live,2026-05-30 13:55:07,parakeet_tdt_0_6b_v3,nvidia/parakeet-tdt-0.6b-v3,hf_asr_pipeline,cuda:1,float16,selected,selected,1,best_mean_similarity_if_available_else_preferred_beam,False,23.92607021331787,1,Ancient History and Politics,2,1,285326,1071,0,,0,,1,,2,,3,,/kaggle/working/asr_audio/20260530_135247_asr_live/parakeet_tdt_0_6b_v3/comp_1/attempt_002/session_285326_q01_qid_1071/question.wav,/kaggle/working/asr_audio/20260530_135247_asr_live/parakeet_tdt_0_6b_v3/comp_1/attempt_002/session_285326_q01_qid_1071/option_A.wav,/kaggle/working/asr_audio/20260530_135247_asr_live/parakeet_tdt_0_6b_v3/comp_1/attempt_002/session_285326_q01_qid_1071/option_B.wav,/kaggle/working/asr_audio/20260530_135247_asr_live/parakeet_tdt_0_6b_v3/comp_1/attempt_002/session_285326_q01_qid_1071/option_C.wav,/kaggle/working/asr_audio/20260530_135247_asr_live/parakeet_tdt_0_6b_v3/comp_1/attempt_002/session_285326_q01_qid_1071/option_D.wav,303404,222764,272684,218924,180524,6.32,4.64,5.68,4.56,3.76,1.2802610397338867,0.8302063941955566,0.8306849002838135,0.6935515403747559,0.6887500286102295,28.073589,3,0.661313533782959,False,False,True,0,Which of the following best describes Aristotle's view on the nature of citizenship in Greek city states?,Option A. Citizenship was limited to adult males with property.,Option B Citizenship was granted based on social status and birth.,Option C Citizenship was open to all residents of the city state.,Option D Citizenship was determined by a lottery system.,1.1865742206573486,0.19635558128356934,0.19797158241271973,0.196760892868042,0.19571137428283691,1.9733736515045166,,,,,,,,,
20260530_135247_asr_live,2026-05-30 13:55:14,parakeet_tdt_0_6b_v3,nvidia/parakeet-tdt-0.6b-v3,hf_asr_pipeline,cuda:1,float16,1,candidate,,,False,23.92607021331787,1,Ancient History and Politics,3,1,285331,991,0,,0,,1,,2,,3,,/kaggle/working/asr_audio/20260530_135247_asr_live/parakeet_tdt_0_6b_v3/comp_1/attempt_003/session_285331_q01_qid_991/question.wav,/kaggle/working/asr_audio/20260530_135247_asr_live/parakeet_tdt_0_6b_v3/comp_1/attempt_003/session_285331_q01_qid_991/option_A.wav,/kaggle/working/asr_audio/20260530_135247_asr_live/parakeet_tdt_0_6b_v3/comp_1/attempt_003/session_285331_q01_qid_991/option_B.wav,/kaggle/working/asr_audio/20260530_135247_asr_live/parakeet_tdt_0_6b_v3/comp_1/attempt_003/session_285331_q01_qid_991/option_C.wav,/kaggle/working/asr_audio/20260530_135247_asr_live/parakeet_tdt_0_6b_v3/comp_1/attempt_003/session_285331_q01_qid_991/option_D.wav,299564,145964,134444,145964,372524,6.24,3.04,2.8,3.04,7.76,1.2798817157745361,0.6919777393341064,0.6826193332672119,0.8209776878356934,0.8409192562103271,27.905875,0,0.6769063472747803,False,False,True,0,"According to the passage, what was one of the main reasons Socrates was accused of impiety?",Option A for teaching democracy.,Option B for not paying taxes.,Option C for supporting the 30 Tyrants.,Option D for failing to acknowledge the gods of Athens and introducing new deities.,0.21271562576293945,0.17602229118347168,0.17149782180786133,0.18149185180664062,0.22004342079162598,0.9617710113525391,,,,,,,,,
20260530_135247_asr_live,2026-05-30 13:55:15,parakeet_tdt_0_6b_v3,nvidia/parakeet-tdt-0.6b-v3,hf_asr_pipeline,cuda:1,float16,selected,selected,1,best_mean_similarity_if_available_else_preferred_beam,False,23.92607021331787,1,Ancient History and Politics,3,1,285331,991,0,,0,,1,,2,,3,,/kaggle/working/asr_audio/20260530_135247_asr_live/parakeet_tdt_0_6b_v3/comp_1/attempt_003/session_285331_q01_qid_991/question.wav,/kaggle/working/asr_audio/20260530_135247_asr_live/parakeet_tdt_0_6b_v3/comp_1/attempt_003/session_285331_q01_qid_991/option_A.wav,/kaggle/working/asr_audio/20260530_135247_asr_live/parakeet_tdt_0_6b_v3/comp_1/attempt_003/session_285331_q01_qid_991/option_B.wav,/kaggle/working/asr_audio/20260530_135247_asr_live/parakeet_tdt_0_6b_v3/comp_1/attempt_003/session_285331_q01_qid_991/option_C.wav,/kaggle/working/asr_audio/20260530_135247_asr_live/parakeet_tdt_0_6b_v3/comp_1/attempt_003/session_285331_q01_qid_991/option_D.wav,299564,145964,134444,145964,372524,6.24,3.04,2.8,3.04,7.76,1.2798817157745361,0.6919777393341064,0.6826193332672119,0.8209776878356934,0.8409192562103271,27.905875,0,0.6769063472747803,False,False,True,0,"According to the passage, what was one of the main reasons Socrates was accused of impiety?",Option A for teaching democracy.,Option B for not paying taxes.,Option C for supporting the 30 Tyrants.,Option D for failing to acknowledge the gods of Athens and introducing new deities.,0.21271562576293945,0.17602229118347168,0.17149782180786133,0.18149185180664062,0.22004342079162598,0.9617710113525391,,,,,,,,,
20260530_135247_asr_live,2026-05-30 13:55:22,parakeet_tdt_0_6b_v3,nvidia/parakeet-tdt-0.6b-v3,hf_asr_pipeline,cuda:1,float16,1,candidate,,,False,23.92607021331787,1,Ancient History and Politics,4,1,285335,869,0,,0,,1,,2,,3,,/kaggle/working/asr_audio/20260530_135247_asr_live/parakeet_tdt_0_6b_v3/comp_1/attempt_004/session_285335_q01_qid_869/question.wav,/kaggle/working/asr_audio/20260530_135247_asr_live/parakeet_tdt_0_6b_v3/comp_1/attempt_004/session_285335_q01_qid_869/option_A.wav,/kaggle/working/asr_audio/20260530_135247_asr_live/parakeet_tdt_0_6b_v3/comp_1/attempt_004/session_285335_q01_qid_869/option_B.wav,/kaggle/working/asr_audio/20260530_135247_asr_live/parakeet_tdt_0_6b_v3/comp_1/attempt_004/session_285335_q01_qid_869/option_C.wav,/kaggle/working/asr_audio/20260530_135247_asr_live/parakeet_tdt_0_6b_v3/comp_1/attempt_004/session_285335_q01_qid_869/option_D.wav,353324,257324,276524,303404,280364,7.36,5.36,5.76,6.32,5.84,1.29481840133667,0.8289797306060791,0.82784104347229,0.8251101970672607,0.8205404281616211,27.941831,0,0.6611146926879883,False,False,True,0,How does the Roman salute differ from the Nazi salute in terms of the arm position used?,Option A The Roman salute uses both arms while the Nazi salute uses only one arm.,Option B The Roman salute uses a straight arm while the Nazi salute uses a bent arm.,"Option C The Roman salute uses a bent arm, while the Nazi salute uses a straight arm.","Option D The Roman salute uses a bent arm, while the Nazi salute uses both arms.",0.24387717247009277,0.20693564414978027,0.212294340133667,0.21660280227661133,0.2185518741607666,1.098261833190918,,,,,,,,,
20260530_135247_asr_live,2026-05-30 13:55:23,parakeet_tdt_0_6b_v3,nvidia/parakeet-tdt-0.6b-v3,hf_asr_pipeline,cuda:1,float16,selected,selected,1,best_mean_similarity_if_available_else_preferred_beam,False,23.92607021331787,1,Ancient History and Politics,4,1,285335,869,0,,0,,1,,2,,3,,/kaggle/working/asr_audio/20260530_135247_asr_live/parakeet_tdt_0_6b_v3/comp_1/attempt_004/session_285335_q01_qid_869/question.wav,/kaggle/working/asr_audio/20260530_135247_asr_live/parakeet_tdt_0_6b_v3/comp_1/attempt_004/session_285335_q01_qid_869/option_A.wav,/kaggle/working/asr_audio/20260530_135247_asr_live/parakeet_tdt_0_6b_v3/comp_1/attempt_004/session_285335_q01_qid_869/option_B.wav,/kaggle/working/asr_audio/20260530_135247_asr_live/parakeet_tdt_0_6b_v3/comp_1/attempt_004/session_285335_q01_qid_869/option_C.wav,/kaggle/working/asr_audio/20260530_135247_asr_live/parakeet_tdt_0_6b_v3/comp_1/attempt_004/session_285335_q01_qid_869/option_D.wav,353324,257324,276524,303404,280364,7.36,5.36,5.76,6.32,5.84,1.29481840133667,0.8289797306060791,0.82784104347229,0.8251101970672607,0.8205404281616211,27.941831,0,0.6611146926879883,False,False,True,0,How does the Roman salute differ from the Nazi salute in terms of the arm position used?,Option A The Roman salute uses both arms while the Nazi salute uses only one arm.,Option B The Roman salute uses a straight arm while the Nazi salute uses a bent arm.,"Option C The Roman salute uses a bent arm, while the Nazi salute uses a straight arm.","Option D The Roman salute uses a bent arm, while the Nazi salute uses both arms.",0.24387717247009277,0.20693564414978027,0.212294340133667,0.21660280227661133,0.2185518741607666,1.098261833190918,,,,,,,,,
20260530_135247_asr_live,2026-05-30 13:55:30,parakeet_tdt_0_6b_v3,nvidia/parakeet-tdt-0.6b-v3,hf_asr_pipeline,cuda:1,float16,1,candidate,,,False,23.92607021331787,1,Ancient History and Politics,5,1,285340,1272,0,,0,,1,,2,,3,,/kaggle/working/asr_audio/20260530_135247_asr_live/parakeet_tdt_0_6b_v3/comp_1/attempt_005/session_285340_q01_qid_1272/question.wav,/kaggle/working/asr_audio/20260530_135247_asr_live/parakeet_tdt_0_6b_v3/comp_1/attempt_005/session_285340_q01_qid_1272/option_A.wav,/kaggle/working/asr_audio/20260530_135247_asr_live/parakeet_tdt_0_6b_v3/comp_1/attempt_005/session_285340_q01_qid_1272/option_B.wav,/kaggle/working/asr_audio/20260530_135247_asr_live/parakeet_tdt_0_6b_v3/comp_1/attempt_005/session_285340_q01_qid_1272/option_C.wav,/kaggle/working/asr_audio/20260530_135247_asr_live/parakeet_tdt_0_6b_v3/comp_1/attempt_005/session_285340_q01_qid_1272/option_D.wav,560684,115244,157484,280364,322604,11.68,2.4,3.28,5.84,6.72,1.4290497303009033,0.681760311126709,0.8211038112640381,0.8364157676696777,0.8303446769714355,27.93247,0,0.660581111907959,False,False,True,0,"Haha According to Hittite documents, which term is believed to be related to the name of the Achaeans? And is mentioned in the Tabogalawa letter?",Option A Naruada,Option B Tawagalawa.,Option C We lose.,Toption Dow,1.1833598613739014,0.17143583297729492,0.1894855499267578,0.2052152156829834,0.2395009994506836,1.988997459411621,,,,,,,,,
20260530_135247_asr_live,2026-05-30 13:55:32,parakeet_tdt_0_6b_v3,nvidia/parakeet-tdt-0.6b-v3,hf_asr_pipeline,cuda:1,float16,selected,selected,1,best_mean_similarity_if_available_else_preferred_beam,False,23.92607021331787,1,Ancient History and Politics,5,1,285340,1272,0,,0,,1,,2,,3,,/kaggle/working/asr_audio/20260530_135247_asr_live/parakeet_tdt_0_6b_v3/comp_1/attempt_005/session_285340_q01_qid_1272/question.wav,/kaggle/working/asr_audio/20260530_135247_asr_live/parakeet_tdt_0_6b_v3/comp_1/attempt_005/session_285340_q01_qid_1272/option_A.wav,/kaggle/working/asr_audio/20260530_135247_asr_live/parakeet_tdt_0_6b_v3/comp_1/attempt_005/session_285340_q01_qid_1272/option_B.wav,/kaggle/working/asr_audio/20260530_135247_asr_live/parakeet_tdt_0_6b_v3/comp_1/attempt_005/session_285340_q01_qid_1272/option_C.wav,/kaggle/working/asr_audio/20260530_135247_asr_live/parakeet_tdt_0_6b_v3/comp_1/attempt_005/session_285340_q01_qid_1272/option_D.wav,560684,115244,157484,280364,322604,11.68,2.4,3.28,5.84,6.72,1.4290497303009033,0.681760311126709,0.8211038112640381,0.8364157676696777,0.8303446769714355,27.93247,0,0.660581111907959,False,False,True,0,"Haha According to Hittite documents, which term is believed to be related to the name of the Achaeans? And is mentioned in the Tabogalawa letter?",Option A Naruada,Option B Tawagalawa.,Option C We lose.,Toption Dow,1.1833598613739014,0.17143583297729492,0.1894855499267578,0.2052152156829834,0.2395009994506836,1.988997459411621,,,,,,,,,
20260530_135247_asr_live,2026-05-30 13:55:38,parakeet_tdt_0_6b_v3,nvidia/parakeet-tdt-0.6b-v3,hf_asr_pipeline,cuda:1,float16,1,candidate,,,False,23.92607021331787,2,Science and Nature,1,1,285346,1863,0,,0,,1,,2,,3,,/kaggle/working/asr_audio/20260530_135247_asr_live/parakeet_tdt_0_6b_v3/comp_2/attempt_001/session_285346_q01_qid_1863/question.wav,/kaggle/working/asr_audio/20260530_135247_asr_live/parakeet_tdt_0_6b_v3/comp_2/attempt_001/session_285346_q01_qid_1863/option_A.wav,/kaggle/working/asr_audio/20260530_135247_asr_live/parakeet_tdt_0_6b_v3/comp_2/attempt_001/session_285346_q01_qid_1863/option_B.wav,/kaggle/working/asr_audio/20260530_135247_asr_live/parakeet_tdt_0_6b_v3/comp_2/attempt_001/session_285346_q01_qid_1863/option_C.wav,/kaggle/working/asr_audio/20260530_135247_asr_live/parakeet_tdt_0_6b_v3/comp_2/attempt_001/session_285346_q01_qid_1863/option_D.wav,145964,165164,272684,172844,257324,3.04,3.44,5.68,3.6,5.36,1.1261229515075684,0.8294472694396973,0.8368959426879883,0.6872684955596924,0.8306243419647217,27.930308,1,0.661379337310791,False,False,True,0,Which of the following best describes CDG2?,Option A A galaxy located in the Milky Way.,Option B a galaxy with a high concentration of visible stars.,Option C a galaxy composed mostly of dark matter.,Option D a galaxy that has been fully confirmed as a dark galaxy.,0.18344330787658691,0.1920182704925537,0.20639348030090332,0.19550776481628418,0.19983196258544922,0.9771947860717773,,,,,,,,,
20260530_135247_asr_live,2026-05-30 13:55:39,parakeet_tdt_0_6b_v3,nvidia/parakeet-tdt-0.6b-v3,hf_asr_pipeline,cuda:1,float16,selected,selected,1,best_mean_similarity_if_available_else_preferred_beam,False,23.92607021331787,2,Science and Nature,1,1,285346,1863,0,,0,,1,,2,,3,,/kaggle/working/asr_audio/20260530_135247_asr_live/parakeet_tdt_0_6b_v3/comp_2/attempt_001/session_285346_q01_qid_1863/question.wav,/kaggle/working/asr_audio/20260530_135247_asr_live/parakeet_tdt_0_6b_v3/comp_2/attempt_001/session_285346_q01_qid_1863/option_A.wav,/kaggle/working/asr_audio/20260530_135247_asr_live/parakeet_tdt_0_6b_v3/comp_2/attempt_001/session_285346_q01_qid_1863/option_B.wav,/kaggle/working/asr_audio/20260530_135247_asr_live/parakeet_tdt_0_6b_v3/comp_2/attempt_001/session_285346_q01_qid_1863/option_C.wav,/kaggle/working/asr_audio/20260530_135247_asr_live/parakeet_tdt_0_6b_v3/comp_2/attempt_001/session_285346_q01_qid_1863/option_D.wav,145964,165164,272684,172844,257324,3.04,3.44,5.68,3.6,5.36,1.1261229515075684,0.8294472694396973,0.8368959426879883,0.6872684955596924,0.8306243419647217,27.930308,1,0.661379337310791,False,False,True,0,Which of the following best describes CDG2?,Option A A galaxy located in the Milky Way.,Option B a galaxy with a high concentration of visible stars.,Option C a galaxy composed mostly of dark matter.,Option D a galaxy that has been fully confirmed as a dark galaxy.,0.18344330787658691,0.1920182704925537,0.20639348030090332,0.19550776481628418,0.19983196258544922,0.9771947860717773,,,,,,,,,
20260530_135247_asr_live,2026-05-30 13:55:46,parakeet_tdt_0_6b_v3,nvidia/parakeet-tdt-0.6b-v3,hf_asr_pipeline,cuda:1,float16,1,candidate,,,False,23.92607021331787,2,Science and Nature,2,1,285353,5395,0,,0,,1,,2,,3,,/kaggle/working/asr_audio/20260530_135247_asr_live/parakeet_tdt_0_6b_v3/comp_2/attempt_002/session_285353_q01_qid_5395/question.wav,/kaggle/working/asr_audio/20260530_135247_asr_live/parakeet_tdt_0_6b_v3/comp_2/attempt_002/session_285353_q01_qid_5395/option_A.wav,/kaggle/working/asr_audio/20260530_135247_asr_live/parakeet_tdt_0_6b_v3/comp_2/attempt_002/session_285353_q01_qid_5395/option_B.wav,/kaggle/working/asr_audio/20260530_135247_asr_live/parakeet_tdt_0_6b_v3/comp_2/attempt_002/session_285353_q01_qid_5395/option_C.wav,/kaggle/working/asr_audio/20260530_135247_asr_live/parakeet_tdt_0_6b_v3/comp_2/attempt_002/session_285353_q01_qid_5395/option_D.wav,637484,134444,115244,103724,103724,13.28,2.8,2.4,2.16,2.16,1.4341936111450195,0.6836018562316895,0.6800570487976074,0.6717171669006348,0.6823456287384033,28.076015,1,0.6656355857849121,False,False,True,0,"The electromagnetic spectrum is the complete range of electromagnetic radiation, ranging from radio waves to gamma rays. Which type of radiation in this spectrum is associated with observable colors such as red, green, and blue?",Option A X-rays,Option B radio waves.,Option C visible light.,Option D Gamma Rays.,1.2448506355285645,0.1730360984802246,0.17230725288391113,0.17064332962036133,0.1665053367614746,1.9273426532745361,,,,,,,,,
20260530_135247_asr_live,2026-05-30 13:55:48,parakeet_tdt_0_6b_v3,nvidia/parakeet-tdt-0.6b-v3,hf_asr_pipeline,cuda:1,float16,selected,selected,1,best_mean_similarity_if_available_else_preferred_beam,False,23.92607021331787,2,Science and Nature,2,1,285353,5395,0,,0,,1,,2,,3,,/kaggle/working/asr_audio/20260530_135247_asr_live/parakeet_tdt_0_6b_v3/comp_2/attempt_002/session_285353_q01_qid_5395/question.wav,/kaggle/working/asr_audio/20260530_135247_asr_live/parakeet_tdt_0_6b_v3/comp_2/attempt_002/session_285353_q01_qid_5395/option_A.wav,/kaggle/working/asr_audio/20260530_135247_asr_live/parakeet_tdt_0_6b_v3/comp_2/attempt_002/session_285353_q01_qid_5395/option_B.wav,/kaggle/working/asr_audio/20260530_135247_asr_live/parakeet_tdt_0_6b_v3/comp_2/attempt_002/session_285353_q01_qid_5395/option_C.wav,/kaggle/working/asr_audio/20260530_135247_asr_live/parakeet_tdt_0_6b_v3/comp_2/attempt_002/session_285353_q01_qid_5395/option_D.wav,637484,134444,115244,103724,103724,13.28,2.8,2.4,2.16,2.16,1.4341936111450195,0.6836018562316895,0.6800570487976074,0.6717171669006348,0.6823456287384033,28.076015,1,0.6656355857849121,False,False,True,0,"The electromagnetic spectrum is the complete range of electromagnetic radiation, ranging from radio waves to gamma rays. Which type of radiation in this spectrum is associated with observable colors such as red, green, and blue?",Option A X-rays,Option B radio waves.,Option C visible light.,Option D Gamma Rays.,1.2448506355285645,0.1730360984802246,0.17230725288391113,0.17064332962036133,0.1665053367614746,1.9273426532745361,,,,,,,,,
20260530_135247_asr_live,2026-05-30 13:55:55,parakeet_tdt_0_6b_v3,nvidia/parakeet-tdt-0.6b-v3,hf_asr_pipeline,cuda:1,float16,1,candidate,,,False,23.92607021331787,2,Science and Nature,3,1,285359,1786,0,,0,,1,,2,,3,,/kaggle/working/asr_audio/20260530_135247_asr_live/parakeet_tdt_0_6b_v3/comp_2/attempt_003/session_285359_q01_qid_1786/question.wav,/kaggle/working/asr_audio/20260530_135247_asr_live/parakeet_tdt_0_6b_v3/comp_2/attempt_003/session_285359_q01_qid_1786/option_A.wav,/kaggle/working/asr_audio/20260530_135247_asr_live/parakeet_tdt_0_6b_v3/comp_2/attempt_003/session_285359_q01_qid_1786/option_B.wav,/kaggle/working/asr_audio/20260530_135247_asr_live/parakeet_tdt_0_6b_v3/comp_2/attempt_003/session_285359_q01_qid_1786/option_C.wav,/kaggle/working/asr_audio/20260530_135247_asr_live/parakeet_tdt_0_6b_v3/comp_2/attempt_003/session_285359_q01_qid_1786/option_D.wav,169004,180524,387884,268844,307244,3.52,3.76,8.08,5.6,6.4,1.1258039474487305,0.8302583694458008,0.8404099941253662,0.8205404281616211,0.824608564376831,27.937507,0,0.6613607406616211,False,False,True,0,What is the fundamental principle of simple random sampling?,Option A Selecting every tenth element from a list.,Option B Selecting elements randomly with each having an equal chance of being chosen.,Option C choosing elements based on a random start and fixed interval.,Option D Dividing the population into strata and then sampling from each stratum.,0.1838834285736084,0.1803903579711914,1.1926352977752686,0.2097184658050537,0.20746922492980957,1.9740967750549316,,,,,,,,,
20260530_135247_asr_live,2026-05-30 13:55:57,parakeet_tdt_0_6b_v3,nvidia/parakeet-tdt-0.6b-v3,hf_asr_pipeline,cuda:1,float16,selected,selected,1,best_mean_similarity_if_available_else_preferred_beam,False,23.92607021331787,2,Science and Nature,3,1,285359,1786,0,,0,,1,,2,,3,,/kaggle/working/asr_audio/20260530_135247_asr_live/parakeet_tdt_0_6b_v3/comp_2/attempt_003/session_285359_q01_qid_1786/question.wav,/kaggle/working/asr_audio/20260530_135247_asr_live/parakeet_tdt_0_6b_v3/comp_2/attempt_003/session_285359_q01_qid_1786/option_A.wav,/kaggle/working/asr_audio/20260530_135247_asr_live/parakeet_tdt_0_6b_v3/comp_2/attempt_003/session_285359_q01_qid_1786/option_B.wav,/kaggle/working/asr_audio/20260530_135247_asr_live/parakeet_tdt_0_6b_v3/comp_2/attempt_003/session_285359_q01_qid_1786/option_C.wav,/kaggle/working/asr_audio/20260530_135247_asr_live/parakeet_tdt_0_6b_v3/comp_2/attempt_003/session_285359_q01_qid_1786/option_D.wav,169004,180524,387884,268844,307244,3.52,3.76,8.08,5.6,6.4,1.1258039474487305,0.8302583694458008,0.8404099941253662,0.8205404281616211,0.824608564376831,27.937507,0,0.6613607406616211,False,False,True,0,What is the fundamental principle of simple random sampling?,Option A Selecting every tenth element from a list.,Option B Selecting elements randomly with each having an equal chance of being chosen.,Option C choosing elements based on a random start and fixed interval.,Option D Dividing the population into strata and then sampling from each stratum.,0.1838834285736084,0.1803903579711914,1.1926352977752686,0.2097184658050537,0.20746922492980957,1.9740967750549316,,,,,,,,,
20260530_135247_asr_live,2026-05-30 13:56:04,parakeet_tdt_0_6b_v3,nvidia/parakeet-tdt-0.6b-v3,hf_asr_pipeline,cuda:1,float16,1,candidate,,,False,23.92607021331787,2,Science and Nature,4,1,285365,2251,0,,0,,1,,2,,3,,/kaggle/working/asr_audio/20260530_135247_asr_live/parakeet_tdt_0_6b_v3/comp_2/attempt_004/session_285365_q01_qid_2251/question.wav,/kaggle/working/asr_audio/20260530_135247_asr_live/parakeet_tdt_0_6b_v3/comp_2/attempt_004/session_285365_q01_qid_2251/option_A.wav,/kaggle/working/asr_audio/20260530_135247_asr_live/parakeet_tdt_0_6b_v3/comp_2/attempt_004/session_285365_q01_qid_2251/option_B.wav,/kaggle/working/asr_audio/20260530_135247_asr_live/parakeet_tdt_0_6b_v3/comp_2/attempt_004/session_285365_q01_qid_2251/option_C.wav,/kaggle/working/asr_audio/20260530_135247_asr_live/parakeet_tdt_0_6b_v3/comp_2/attempt_004/session_285365_q01_qid_2251/option_D.wav,357164,92204,199724,299564,161324,7.44,1.92,4.16,6.24,3.36,1.294755220413208,0.6778595447540283,0.8323299884796143,0.8380851745605469,0.6927034854888916,28.069095,1,0.6612398624420166,False,False,True,0,What term describes the energy absorbed or released by a body or a thermodynamic system during a constant temperature process?,Option A Latin Heat,"Option B, potential energy!",Option C Sensible Heat Any So there's word you'd give an a be thing.,Option D Kinetic Energy.,0.2297828197479248,0.1713564395904541,0.17597150802612305,0.21112632751464844,0.18143796920776367,0.9696750640869141,,,,,,,,,
20260530_135247_asr_live,2026-05-30 13:56:05,parakeet_tdt_0_6b_v3,nvidia/parakeet-tdt-0.6b-v3,hf_asr_pipeline,cuda:1,float16,selected,selected,1,best_mean_similarity_if_available_else_preferred_beam,False,23.92607021331787,2,Science and Nature,4,1,285365,2251,0,,0,,1,,2,,3,,/kaggle/working/asr_audio/20260530_135247_asr_live/parakeet_tdt_0_6b_v3/comp_2/attempt_004/session_285365_q01_qid_2251/question.wav,/kaggle/working/asr_audio/20260530_135247_asr_live/parakeet_tdt_0_6b_v3/comp_2/attempt_004/session_285365_q01_qid_2251/option_A.wav,/kaggle/working/asr_audio/20260530_135247_asr_live/parakeet_tdt_0_6b_v3/comp_2/attempt_004/session_285365_q01_qid_2251/option_B.wav,/kaggle/working/asr_audio/20260530_135247_asr_live/parakeet_tdt_0_6b_v3/comp_2/attempt_004/session_285365_q01_qid_2251/option_C.wav,/kaggle/working/asr_audio/20260530_135247_asr_live/parakeet_tdt_0_6b_v3/comp_2/attempt_004/session_285365_q01_qid_2251/option_D.wav,357164,92204,199724,299564,161324,7.44,1.92,4.16,6.24,3.36,1.294755220413208,0.6778595447540283,0.8323299884796143,0.8380851745605469,0.6927034854888916,28.069095,1,0.6612398624420166,False,False,True,0,What term describes the energy absorbed or released by a body or a thermodynamic system during a constant temperature process?,Option A Latin Heat,"Option B, potential energy!",Option C Sensible Heat Any So there's word you'd give an a be thing.,Option D Kinetic Energy.,0.2297828197479248,0.1713564395904541,0.17597150802612305,0.21112632751464844,0.18143796920776367,0.9696750640869141,,,,,,,,,
20260530_135247_asr_live,2026-05-30 13:56:11,parakeet_tdt_0_6b_v3,nvidia/parakeet-tdt-0.6b-v3,hf_asr_pipeline,cuda:1,float16,1,candidate,,,False,23.92607021331787,2,Science and Nature,5,1,285371,4964,0,,0,,1,,2,,3,,/kaggle/working/asr_audio/20260530_135247_asr_live/parakeet_tdt_0_6b_v3/comp_2/attempt_005/session_285371_q01_qid_4964/question.wav,/kaggle/working/asr_audio/20260530_135247_asr_live/parakeet_tdt_0_6b_v3/comp_2/attempt_005/session_285371_q01_qid_4964/option_A.wav,/kaggle/working/asr_audio/20260530_135247_asr_live/parakeet_tdt_0_6b_v3/comp_2/attempt_005/session_285371_q01_qid_4964/option_B.wav,/kaggle/working/asr_audio/20260530_135247_asr_live/parakeet_tdt_0_6b_v3/comp_2/attempt_005/session_285371_q01_qid_4964/option_C.wav,/kaggle/working/asr_audio/20260530_135247_asr_live/parakeet_tdt_0_6b_v3/comp_2/attempt_005/session_285371_q01_qid_4964/option_D.wav,195884,238124,172844,149804,142124,4.08,4.96,3.6,3.12,2.96,1.1285324096679688,0.83544921875,0.8187851905822754,0.6841542720794678,0.6820509433746338,28.079175,3,0.6614091396331787,False,False,True,0,Where would nitrogen most easily be found in the nitrogen cycle?,Option A in carbon dioxide released by factories into the atmosphere.,Option B in animal waste.,Option C in underground mineral deposits.,Option D in drinking water supplies.,0.19598126411437988,0.20292353630065918,0.17870593070983887,0.20573782920837402,0.17613649368286133,0.9594850540161133,,,,,,,,,
20260530_135247_asr_live,2026-05-30 13:56:12,parakeet_tdt_0_6b_v3,nvidia/parakeet-tdt-0.6b-v3,hf_asr_pipeline,cuda:1,float16,selected,selected,1,best_mean_similarity_if_available_else_preferred_beam,False,23.92607021331787,2,Science and Nature,5,1,285371,4964,0,,0,,1,,2,,3,,/kaggle/working/asr_audio/20260530_135247_asr_live/parakeet_tdt_0_6b_v3/comp_2/attempt_005/session_285371_q01_qid_4964/question.wav,/kaggle/working/asr_audio/20260530_135247_asr_live/parakeet_tdt_0_6b_v3/comp_2/attempt_005/session_285371_q01_qid_4964/option_A.wav,/kaggle/working/asr_audio/20260530_135247_asr_live/parakeet_tdt_0_6b_v3/comp_2/attempt_005/session_285371_q01_qid_4964/option_B.wav,/kaggle/working/asr_audio/20260530_135247_asr_live/parakeet_tdt_0_6b_v3/comp_2/attempt_005/session_285371_q01_qid_4964/option_C.wav,/kaggle/working/asr_audio/20260530_135247_asr_live/parakeet_tdt_0_6b_v3/comp_2/attempt_005/session_285371_q01_qid_4964/option_D.wav,195884,238124,172844,149804,142124,4.08,4.96,3.6,3.12,2.96,1.1285324096679688,0.83544921875,0.8187851905822754,0.6841542720794678,0.6820509433746338,28.079175,3,0.6614091396331787,False,False,True,0,Where would nitrogen most easily be found in the nitrogen cycle?,Option A in carbon dioxide released by factories into the atmosphere.,Option B in animal waste.,Option C in underground mineral deposits.,Option D in drinking water supplies.,0.19598126411437988,0.20292353630065918,0.17870593070983887,0.20573782920837402,0.17613649368286133,0.9594850540161133,,,,,,,,,
20260530_135247_asr_live,2026-05-30 13:56:19,parakeet_tdt_0_6b_v3,nvidia/parakeet-tdt-0.6b-v3,hf_asr_pipeline,cuda:1,float16,1,candidate,,,False,23.92607021331787,3,Maths,1,1,285374,6902,0,,0,,1,,2,,3,,/kaggle/working/asr_audio/20260530_135247_asr_live/parakeet_tdt_0_6b_v3/comp_3/attempt_001/session_285374_q01_qid_6902/question.wav,/kaggle/working/asr_audio/20260530_135247_asr_live/parakeet_tdt_0_6b_v3/comp_3/attempt_001/session_285374_q01_qid_6902/option_A.wav,/kaggle/working/asr_audio/20260530_135247_asr_live/parakeet_tdt_0_6b_v3/comp_3/attempt_001/session_285374_q01_qid_6902/option_B.wav,/kaggle/working/asr_audio/20260530_135247_asr_live/parakeet_tdt_0_6b_v3/comp_3/attempt_001/session_285374_q01_qid_6902/option_C.wav,/kaggle/working/asr_audio/20260530_135247_asr_live/parakeet_tdt_0_6b_v3/comp_3/attempt_001/session_285374_q01_qid_6902/option_D.wav,1044524,138284,222764,80684,119084,21.76,2.88,4.64,1.68,2.48,1.5774486064910889,0.6837635040283203,0.6844403743743896,0.6757092475891113,0.8188884258270264,59.419236,1,0.6664419174194336,True,False,False,100,A major polling organization wants to predict the outcome of an upcoming national election in terms of the proportion of voters who will vote for each candidate. They intend to use a 95% confidence interval with margin of error of no more than 2.5%. What is the minimum sample size needed to accomplish this goal?,Option A 1536,Option B fifteen thirty-seven,Option C forty.,Toption D thirty nine.,1.3142671585083008,0.18408966064453125,0.1918931007385254,0.1663217544555664,0.18168044090270996,2.038252115249634,,,,,,,,,
20260530_135247_asr_live,2026-05-30 13:56:21,parakeet_tdt_0_6b_v3,nvidia/parakeet-tdt-0.6b-v3,hf_asr_pipeline,cuda:1,float16,selected,selected,1,best_mean_similarity_if_available_else_preferred_beam,False,23.92607021331787,3,Maths,1,1,285374,6902,0,,0,,1,,2,,3,,/kaggle/working/asr_audio/20260530_135247_asr_live/parakeet_tdt_0_6b_v3/comp_3/attempt_001/session_285374_q01_qid_6902/question.wav,/kaggle/working/asr_audio/20260530_135247_asr_live/parakeet_tdt_0_6b_v3/comp_3/attempt_001/session_285374_q01_qid_6902/option_A.wav,/kaggle/working/asr_audio/20260530_135247_asr_live/parakeet_tdt_0_6b_v3/comp_3/attempt_001/session_285374_q01_qid_6902/option_B.wav,/kaggle/working/asr_audio/20260530_135247_asr_live/parakeet_tdt_0_6b_v3/comp_3/attempt_001/session_285374_q01_qid_6902/option_C.wav,/kaggle/working/asr_audio/20260530_135247_asr_live/parakeet_tdt_0_6b_v3/comp_3/attempt_001/session_285374_q01_qid_6902/option_D.wav,1044524,138284,222764,80684,119084,21.76,2.88,4.64,1.68,2.48,1.5774486064910889,0.6837635040283203,0.6844403743743896,0.6757092475891113,0.8188884258270264,59.419236,1,0.6664419174194336,True,False,False,100,A major polling organization wants to predict the outcome of an upcoming national election in terms of the proportion of voters who will vote for each candidate. They intend to use a 95% confidence interval with margin of error of no more than 2.5%. What is the minimum sample size needed to accomplish this goal?,Option A 1536,Option B fifteen thirty-seven,Option C forty.,Toption D thirty nine.,1.3142671585083008,0.18408966064453125,0.1918931007385254,0.1663217544555664,0.18168044090270996,2.038252115249634,,,,,,,,,
20260530_135247_asr_live,2026-05-30 13:56:27,parakeet_tdt_0_6b_v3,nvidia/parakeet-tdt-0.6b-v3,hf_asr_pipeline,cuda:1,float16,1,candidate,,,False,23.92607021331787,3,Maths,1,2,285374,6790,0,,0,,1,,2,,3,,/kaggle/working/asr_audio/20260530_135247_asr_live/parakeet_tdt_0_6b_v3/comp_3/attempt_001/session_285374_q02_qid_6790/question.wav,/kaggle/working/asr_audio/20260530_135247_asr_live/parakeet_tdt_0_6b_v3/comp_3/attempt_001/session_285374_q02_qid_6790/option_A.wav,/kaggle/working/asr_audio/20260530_135247_asr_live/parakeet_tdt_0_6b_v3/comp_3/attempt_001/session_285374_q02_qid_6790/option_B.wav,/kaggle/working/asr_audio/20260530_135247_asr_live/parakeet_tdt_0_6b_v3/comp_3/attempt_001/session_285374_q02_qid_6790/option_C.wav,/kaggle/working/asr_audio/20260530_135247_asr_live/parakeet_tdt_0_6b_v3/comp_3/attempt_001/session_285374_q02_qid_6790/option_D.wav,610604,261164,572204,111404,568364,12.72,5.44,11.92,2.32,11.84,1.4283747673034668,0.7000257968902588,0.8362655639648438,0.6801948547363281,0.877779483795166,27.88477,3,0.6607518196105957,False,False,True,100,What is the domain of the function f of x x plus six over the square root x sittle grow phi three day minus four?,Option A in for one of Migants or four I am.,Option B Stokuchuke was hide bratty of blowing your furs using when,Option C Zero Connor 4.,Toption D and this one and says God this one nugget of one and says prefor you four and says Vit,1.215759515762329,0.2036571502685547,1.2185356616973877,0.1710186004638672,1.1728692054748535,3.981840133666992,,,,,,,,,
20260530_135247_asr_live,2026-05-30 13:56:31,parakeet_tdt_0_6b_v3,nvidia/parakeet-tdt-0.6b-v3,hf_asr_pipeline,cuda:1,float16,selected,selected,1,best_mean_similarity_if_available_else_preferred_beam,False,23.92607021331787,3,Maths,1,2,285374,6790,0,,0,,1,,2,,3,,/kaggle/working/asr_audio/20260530_135247_asr_live/parakeet_tdt_0_6b_v3/comp_3/attempt_001/session_285374_q02_qid_6790/question.wav,/kaggle/working/asr_audio/20260530_135247_asr_live/parakeet_tdt_0_6b_v3/comp_3/attempt_001/session_285374_q02_qid_6790/option_A.wav,/kaggle/working/asr_audio/20260530_135247_asr_live/parakeet_tdt_0_6b_v3/comp_3/attempt_001/session_285374_q02_qid_6790/option_B.wav,/kaggle/working/asr_audio/20260530_135247_asr_live/parakeet_tdt_0_6b_v3/comp_3/attempt_001/session_285374_q02_qid_6790/option_C.wav,/kaggle/working/asr_audio/20260530_135247_asr_live/parakeet_tdt_0_6b_v3/comp_3/attempt_001/session_285374_q02_qid_6790/option_D.wav,610604,261164,572204,111404,568364,12.72,5.44,11.92,2.32,11.84,1.4283747673034668,0.7000257968902588,0.8362655639648438,0.6801948547363281,0.877779483795166,27.88477,3,0.6607518196105957,False,False,True,100,What is the domain of the function f of x x plus six over the square root x sittle grow phi three day minus four?,Option A in for one of Migants or four I am.,Option B Stokuchuke was hide bratty of blowing your furs using when,Option C Zero Connor 4.,Toption D and this one and says God this one nugget of one and says prefor you four and says Vit,1.215759515762329,0.2036571502685547,1.2185356616973877,0.1710186004638672,1.1728692054748535,3.981840133666992,,,,,,,,,
20260530_135247_asr_live,2026-05-30 13:56:38,parakeet_tdt_0_6b_v3,nvidia/parakeet-tdt-0.6b-v3,hf_asr_pipeline,cuda:1,float16,1,candidate,,,False,23.92607021331787,3,Maths,2,1,285381,6831,0,,0,,1,,2,,3,,/kaggle/working/asr_audio/20260530_135247_asr_live/parakeet_tdt_0_6b_v3/comp_3/attempt_002/session_285381_q01_qid_6831/question.wav,/kaggle/working/asr_audio/20260530_135247_asr_live/parakeet_tdt_0_6b_v3/comp_3/attempt_002/session_285381_q01_qid_6831/option_A.wav,/kaggle/working/asr_audio/20260530_135247_asr_live/parakeet_tdt_0_6b_v3/comp_3/attempt_002/session_285381_q01_qid_6831/option_B.wav,/kaggle/working/asr_audio/20260530_135247_asr_live/parakeet_tdt_0_6b_v3/comp_3/attempt_002/session_285381_q01_qid_6831/option_C.wav,/kaggle/working/asr_audio/20260530_135247_asr_live/parakeet_tdt_0_6b_v3/comp_3/attempt_002/session_285381_q01_qid_6831/option_D.wav,1839404,119084,261164,111404,115244,38.32,2.48,5.44,2.32,2.4,1.7266032695770264,0.6807177066802979,0.6866409778594971,0.6801717281341553,0.6793670654296875,28.084677,2,0.6606323719024658,False,False,True,0,"An employment placement agency specializes in placing workers in jobs suited for them. From past experience, the agency knows that 20% of all the workers it places will no longer be at the position in which they were placed after one year. However, only 5% of those remaining after the first year leave during the next year. At the start of a year, an employer hires 10 workers using this agency. Then, at the start of the next year, the employer hires 10 more. How many of these 20 workers are expected to be on the job at the end of the second year?",Option A 140,Option B One Hund Dried 44,Option C one on fifty-two.,Toption D 156.,1.5406396389007568,0.17002511024475098,0.20406389236450195,0.1832718849182129,0.17306232452392578,2.2710628509521484,,,,,,,,,
20260530_135247_asr_live,2026-05-30 13:56:40,parakeet_tdt_0_6b_v3,nvidia/parakeet-tdt-0.6b-v3,hf_asr_pipeline,cuda:1,float16,selected,selected,1,best_mean_similarity_if_available_else_preferred_beam,False,23.92607021331787,3,Maths,2,1,285381,6831,0,,0,,1,,2,,3,,/kaggle/working/asr_audio/20260530_135247_asr_live/parakeet_tdt_0_6b_v3/comp_3/attempt_002/session_285381_q01_qid_6831/question.wav,/kaggle/working/asr_audio/20260530_135247_asr_live/parakeet_tdt_0_6b_v3/comp_3/attempt_002/session_285381_q01_qid_6831/option_A.wav,/kaggle/working/asr_audio/20260530_135247_asr_live/parakeet_tdt_0_6b_v3/comp_3/attempt_002/session_285381_q01_qid_6831/option_B.wav,/kaggle/working/asr_audio/20260530_135247_asr_live/parakeet_tdt_0_6b_v3/comp_3/attempt_002/session_285381_q01_qid_6831/option_C.wav,/kaggle/working/asr_audio/20260530_135247_asr_live/parakeet_tdt_0_6b_v3/comp_3/attempt_002/session_285381_q01_qid_6831/option_D.wav,1839404,119084,261164,111404,115244,38.32,2.48,5.44,2.32,2.4,1.7266032695770264,0.6807177066802979,0.6866409778594971,0.6801717281341553,0.6793670654296875,28.084677,2,0.6606323719024658,False,False,True,0,"An employment placement agency specializes in placing workers in jobs suited for them. From past experience, the agency knows that 20% of all the workers it places will no longer be at the position in which they were placed after one year. However, only 5% of those remaining after the first year leave during the next year. At the start of a year, an employer hires 10 workers using this agency. Then, at the start of the next year, the employer hires 10 more. How many of these 20 workers are expected to be on the job at the end of the second year?",Option A 140,Option B One Hund Dried 44,Option C one on fifty-two.,Toption D 156.,1.5406396389007568,0.17002511024475098,0.20406389236450195,0.1832718849182129,0.17306232452392578,2.2710628509521484,,,,,,,,,
20260530_135247_asr_live,2026-05-30 13:56:47,parakeet_tdt_0_6b_v3,nvidia/parakeet-tdt-0.6b-v3,hf_asr_pipeline,cuda:1,float16,1,candidate,,,False,23.92607021331787,3,Maths,3,1,285385,6645,0,,0,,1,,2,,3,,/kaggle/working/asr_audio/20260530_135247_asr_live/parakeet_tdt_0_6b_v3/comp_3/attempt_003/session_285385_q01_qid_6645/question.wav,/kaggle/working/asr_audio/20260530_135247_asr_live/parakeet_tdt_0_6b_v3/comp_3/attempt_003/session_285385_q01_qid_6645/option_A.wav,/kaggle/working/asr_audio/20260530_135247_asr_live/parakeet_tdt_0_6b_v3/comp_3/attempt_003/session_285385_q01_qid_6645/option_B.wav,/kaggle/working/asr_audio/20260530_135247_asr_live/parakeet_tdt_0_6b_v3/comp_3/attempt_003/session_285385_q01_qid_6645/option_C.wav,/kaggle/working/asr_audio/20260530_135247_asr_live/parakeet_tdt_0_6b_v3/comp_3/attempt_003/session_285385_q01_qid_6645/option_D.wav,1993004,614444,361004,560684,453164,41.52,12.8,7.52,11.68,9.44,1.727034330368042,0.7094874382019043,0.7009599208831787,0.8307528495788574,0.7348387241363525,28.027184,0,0.6611206531524658,False,False,True,0,"In a clinic, 50 patients with sleep disorders are randomly assigned to one of two different groups. Patients in one group are given medication before bedtime. Patients in the other group are given blindfolds and played soft music at bedtime. Each patient is attached to a machine that records breathing patterns. From the patterns, it is possible to determine if the patient is awake or asleep. The data will be used to decide which method is more effective in helping patients with sleep disorders. Which of the following statements is correct in the context of this experiment?",Option A This is a double blind experiment because the experimenters could prevent both groups of patients from knowing what sort of treatment the other group is receiving.,Option B. It is not possible for this experiment to be single-blind or double-blind because human subjects are involved.,Option C This is only a single blind experiment because the experimenters did not include a control group that received neither medication nor blindfold and soft music.,"Option D This is only a single blind experiment because patients will know which treatment they are receiving, although the examining doctor might not.",1.5315041542053223,1.1773097515106201,1.1487257480621338,0.2534010410308838,0.23558735847473145,4.346528053283691,,,,,,,,,
20260530_135247_asr_live,2026-05-30 13:56:51,parakeet_tdt_0_6b_v3,nvidia/parakeet-tdt-0.6b-v3,hf_asr_pipeline,cuda:1,float16,selected,selected,1,best_mean_similarity_if_available_else_preferred_beam,False,23.92607021331787,3,Maths,3,1,285385,6645,0,,0,,1,,2,,3,,/kaggle/working/asr_audio/20260530_135247_asr_live/parakeet_tdt_0_6b_v3/comp_3/attempt_003/session_285385_q01_qid_6645/question.wav,/kaggle/working/asr_audio/20260530_135247_asr_live/parakeet_tdt_0_6b_v3/comp_3/attempt_003/session_285385_q01_qid_6645/option_A.wav,/kaggle/working/asr_audio/20260530_135247_asr_live/parakeet_tdt_0_6b_v3/comp_3/attempt_003/session_285385_q01_qid_6645/option_B.wav,/kaggle/working/asr_audio/20260530_135247_asr_live/parakeet_tdt_0_6b_v3/comp_3/attempt_003/session_285385_q01_qid_6645/option_C.wav,/kaggle/working/asr_audio/20260530_135247_asr_live/parakeet_tdt_0_6b_v3/comp_3/attempt_003/session_285385_q01_qid_6645/option_D.wav,1993004,614444,361004,560684,453164,41.52,12.8,7.52,11.68,9.44,1.727034330368042,0.7094874382019043,0.7009599208831787,0.8307528495788574,0.7348387241363525,28.027184,0,0.6611206531524658,False,False,True,0,"In a clinic, 50 patients with sleep disorders are randomly assigned to one of two different groups. Patients in one group are given medication before bedtime. Patients in the other group are given blindfolds and played soft music at bedtime. Each patient is attached to a machine that records breathing patterns. From the patterns, it is possible to determine if the patient is awake or asleep. The data will be used to decide which method is more effective in helping patients with sleep disorders. Which of the following statements is correct in the context of this experiment?",Option A This is a double blind experiment because the experimenters could prevent both groups of patients from knowing what sort of treatment the other group is receiving.,Option B. It is not possible for this experiment to be single-blind or double-blind because human subjects are involved.,Option C This is only a single blind experiment because the experimenters did not include a control group that received neither medication nor blindfold and soft music.,"Option D This is only a single blind experiment because patients will know which treatment they are receiving, although the examining doctor might not.",1.5315041542053223,1.1773097515106201,1.1487257480621338,0.2534010410308838,0.23558735847473145,4.346528053283691,,,,,,,,,
20260530_135247_asr_live,2026-05-30 13:56:58,parakeet_tdt_0_6b_v3,nvidia/parakeet-tdt-0.6b-v3,hf_asr_pipeline,cuda:1,float16,1,candidate,,,False,23.92607021331787,3,Maths,4,1,285393,6992,0,,0,,1,,2,,3,,/kaggle/working/asr_audio/20260530_135247_asr_live/parakeet_tdt_0_6b_v3/comp_3/attempt_004/session_285393_q01_qid_6992/question.wav,/kaggle/working/asr_audio/20260530_135247_asr_live/parakeet_tdt_0_6b_v3/comp_3/attempt_004/session_285393_q01_qid_6992/option_A.wav,/kaggle/working/asr_audio/20260530_135247_asr_live/parakeet_tdt_0_6b_v3/comp_3/attempt_004/session_285393_q01_qid_6992/option_B.wav,/kaggle/working/asr_audio/20260530_135247_asr_live/parakeet_tdt_0_6b_v3/comp_3/attempt_004/session_285393_q01_qid_6992/option_C.wav,/kaggle/working/asr_audio/20260530_135247_asr_live/parakeet_tdt_0_6b_v3/comp_3/attempt_004/session_285393_q01_qid_6992/option_D.wav,1332524,157484,119084,364844,169004,27.76,3.28,2.48,7.6,3.52,1.58522367477417,0.6877586841583252,0.6798105239868164,0.8282923698425293,0.6883645057678223,28.075725,1,0.6605739593505859,False,False,True,0,"Which of the following statements is true? I. In order to use a Ukraai 2 procedure, the expected value for each cell of a 1 or 2 way table must be at least 5.2i. In order to use Ukraine procedures, you must have at least 2 degrees of freedom. 3. In a 4 Tumbad's 2 su wexido, the number of degrees of freedom is 3.",Option A I and uh I only,Hopsin B I only,Option C Only.,Toption D I and three eye only.,1.4341473579406738,0.18015146255493164,0.16757798194885254,1.1633491516113281,0.18627500534057617,3.1315009593963623,,,,,,,,,
20260530_135247_asr_live,2026-05-30 13:57:02,parakeet_tdt_0_6b_v3,nvidia/parakeet-tdt-0.6b-v3,hf_asr_pipeline,cuda:1,float16,selected,selected,1,best_mean_similarity_if_available_else_preferred_beam,False,23.92607021331787,3,Maths,4,1,285393,6992,0,,0,,1,,2,,3,,/kaggle/working/asr_audio/20260530_135247_asr_live/parakeet_tdt_0_6b_v3/comp_3/attempt_004/session_285393_q01_qid_6992/question.wav,/kaggle/working/asr_audio/20260530_135247_asr_live/parakeet_tdt_0_6b_v3/comp_3/attempt_004/session_285393_q01_qid_6992/option_A.wav,/kaggle/working/asr_audio/20260530_135247_asr_live/parakeet_tdt_0_6b_v3/comp_3/attempt_004/session_285393_q01_qid_6992/option_B.wav,/kaggle/working/asr_audio/20260530_135247_asr_live/parakeet_tdt_0_6b_v3/comp_3/attempt_004/session_285393_q01_qid_6992/option_C.wav,/kaggle/working/asr_audio/20260530_135247_asr_live/parakeet_tdt_0_6b_v3/comp_3/attempt_004/session_285393_q01_qid_6992/option_D.wav,1332524,157484,119084,364844,169004,27.76,3.28,2.48,7.6,3.52,1.58522367477417,0.6877586841583252,0.6798105239868164,0.8282923698425293,0.6883645057678223,28.075725,1,0.6605739593505859,False,False,True,0,"Which of the following statements is true? I. In order to use a Ukraai 2 procedure, the expected value for each cell of a 1 or 2 way table must be at least 5.2i. In order to use Ukraine procedures, you must have at least 2 degrees of freedom. 3. In a 4 Tumbad's 2 su wexido, the number of degrees of freedom is 3.",Option A I and uh I only,Hopsin B I only,Option C Only.,Toption D I and three eye only.,1.4341473579406738,0.18015146255493164,0.16757798194885254,1.1633491516113281,0.18627500534057617,3.1315009593963623,,,,,,,,,
20260530_135247_asr_live,2026-05-30 13:57:08,parakeet_tdt_0_6b_v3,nvidia/parakeet-tdt-0.6b-v3,hf_asr_pipeline,cuda:1,float16,1,candidate,,,False,23.92607021331787,3,Maths,5,1,285400,6915,0,,0,,1,,2,,3,,/kaggle/working/asr_audio/20260530_135247_asr_live/parakeet_tdt_0_6b_v3/comp_3/attempt_005/session_285400_q01_qid_6915/question.wav,/kaggle/working/asr_audio/20260530_135247_asr_live/parakeet_tdt_0_6b_v3/comp_3/attempt_005/session_285400_q01_qid_6915/option_A.wav,/kaggle/working/asr_audio/20260530_135247_asr_live/parakeet_tdt_0_6b_v3/comp_3/attempt_005/session_285400_q01_qid_6915/option_B.wav,/kaggle/working/asr_audio/20260530_135247_asr_live/parakeet_tdt_0_6b_v3/comp_3/attempt_005/session_285400_q01_qid_6915/option_C.wav,/kaggle/working/asr_audio/20260530_135247_asr_live/parakeet_tdt_0_6b_v3/comp_3/attempt_005/session_285400_q01_qid_6915/option_D.wav,675884,99884,111404,111404,145964,14.08,2.08,2.32,2.32,3.04,1.4312424659729004,0.6786587238311768,0.6786775588989258,0.6761047840118408,0.8232810497283936,27.940734,3,0.6603527069091797,False,False,True,0,"If a real number X is chosen at random in the interval, 0, 3, and a real number y is chosen at random in the interval. 0, 4. What is the probability that x'sless than y?",Option A One half,Option B 712,Option C five eighths,Option Dow Thirds,1.2039334774017334,0.16872668266296387,0.17202115058898926,0.17950749397277832,0.18868398666381836,1.9128727912902832,,,,,,,,,
20260530_135247_asr_live,2026-05-30 13:57:10,parakeet_tdt_0_6b_v3,nvidia/parakeet-tdt-0.6b-v3,hf_asr_pipeline,cuda:1,float16,selected,selected,1,best_mean_similarity_if_available_else_preferred_beam,False,23.92607021331787,3,Maths,5,1,285400,6915,0,,0,,1,,2,,3,,/kaggle/working/asr_audio/20260530_135247_asr_live/parakeet_tdt_0_6b_v3/comp_3/attempt_005/session_285400_q01_qid_6915/question.wav,/kaggle/working/asr_audio/20260530_135247_asr_live/parakeet_tdt_0_6b_v3/comp_3/attempt_005/session_285400_q01_qid_6915/option_A.wav,/kaggle/working/asr_audio/20260530_135247_asr_live/parakeet_tdt_0_6b_v3/comp_3/attempt_005/session_285400_q01_qid_6915/option_B.wav,/kaggle/working/asr_audio/20260530_135247_asr_live/parakeet_tdt_0_6b_v3/comp_3/attempt_005/session_285400_q01_qid_6915/option_C.wav,/kaggle/working/asr_audio/20260530_135247_asr_live/parakeet_tdt_0_6b_v3/comp_3/attempt_005/session_285400_q01_qid_6915/option_D.wav,675884,99884,111404,111404,145964,14.08,2.08,2.32,2.32,3.04,1.4312424659729004,0.6786587238311768,0.6786775588989258,0.6761047840118408,0.8232810497283936,27.940734,3,0.6603527069091797,False,False,True,0,"If a real number X is chosen at random in the interval, 0, 3, and a real number y is chosen at random in the interval. 0, 4. What is the probability that x'sless than y?",Option A One half,Option B 712,Option C five eighths,Option Dow Thirds,1.2039334774017334,0.16872668266296387,0.17202115058898926,0.17950749397277832,0.18868398666381836,1.9128727912902832,,,,,,,,,
20260530_135247_asr_live,2026-05-30 13:57:17,parakeet_tdt_0_6b_v3,nvidia/parakeet-tdt-0.6b-v3,hf_asr_pipeline,cuda:1,float16,1,candidate,,,False,23.92607021331787,4,Philosophy and Psychology,1,1,285407,7690,0,,0,,1,,2,,3,,/kaggle/working/asr_audio/20260530_135247_asr_live/parakeet_tdt_0_6b_v3/comp_4/attempt_001/session_285407_q01_qid_7690/question.wav,/kaggle/working/asr_audio/20260530_135247_asr_live/parakeet_tdt_0_6b_v3/comp_4/attempt_001/session_285407_q01_qid_7690/option_A.wav,/kaggle/working/asr_audio/20260530_135247_asr_live/parakeet_tdt_0_6b_v3/comp_4/attempt_001/session_285407_q01_qid_7690/option_B.wav,/kaggle/working/asr_audio/20260530_135247_asr_live/parakeet_tdt_0_6b_v3/comp_4/attempt_001/session_285407_q01_qid_7690/option_C.wav,/kaggle/working/asr_audio/20260530_135247_asr_live/parakeet_tdt_0_6b_v3/comp_4/attempt_001/session_285407_q01_qid_7690/option_D.wav,180524,195884,172844,192044,211244,3.76,4.08,3.6,4.0,4.4,1.130563497543335,0.8310515880584717,0.8224685192108154,0.8248400688171387,0.8232834339141846,27.937532,2,0.6619012355804443,False,False,True,0,Which of the following best describes the primary goal of conservatism?,Option A Preserving traditional institutions and values.,Option B Promoting Rapid So,Option C. Advocating for the abolition of traditional roles.,Option D Encouraging Economic Redistribution,0.19287467002868652,0.1980118751525879,0.1853961944580078,0.19392633438110352,0.1952829360961914,0.9654920101165771,,,,,,,,,
20260530_135247_asr_live,2026-05-30 13:57:18,parakeet_tdt_0_6b_v3,nvidia/parakeet-tdt-0.6b-v3,hf_asr_pipeline,cuda:1,float16,selected,selected,1,best_mean_similarity_if_available_else_preferred_beam,False,23.92607021331787,4,Philosophy and Psychology,1,1,285407,7690,0,,0,,1,,2,,3,,/kaggle/working/asr_audio/20260530_135247_asr_live/parakeet_tdt_0_6b_v3/comp_4/attempt_001/session_285407_q01_qid_7690/question.wav,/kaggle/working/asr_audio/20260530_135247_asr_live/parakeet_tdt_0_6b_v3/comp_4/attempt_001/session_285407_q01_qid_7690/option_A.wav,/kaggle/working/asr_audio/20260530_135247_asr_live/parakeet_tdt_0_6b_v3/comp_4/attempt_001/session_285407_q01_qid_7690/option_B.wav,/kaggle/working/asr_audio/20260530_135247_asr_live/parakeet_tdt_0_6b_v3/comp_4/attempt_001/session_285407_q01_qid_7690/option_C.wav,/kaggle/working/asr_audio/20260530_135247_asr_live/parakeet_tdt_0_6b_v3/comp_4/attempt_001/session_285407_q01_qid_7690/option_D.wav,180524,195884,172844,192044,211244,3.76,4.08,3.6,4.0,4.4,1.130563497543335,0.8310515880584717,0.8224685192108154,0.8248400688171387,0.8232834339141846,27.937532,2,0.6619012355804443,False,False,True,0,Which of the following best describes the primary goal of conservatism?,Option A Preserving traditional institutions and values.,Option B Promoting Rapid So,Option C. Advocating for the abolition of traditional roles.,Option D Encouraging Economic Redistribution,0.19287467002868652,0.1980118751525879,0.1853961944580078,0.19392633438110352,0.1952829360961914,0.9654920101165771,,,,,,,,,
20260530_135247_asr_live,2026-05-30 13:57:25,parakeet_tdt_0_6b_v3,nvidia/parakeet-tdt-0.6b-v3,hf_asr_pipeline,cuda:1,float16,1,candidate,,,False,23.92607021331787,4,Philosophy and Psychology,2,1,285413,9136,0,,0,,1,,2,,3,,/kaggle/working/asr_audio/20260530_135247_asr_live/parakeet_tdt_0_6b_v3/comp_4/attempt_002/session_285413_q01_qid_9136/question.wav,/kaggle/working/asr_audio/20260530_135247_asr_live/parakeet_tdt_0_6b_v3/comp_4/attempt_002/session_285413_q01_qid_9136/option_A.wav,/kaggle/working/asr_audio/20260530_135247_asr_live/parakeet_tdt_0_6b_v3/comp_4/attempt_002/session_285413_q01_qid_9136/option_B.wav,/kaggle/working/asr_audio/20260530_135247_asr_live/parakeet_tdt_0_6b_v3/comp_4/attempt_002/session_285413_q01_qid_9136/option_C.wav,/kaggle/working/asr_audio/20260530_135247_asr_live/parakeet_tdt_0_6b_v3/comp_4/attempt_002/session_285413_q01_qid_9136/option_D.wav,238124,165164,172844,184364,165164,4.96,3.44,3.6,3.84,3.44,1.2726666927337646,0.8241875171661377,0.8232786655426025,0.8223726749420166,0.6868150234222412,28.075113,2,0.6613209247589111,False,False,True,0,Which of the following best describes the fundamental principle of distributism?,Option A Wide Distribution of Ownership,Option B State ownership of all property.,Option C unrestricted laissez faire capitalism.,Option D Centralization of Economic Power,0.19620561599731445,0.17937541007995605,0.18282127380371094,0.19214415550231934,0.1870861053466797,0.9376325607299805,,,,,,,,,
20260530_135247_asr_live,2026-05-30 13:57:26,parakeet_tdt_0_6b_v3,nvidia/parakeet-tdt-0.6b-v3,hf_asr_pipeline,cuda:1,float16,selected,selected,1,best_mean_similarity_if_available_else_preferred_beam,False,23.92607021331787,4,Philosophy and Psychology,2,1,285413,9136,0,,0,,1,,2,,3,,/kaggle/working/asr_audio/20260530_135247_asr_live/parakeet_tdt_0_6b_v3/comp_4/attempt_002/session_285413_q01_qid_9136/question.wav,/kaggle/working/asr_audio/20260530_135247_asr_live/parakeet_tdt_0_6b_v3/comp_4/attempt_002/session_285413_q01_qid_9136/option_A.wav,/kaggle/working/asr_audio/20260530_135247_asr_live/parakeet_tdt_0_6b_v3/comp_4/attempt_002/session_285413_q01_qid_9136/option_B.wav,/kaggle/working/asr_audio/20260530_135247_asr_live/parakeet_tdt_0_6b_v3/comp_4/attempt_002/session_285413_q01_qid_9136/option_C.wav,/kaggle/working/asr_audio/20260530_135247_asr_live/parakeet_tdt_0_6b_v3/comp_4/attempt_002/session_285413_q01_qid_9136/option_D.wav,238124,165164,172844,184364,165164,4.96,3.44,3.6,3.84,3.44,1.2726666927337646,0.8241875171661377,0.8232786655426025,0.8223726749420166,0.6868150234222412,28.075113,2,0.6613209247589111,False,False,True,0,Which of the following best describes the fundamental principle of distributism?,Option A Wide Distribution of Ownership,Option B State ownership of all property.,Option C unrestricted laissez faire capitalism.,Option D Centralization of Economic Power,0.19620561599731445,0.17937541007995605,0.18282127380371094,0.19214415550231934,0.1870861053466797,0.9376325607299805,,,,,,,,,
20260530_135247_asr_live,2026-05-30 13:57:32,parakeet_tdt_0_6b_v3,nvidia/parakeet-tdt-0.6b-v3,hf_asr_pipeline,cuda:1,float16,1,candidate,,,False,23.92607021331787,4,Philosophy and Psychology,3,1,285417,10225,0,,0,,1,,2,,3,,/kaggle/working/asr_audio/20260530_135247_asr_live/parakeet_tdt_0_6b_v3/comp_4/attempt_003/session_285417_q01_qid_10225/question.wav,/kaggle/working/asr_audio/20260530_135247_asr_live/parakeet_tdt_0_6b_v3/comp_4/attempt_003/session_285417_q01_qid_10225/option_A.wav,/kaggle/working/asr_audio/20260530_135247_asr_live/parakeet_tdt_0_6b_v3/comp_4/attempt_003/session_285417_q01_qid_10225/option_B.wav,/kaggle/working/asr_audio/20260530_135247_asr_live/parakeet_tdt_0_6b_v3/comp_4/attempt_003/session_285417_q01_qid_10225/option_C.wav,/kaggle/working/asr_audio/20260530_135247_asr_live/parakeet_tdt_0_6b_v3/comp_4/attempt_003/session_285417_q01_qid_10225/option_D.wav,372524,153644,130604,142124,119084,7.76,3.2,2.72,2.96,2.48,1.28230881690979,0.6883251667022705,0.6814696788787842,0.8204450607299805,0.6814548969268799,27.983364,1,0.6609649658203125,False,False,True,0,What term describes the concept that morality is more than one thing according to Moral Foundation's theory?,Option A Moral Sentimentalism,Option B Moral Rationalism,Option C Moral Foundations,Toption D Moral Dumbfounding.,0.22285938262939453,0.17891573905944824,0.1830458641052246,0.1749882698059082,0.1735246181488037,0.9333338737487793,,,,,,,,,
20260530_135247_asr_live,2026-05-30 13:57:33,parakeet_tdt_0_6b_v3,nvidia/parakeet-tdt-0.6b-v3,hf_asr_pipeline,cuda:1,float16,selected,selected,1,best_mean_similarity_if_available_else_preferred_beam,False,23.92607021331787,4,Philosophy and Psychology,3,1,285417,10225,0,,0,,1,,2,,3,,/kaggle/working/asr_audio/20260530_135247_asr_live/parakeet_tdt_0_6b_v3/comp_4/attempt_003/session_285417_q01_qid_10225/question.wav,/kaggle/working/asr_audio/20260530_135247_asr_live/parakeet_tdt_0_6b_v3/comp_4/attempt_003/session_285417_q01_qid_10225/option_A.wav,/kaggle/working/asr_audio/20260530_135247_asr_live/parakeet_tdt_0_6b_v3/comp_4/attempt_003/session_285417_q01_qid_10225/option_B.wav,/kaggle/working/asr_audio/20260530_135247_asr_live/parakeet_tdt_0_6b_v3/comp_4/attempt_003/session_285417_q01_qid_10225/option_C.wav,/kaggle/working/asr_audio/20260530_135247_asr_live/parakeet_tdt_0_6b_v3/comp_4/attempt_003/session_285417_q01_qid_10225/option_D.wav,372524,153644,130604,142124,119084,7.76,3.2,2.72,2.96,2.48,1.28230881690979,0.6883251667022705,0.6814696788787842,0.8204450607299805,0.6814548969268799,27.983364,1,0.6609649658203125,False,False,True,0,What term describes the concept that morality is more than one thing according to Moral Foundation's theory?,Option A Moral Sentimentalism,Option B Moral Rationalism,Option C Moral Foundations,Toption D Moral Dumbfounding.,0.22285938262939453,0.17891573905944824,0.1830458641052246,0.1749882698059082,0.1735246181488037,0.9333338737487793,,,,,,,,,
20260530_135247_asr_live,2026-05-30 13:57:40,parakeet_tdt_0_6b_v3,nvidia/parakeet-tdt-0.6b-v3,hf_asr_pipeline,cuda:1,float16,1,candidate,,,False,23.92607021331787,4,Philosophy and Psychology,4,1,285421,7808,0,,0,,1,,2,,3,,/kaggle/working/asr_audio/20260530_135247_asr_live/parakeet_tdt_0_6b_v3/comp_4/attempt_004/session_285421_q01_qid_7808/question.wav,/kaggle/working/asr_audio/20260530_135247_asr_live/parakeet_tdt_0_6b_v3/comp_4/attempt_004/session_285421_q01_qid_7808/option_A.wav,/kaggle/working/asr_audio/20260530_135247_asr_live/parakeet_tdt_0_6b_v3/comp_4/attempt_004/session_285421_q01_qid_7808/option_B.wav,/kaggle/working/asr_audio/20260530_135247_asr_live/parakeet_tdt_0_6b_v3/comp_4/attempt_004/session_285421_q01_qid_7808/option_C.wav,/kaggle/working/asr_audio/20260530_135247_asr_live/parakeet_tdt_0_6b_v3/comp_4/attempt_004/session_285421_q01_qid_7808/option_D.wav,226604,107564,99884,107564,145964,4.72,2.24,2.08,2.24,3.04,1.2718513011932373,0.6795263290405273,0.6788930892944336,0.8201470375061035,0.8240096569061279,27.937371,1,0.6616499423980713,False,False,True,0,What term describes the state of being aware of one's surroundings and responsive to them?,Option A Cognizance.,Option B Perception.,Option C Introspection,Option D ka Consciousness,0.2077193260192871,0.17691850662231445,0.16129040718078613,0.16705942153930664,0.18246245384216309,0.8954501152038574,,,,,,,,,
20260530_135247_asr_live,2026-05-30 13:57:41,parakeet_tdt_0_6b_v3,nvidia/parakeet-tdt-0.6b-v3,hf_asr_pipeline,cuda:1,float16,selected,selected,1,best_mean_similarity_if_available_else_preferred_beam,False,23.92607021331787,4,Philosophy and Psychology,4,1,285421,7808,0,,0,,1,,2,,3,,/kaggle/working/asr_audio/20260530_135247_asr_live/parakeet_tdt_0_6b_v3/comp_4/attempt_004/session_285421_q01_qid_7808/question.wav,/kaggle/working/asr_audio/20260530_135247_asr_live/parakeet_tdt_0_6b_v3/comp_4/attempt_004/session_285421_q01_qid_7808/option_A.wav,/kaggle/working/asr_audio/20260530_135247_asr_live/parakeet_tdt_0_6b_v3/comp_4/attempt_004/session_285421_q01_qid_7808/option_B.wav,/kaggle/working/asr_audio/20260530_135247_asr_live/parakeet_tdt_0_6b_v3/comp_4/attempt_004/session_285421_q01_qid_7808/option_C.wav,/kaggle/working/asr_audio/20260530_135247_asr_live/parakeet_tdt_0_6b_v3/comp_4/attempt_004/session_285421_q01_qid_7808/option_D.wav,226604,107564,99884,107564,145964,4.72,2.24,2.08,2.24,3.04,1.2718513011932373,0.6795263290405273,0.6788930892944336,0.8201470375061035,0.8240096569061279,27.937371,1,0.6616499423980713,False,False,True,0,What term describes the state of being aware of one's surroundings and responsive to them?,Option A Cognizance.,Option B Perception.,Option C Introspection,Option D ka Consciousness,0.2077193260192871,0.17691850662231445,0.16129040718078613,0.16705942153930664,0.18246245384216309,0.8954501152038574,,,,,,,,,
20260530_135247_asr_live,2026-05-30 13:57:48,parakeet_tdt_0_6b_v3,nvidia/parakeet-tdt-0.6b-v3,hf_asr_pipeline,cuda:1,float16,1,candidate,,,False,23.92607021331787,4,Philosophy and Psychology,5,1,285425,7481,0,,0,,1,,2,,3,,/kaggle/working/asr_audio/20260530_135247_asr_live/parakeet_tdt_0_6b_v3/comp_4/attempt_005/session_285425_q01_qid_7481/question.wav,/kaggle/working/asr_audio/20260530_135247_asr_live/parakeet_tdt_0_6b_v3/comp_4/attempt_005/session_285425_q01_qid_7481/option_A.wav,/kaggle/working/asr_audio/20260530_135247_asr_live/parakeet_tdt_0_6b_v3/comp_4/attempt_005/session_285425_q01_qid_7481/option_B.wav,/kaggle/working/asr_audio/20260530_135247_asr_live/parakeet_tdt_0_6b_v3/comp_4/attempt_005/session_285425_q01_qid_7481/option_C.wav,/kaggle/working/asr_audio/20260530_135247_asr_live/parakeet_tdt_0_6b_v3/comp_4/attempt_005/session_285425_q01_qid_7481/option_D.wav,238124,222764,218924,245804,330284,4.96,4.64,4.56,5.12,6.88,1.2733991146087646,0.8298189640045166,0.8251247406005859,0.8260974884033203,0.8328428268432617,27.931047,2,0.6609852313995361,False,False,True,0,Which of the following best describes Francis Bacon's approach to science and philosophy?,Option A He strictly adhered to Aristotelian philosophy!,Option B He focused solely on religious texts for knowledge.,Option C He rejected all forms of scientific inquiry.,Toption D He believed in the supremacy of empirical evidence and inductive reasoning.,0.21425461769104004,0.1966254711151123,0.19431543350219727,0.1946709156036377,0.21869683265686035,1.0185632705688477,,,,,,,,,
20260530_135247_asr_live,2026-05-30 13:57:49,parakeet_tdt_0_6b_v3,nvidia/parakeet-tdt-0.6b-v3,hf_asr_pipeline,cuda:1,float16,selected,selected,1,best_mean_similarity_if_available_else_preferred_beam,False,23.92607021331787,4,Philosophy and Psychology,5,1,285425,7481,0,,0,,1,,2,,3,,/kaggle/working/asr_audio/20260530_135247_asr_live/parakeet_tdt_0_6b_v3/comp_4/attempt_005/session_285425_q01_qid_7481/question.wav,/kaggle/working/asr_audio/20260530_135247_asr_live/parakeet_tdt_0_6b_v3/comp_4/attempt_005/session_285425_q01_qid_7481/option_A.wav,/kaggle/working/asr_audio/20260530_135247_asr_live/parakeet_tdt_0_6b_v3/comp_4/attempt_005/session_285425_q01_qid_7481/option_B.wav,/kaggle/working/asr_audio/20260530_135247_asr_live/parakeet_tdt_0_6b_v3/comp_4/attempt_005/session_285425_q01_qid_7481/option_C.wav,/kaggle/working/asr_audio/20260530_135247_asr_live/parakeet_tdt_0_6b_v3/comp_4/attempt_005/session_285425_q01_qid_7481/option_D.wav,238124,222764,218924,245804,330284,4.96,4.64,4.56,5.12,6.88,1.2733991146087646,0.8298189640045166,0.8251247406005859,0.8260974884033203,0.8328428268432617,27.931047,2,0.6609852313995361,False,False,True,0,Which of the following best describes Francis Bacon's approach to science and philosophy?,Option A He strictly adhered to Aristotelian philosophy!,Option B He focused solely on religious texts for knowledge.,Option C He rejected all forms of scientific inquiry.,Toption D He believed in the supremacy of empirical evidence and inductive reasoning.,0.21425461769104004,0.1966254711151123,0.19431543350219727,0.1946709156036377,0.21869683265686035,1.0185632705688477,,,,,,,,,
20260530_135247_asr_live,2026-05-30 13:57:55,parakeet_tdt_0_6b_v3,nvidia/parakeet-tdt-0.6b-v3,hf_asr_pipeline,cuda:1,float16,1,candidate,,,False,23.92607021331787,5,News,1,1,285430,11563,0,,0,,1,,2,,3,,/kaggle/working/asr_audio/20260530_135247_asr_live/parakeet_tdt_0_6b_v3/comp_5/attempt_001/session_285430_q01_qid_11563/question.wav,/kaggle/working/asr_audio/20260530_135247_asr_live/parakeet_tdt_0_6b_v3/comp_5/attempt_001/session_285430_q01_qid_11563/option_A.wav,/kaggle/working/asr_audio/20260530_135247_asr_live/parakeet_tdt_0_6b_v3/comp_5/attempt_001/session_285430_q01_qid_11563/option_B.wav,/kaggle/working/asr_audio/20260530_135247_asr_live/parakeet_tdt_0_6b_v3/comp_5/attempt_001/session_285430_q01_qid_11563/option_C.wav,/kaggle/working/asr_audio/20260530_135247_asr_live/parakeet_tdt_0_6b_v3/comp_5/attempt_001/session_285430_q01_qid_11563/option_D.wav,698924,103724,145964,92204,157484,14.56,2.16,3.04,1.92,3.28,1.465256929397583,0.6799545288085938,0.6842865943908691,0.6785883903503418,0.8273100852966309,27.934425,0,0.661524772644043,False,False,True,0,"According to the article published on 2026 0518, which international movement was leading the Gaza bound aid flotilla that was intercepted by Israeli forces?",Option A Greenpeace.,Option B Doctors Without Borders,Option C Red Cross.,Toption D Global Sumoed Flotilla.,1.201598882675171,0.16479849815368652,0.182786226272583,0.1634533405303955,0.1811966896057129,1.8938336372375488,,,,,,,,,
20260530_135247_asr_live,2026-05-30 13:57:57,parakeet_tdt_0_6b_v3,nvidia/parakeet-tdt-0.6b-v3,hf_asr_pipeline,cuda:1,float16,selected,selected,1,best_mean_similarity_if_available_else_preferred_beam,False,23.92607021331787,5,News,1,1,285430,11563,0,,0,,1,,2,,3,,/kaggle/working/asr_audio/20260530_135247_asr_live/parakeet_tdt_0_6b_v3/comp_5/attempt_001/session_285430_q01_qid_11563/question.wav,/kaggle/working/asr_audio/20260530_135247_asr_live/parakeet_tdt_0_6b_v3/comp_5/attempt_001/session_285430_q01_qid_11563/option_A.wav,/kaggle/working/asr_audio/20260530_135247_asr_live/parakeet_tdt_0_6b_v3/comp_5/attempt_001/session_285430_q01_qid_11563/option_B.wav,/kaggle/working/asr_audio/20260530_135247_asr_live/parakeet_tdt_0_6b_v3/comp_5/attempt_001/session_285430_q01_qid_11563/option_C.wav,/kaggle/working/asr_audio/20260530_135247_asr_live/parakeet_tdt_0_6b_v3/comp_5/attempt_001/session_285430_q01_qid_11563/option_D.wav,698924,103724,145964,92204,157484,14.56,2.16,3.04,1.92,3.28,1.465256929397583,0.6799545288085938,0.6842865943908691,0.6785883903503418,0.8273100852966309,27.934425,0,0.661524772644043,False,False,True,0,"According to the article published on 2026 0518, which international movement was leading the Gaza bound aid flotilla that was intercepted by Israeli forces?",Option A Greenpeace.,Option B Doctors Without Borders,Option C Red Cross.,Toption D Global Sumoed Flotilla.,1.201598882675171,0.16479849815368652,0.182786226272583,0.1634533405303955,0.1811966896057129,1.8938336372375488,,,,,,,,,
20260530_135247_asr_live,2026-05-30 13:58:04,parakeet_tdt_0_6b_v3,nvidia/parakeet-tdt-0.6b-v3,hf_asr_pipeline,cuda:1,float16,1,candidate,,,False,23.92607021331787,5,News,2,1,285435,11117,0,,0,,1,,2,,3,,/kaggle/working/asr_audio/20260530_135247_asr_live/parakeet_tdt_0_6b_v3/comp_5/attempt_002/session_285435_q01_qid_11117/question.wav,/kaggle/working/asr_audio/20260530_135247_asr_live/parakeet_tdt_0_6b_v3/comp_5/attempt_002/session_285435_q01_qid_11117/option_A.wav,/kaggle/working/asr_audio/20260530_135247_asr_live/parakeet_tdt_0_6b_v3/comp_5/attempt_002/session_285435_q01_qid_11117/option_B.wav,/kaggle/working/asr_audio/20260530_135247_asr_live/parakeet_tdt_0_6b_v3/comp_5/attempt_002/session_285435_q01_qid_11117/option_C.wav,/kaggle/working/asr_audio/20260530_135247_asr_live/parakeet_tdt_0_6b_v3/comp_5/attempt_002/session_285435_q01_qid_11117/option_D.wav,556844,111404,161324,92204,92204,11.6,2.32,3.36,1.92,1.92,1.4303436279296875,0.6809828281402588,0.821117639541626,0.6772034168243408,0.6791996955871582,28.082253,0,0.661017656326294,False,False,True,0,"According to the article published on twenty twenty six O five fourteen, which company conducted the experiment where AI agents displayed rogue behaviors similar to arson?",Option A JP Morgan,Option B Emergence AI,Option C Google.,Toption D Walmart.,1.227480411529541,0.16762995719909668,0.17916250228881836,0.1613447666168213,0.1698296070098877,1.905447244644165,,,,,,,,,
20260530_135247_asr_live,2026-05-30 13:58:06,parakeet_tdt_0_6b_v3,nvidia/parakeet-tdt-0.6b-v3,hf_asr_pipeline,cuda:1,float16,selected,selected,1,best_mean_similarity_if_available_else_preferred_beam,False,23.92607021331787,5,News,2,1,285435,11117,0,,0,,1,,2,,3,,/kaggle/working/asr_audio/20260530_135247_asr_live/parakeet_tdt_0_6b_v3/comp_5/attempt_002/session_285435_q01_qid_11117/question.wav,/kaggle/working/asr_audio/20260530_135247_asr_live/parakeet_tdt_0_6b_v3/comp_5/attempt_002/session_285435_q01_qid_11117/option_A.wav,/kaggle/working/asr_audio/20260530_135247_asr_live/parakeet_tdt_0_6b_v3/comp_5/attempt_002/session_285435_q01_qid_11117/option_B.wav,/kaggle/working/asr_audio/20260530_135247_asr_live/parakeet_tdt_0_6b_v3/comp_5/attempt_002/session_285435_q01_qid_11117/option_C.wav,/kaggle/working/asr_audio/20260530_135247_asr_live/parakeet_tdt_0_6b_v3/comp_5/attempt_002/session_285435_q01_qid_11117/option_D.wav,556844,111404,161324,92204,92204,11.6,2.32,3.36,1.92,1.92,1.4303436279296875,0.6809828281402588,0.821117639541626,0.6772034168243408,0.6791996955871582,28.082253,0,0.661017656326294,False,False,True,0,"According to the article published on twenty twenty six O five fourteen, which company conducted the experiment where AI agents displayed rogue behaviors similar to arson?",Option A JP Morgan,Option B Emergence AI,Option C Google.,Toption D Walmart.,1.227480411529541,0.16762995719909668,0.17916250228881836,0.1613447666168213,0.1698296070098877,1.905447244644165,,,,,,,,,
20260530_135247_asr_live,2026-05-30 13:58:13,parakeet_tdt_0_6b_v3,nvidia/parakeet-tdt-0.6b-v3,hf_asr_pipeline,cuda:1,float16,1,candidate,,,False,23.92607021331787,5,News,3,1,285442,10922,0,,0,,1,,2,,3,,/kaggle/working/asr_audio/20260530_135247_asr_live/parakeet_tdt_0_6b_v3/comp_5/attempt_003/session_285442_q01_qid_10922/question.wav,/kaggle/working/asr_audio/20260530_135247_asr_live/parakeet_tdt_0_6b_v3/comp_5/attempt_003/session_285442_q01_qid_10922/option_A.wav,/kaggle/working/asr_audio/20260530_135247_asr_live/parakeet_tdt_0_6b_v3/comp_5/attempt_003/session_285442_q01_qid_10922/option_B.wav,/kaggle/working/asr_audio/20260530_135247_asr_live/parakeet_tdt_0_6b_v3/comp_5/attempt_003/session_285442_q01_qid_10922/option_C.wav,/kaggle/working/asr_audio/20260530_135247_asr_live/parakeet_tdt_0_6b_v3/comp_5/attempt_003/session_285442_q01_qid_10922/option_D.wav,560684,126764,418604,111404,149804,11.68,2.64,8.72,2.32,3.12,1.4283177852630615,0.6826663017272949,0.8654789924621582,0.6802685260772705,0.8209960460662842,27.940851,3,0.660987138748169,False,False,True,0,"On twenty twenty six O five fifteen, the article mentioned that which foreign minister defined the Strait of Hormuz as an exclusively Omani Iranian waterway?",Option Abbas at a chi.,Hobson B Donald Trump Qui do Crump DuPod steps You know you ninety Moore the Greffel?,Option C Marco Rubio.,Toption D Arsenio Dominguez.,0.27339935302734375,0.1743605136871338,1.2002601623535156,0.16930651664733887,0.18239521980285645,1.9997217655181885,,,,,,,,,
20260530_135247_asr_live,2026-05-30 13:58:15,parakeet_tdt_0_6b_v3,nvidia/parakeet-tdt-0.6b-v3,hf_asr_pipeline,cuda:1,float16,selected,selected,1,best_mean_similarity_if_available_else_preferred_beam,False,23.92607021331787,5,News,3,1,285442,10922,0,,0,,1,,2,,3,,/kaggle/working/asr_audio/20260530_135247_asr_live/parakeet_tdt_0_6b_v3/comp_5/attempt_003/session_285442_q01_qid_10922/question.wav,/kaggle/working/asr_audio/20260530_135247_asr_live/parakeet_tdt_0_6b_v3/comp_5/attempt_003/session_285442_q01_qid_10922/option_A.wav,/kaggle/working/asr_audio/20260530_135247_asr_live/parakeet_tdt_0_6b_v3/comp_5/attempt_003/session_285442_q01_qid_10922/option_B.wav,/kaggle/working/asr_audio/20260530_135247_asr_live/parakeet_tdt_0_6b_v3/comp_5/attempt_003/session_285442_q01_qid_10922/option_C.wav,/kaggle/working/asr_audio/20260530_135247_asr_live/parakeet_tdt_0_6b_v3/comp_5/attempt_003/session_285442_q01_qid_10922/option_D.wav,560684,126764,418604,111404,149804,11.68,2.64,8.72,2.32,3.12,1.4283177852630615,0.6826663017272949,0.8654789924621582,0.6802685260772705,0.8209960460662842,27.940851,3,0.660987138748169,False,False,True,0,"On twenty twenty six O five fifteen, the article mentioned that which foreign minister defined the Strait of Hormuz as an exclusively Omani Iranian waterway?",Option Abbas at a chi.,Hobson B Donald Trump Qui do Crump DuPod steps You know you ninety Moore the Greffel?,Option C Marco Rubio.,Toption D Arsenio Dominguez.,0.27339935302734375,0.1743605136871338,1.2002601623535156,0.16930651664733887,0.18239521980285645,1.9997217655181885,,,,,,,,,
20260530_135247_asr_live,2026-05-30 13:58:22,parakeet_tdt_0_6b_v3,nvidia/parakeet-tdt-0.6b-v3,hf_asr_pipeline,cuda:1,float16,1,candidate,,,False,23.92607021331787,5,News,4,1,285448,10759,0,,0,,1,,2,,3,,/kaggle/working/asr_audio/20260530_135247_asr_live/parakeet_tdt_0_6b_v3/comp_5/attempt_004/session_285448_q01_qid_10759/question.wav,/kaggle/working/asr_audio/20260530_135247_asr_live/parakeet_tdt_0_6b_v3/comp_5/attempt_004/session_285448_q01_qid_10759/option_A.wav,/kaggle/working/asr_audio/20260530_135247_asr_live/parakeet_tdt_0_6b_v3/comp_5/attempt_004/session_285448_q01_qid_10759/option_B.wav,/kaggle/working/asr_audio/20260530_135247_asr_live/parakeet_tdt_0_6b_v3/comp_5/attempt_004/session_285448_q01_qid_10759/option_C.wav,/kaggle/working/asr_audio/20260530_135247_asr_live/parakeet_tdt_0_6b_v3/comp_5/attempt_004/session_285448_q01_qid_10759/option_D.wav,368684,115244,119084,122924,92204,7.68,2.4,2.48,2.56,1.92,1.2820100784301758,0.6830413341522217,0.8195326328277588,0.81996750831604,0.6788139343261719,28.083427,0,0.6610610485076904,False,False,True,0,"On 2026 of 0517, which patient praised the new less invasive womb cancer test at Ipswich Hospital?",Option A Wendy McNabb,Hopson B Alice Cunningham,Option C Angelo Ransby.,Toption D Dr. Smith.,1.2031135559082031,0.17207717895507812,0.16733288764953613,0.17287731170654297,0.16895818710327148,1.8843591213226318,,,,,,,,,
20260530_135247_asr_live,2026-05-30 13:58:24,parakeet_tdt_0_6b_v3,nvidia/parakeet-tdt-0.6b-v3,hf_asr_pipeline,cuda:1,float16,selected,selected,1,best_mean_similarity_if_available_else_preferred_beam,False,23.92607021331787,5,News,4,1,285448,10759,0,,0,,1,,2,,3,,/kaggle/working/asr_audio/20260530_135247_asr_live/parakeet_tdt_0_6b_v3/comp_5/attempt_004/session_285448_q01_qid_10759/question.wav,/kaggle/working/asr_audio/20260530_135247_asr_live/parakeet_tdt_0_6b_v3/comp_5/attempt_004/session_285448_q01_qid_10759/option_A.wav,/kaggle/working/asr_audio/20260530_135247_asr_live/parakeet_tdt_0_6b_v3/comp_5/attempt_004/session_285448_q01_qid_10759/option_B.wav,/kaggle/working/asr_audio/20260530_135247_asr_live/parakeet_tdt_0_6b_v3/comp_5/attempt_004/session_285448_q01_qid_10759/option_C.wav,/kaggle/working/asr_audio/20260530_135247_asr_live/parakeet_tdt_0_6b_v3/comp_5/attempt_004/session_285448_q01_qid_10759/option_D.wav,368684,115244,119084,122924,92204,7.68,2.4,2.48,2.56,1.92,1.2820100784301758,0.6830413341522217,0.8195326328277588,0.81996750831604,0.6788139343261719,28.083427,0,0.6610610485076904,False,False,True,0,"On 2026 of 0517, which patient praised the new less invasive womb cancer test at Ipswich Hospital?",Option A Wendy McNabb,Hopson B Alice Cunningham,Option C Angelo Ransby.,Toption D Dr. Smith.,1.2031135559082031,0.17207717895507812,0.16733288764953613,0.17287731170654297,0.16895818710327148,1.8843591213226318,,,,,,,,,
20260530_135247_asr_live,2026-05-30 13:58:30,parakeet_tdt_0_6b_v3,nvidia/parakeet-tdt-0.6b-v3,hf_asr_pipeline,cuda:1,float16,1,candidate,,,False,23.92607021331787,5,News,5,1,285449,11100,0,,0,,1,,2,,3,,/kaggle/working/asr_audio/20260530_135247_asr_live/parakeet_tdt_0_6b_v3/comp_5/attempt_005/session_285449_q01_qid_11100/question.wav,/kaggle/working/asr_audio/20260530_135247_asr_live/parakeet_tdt_0_6b_v3/comp_5/attempt_005/session_285449_q01_qid_11100/option_A.wav,/kaggle/working/asr_audio/20260530_135247_asr_live/parakeet_tdt_0_6b_v3/comp_5/attempt_005/session_285449_q01_qid_11100/option_B.wav,/kaggle/working/asr_audio/20260530_135247_asr_live/parakeet_tdt_0_6b_v3/comp_5/attempt_005/session_285449_q01_qid_11100/option_C.wav,/kaggle/working/asr_audio/20260530_135247_asr_live/parakeet_tdt_0_6b_v3/comp_5/attempt_005/session_285449_q01_qid_11100/option_D.wav,660524,84524,119084,107564,195884,13.76,1.76,2.48,2.24,4.08,1.4340200424194336,0.6778082847595215,0.6802108287811279,0.676074743270874,0.8344061374664307,27.927749,2,0.661064624786377,False,False,True,0,"According to the news article published on 2026 05 Fopent five, which platform committed to blocking UK access to accounts linked to ban terrorist groups?",Option A WhatsApp?,Option B they sp,Option C Instagram,"Toption D X, formerly known as Twitter.",1.2065694332122803,0.17153024673461914,0.17817115783691406,0.19758892059326172,0.194352388381958,1.9482121467590332,,,,,,,,,
20260530_135247_asr_live,2026-05-30 13:58:32,parakeet_tdt_0_6b_v3,nvidia/parakeet-tdt-0.6b-v3,hf_asr_pipeline,cuda:1,float16,selected,selected,1,best_mean_similarity_if_available_else_preferred_beam,False,23.92607021331787,5,News,5,1,285449,11100,0,,0,,1,,2,,3,,/kaggle/working/asr_audio/20260530_135247_asr_live/parakeet_tdt_0_6b_v3/comp_5/attempt_005/session_285449_q01_qid_11100/question.wav,/kaggle/working/asr_audio/20260530_135247_asr_live/parakeet_tdt_0_6b_v3/comp_5/attempt_005/session_285449_q01_qid_11100/option_A.wav,/kaggle/working/asr_audio/20260530_135247_asr_live/parakeet_tdt_0_6b_v3/comp_5/attempt_005/session_285449_q01_qid_11100/option_B.wav,/kaggle/working/asr_audio/20260530_135247_asr_live/parakeet_tdt_0_6b_v3/comp_5/attempt_005/session_285449_q01_qid_11100/option_C.wav,/kaggle/working/asr_audio/20260530_135247_asr_live/parakeet_tdt_0_6b_v3/comp_5/attempt_005/session_285449_q01_qid_11100/option_D.wav,660524,84524,119084,107564,195884,13.76,1.76,2.48,2.24,4.08,1.4340200424194336,0.6778082847595215,0.6802108287811279,0.676074743270874,0.8344061374664307,27.927749,2,0.661064624786377,False,False,True,0,"According to the news article published on 2026 05 Fopent five, which platform committed to blocking UK access to accounts linked to ban terrorist groups?",Option A WhatsApp?,Option B they sp,Option C Instagram,"Toption D X, formerly known as Twitter.",1.2065694332122803,0.17153024673461914,0.17817115783691406,0.19758892059326172,0.194352388381958,1.9482121467590332,,,,,,,,,
20260530_140123_asr_live,2026-05-30 14:03:30,parakeet_tdt_0_6b_v2,nvidia/parakeet-tdt-0.6b-v2,nemo_asr,cuda:1,float16,1,candidate,,,False,88.08999490737915,0,Entertainment,1,1,285567,108,0,,0,,1,,2,,3,,/kaggle/working/asr_audio/20260530_140123_asr_live/parakeet_tdt_0_6b_v2/comp_0/attempt_001/session_285567_q01_qid_108/question.wav,/kaggle/working/asr_audio/20260530_140123_asr_live/parakeet_tdt_0_6b_v2/comp_0/attempt_001/session_285567_q01_qid_108/option_A.wav,/kaggle/working/asr_audio/20260530_140123_asr_live/parakeet_tdt_0_6b_v2/comp_0/attempt_001/session_285567_q01_qid_108/option_B.wav,/kaggle/working/asr_audio/20260530_140123_asr_live/parakeet_tdt_0_6b_v2/comp_0/attempt_001/session_285567_q01_qid_108/option_C.wav,/kaggle/working/asr_audio/20260530_140123_asr_live/parakeet_tdt_0_6b_v2/comp_0/attempt_001/session_285567_q01_qid_108/option_D.wav,288044,130604,157484,169004,134444,6.0,2.72,3.28,3.52,2.8,1.2772455215454102,0.6822166442871094,0.8212954998016357,0.8213932514190674,0.6808125972747803,59.419108,0,0.6666774749755859,True,False,False,100,Which of the following best describes Jay-Z's role in the music industry as of 2017?,Option A. CEO of Rock Nation.,"Option B, president of Universal Music Group.",Option C President of Def G Jam Recordings.,"Option D, President of Reebok.",41.15308618545532,0.10939574241638184,0.10929322242736816,0.10705018043518066,0.09214425086975098,41.570969581604004,,,,,,,,,
20260530_140123_asr_live,2026-05-30 14:04:11,parakeet_tdt_0_6b_v2,nvidia/parakeet-tdt-0.6b-v2,nemo_asr,cuda:1,float16,selected,selected,1,best_mean_similarity_if_available_else_preferred_beam,False,88.08999490737915,0,Entertainment,1,1,285567,108,0,,0,,1,,2,,3,,/kaggle/working/asr_audio/20260530_140123_asr_live/parakeet_tdt_0_6b_v2/comp_0/attempt_001/session_285567_q01_qid_108/question.wav,/kaggle/working/asr_audio/20260530_140123_asr_live/parakeet_tdt_0_6b_v2/comp_0/attempt_001/session_285567_q01_qid_108/option_A.wav,/kaggle/working/asr_audio/20260530_140123_asr_live/parakeet_tdt_0_6b_v2/comp_0/attempt_001/session_285567_q01_qid_108/option_B.wav,/kaggle/working/asr_audio/20260530_140123_asr_live/parakeet_tdt_0_6b_v2/comp_0/attempt_001/session_285567_q01_qid_108/option_C.wav,/kaggle/working/asr_audio/20260530_140123_asr_live/parakeet_tdt_0_6b_v2/comp_0/attempt_001/session_285567_q01_qid_108/option_D.wav,288044,130604,157484,169004,134444,6.0,2.72,3.28,3.52,2.8,1.2772455215454102,0.6822166442871094,0.8212954998016357,0.8213932514190674,0.6808125972747803,59.419108,0,0.6666774749755859,True,False,False,100,Which of the following best describes Jay-Z's role in the music industry as of 2017?,Option A. CEO of Rock Nation.,"Option B, president of Universal Music Group.",Option C President of Def G Jam Recordings.,"Option D, President of Reebok.",41.15308618545532,0.10939574241638184,0.10929322242736816,0.10705018043518066,0.09214425086975098,41.570969581604004,,,,,,,,,
20260530_140123_asr_live,2026-05-30 14:04:17,parakeet_tdt_0_6b_v2,nvidia/parakeet-tdt-0.6b-v2,nemo_asr,cuda:1,float16,1,candidate,,,False,88.08999490737915,0,Entertainment,1,2,285567,728,0,,0,,1,,2,,3,,/kaggle/working/asr_audio/20260530_140123_asr_live/parakeet_tdt_0_6b_v2/comp_0/attempt_001/session_285567_q02_qid_728/question.wav,/kaggle/working/asr_audio/20260530_140123_asr_live/parakeet_tdt_0_6b_v2/comp_0/attempt_001/session_285567_q02_qid_728/option_A.wav,/kaggle/working/asr_audio/20260530_140123_asr_live/parakeet_tdt_0_6b_v2/comp_0/attempt_001/session_285567_q02_qid_728/option_B.wav,/kaggle/working/asr_audio/20260530_140123_asr_live/parakeet_tdt_0_6b_v2/comp_0/attempt_001/session_285567_q02_qid_728/option_C.wav,/kaggle/working/asr_audio/20260530_140123_asr_live/parakeet_tdt_0_6b_v2/comp_0/attempt_001/session_285567_q02_qid_728/option_D.wav,268844,207404,172844,330284,230444,5.6,4.32,3.6,6.88,4.8,1.4277551174163818,0.8269903659820557,0.6865942478179932,0.8331286907196045,0.7022368907928467,12.035987,3,0.6607489585876465,False,False,True,100,Which of the following best describes the primary message of the You Wouldn't Steal a Car campaign?,Option A. Encouraging the purchase of legitimate software.,Option B promoting the use of open source software.,Option C. Educating the public about the illegality of downloading and distributing copyrighted materials.,"Option D, advocating for the legalization of downloading copyrighted content.",0.15503525733947754,0.10008883476257324,0.09759879112243652,0.11443066596984863,0.10104751586914062,0.5682010650634766,,,,,,,,,
20260530_140123_asr_live,2026-05-30 14:04:18,parakeet_tdt_0_6b_v2,nvidia/parakeet-tdt-0.6b-v2,nemo_asr,cuda:1,float16,selected,selected,1,best_mean_similarity_if_available_else_preferred_beam,False,88.08999490737915,0,Entertainment,1,2,285567,728,0,,0,,1,,2,,3,,/kaggle/working/asr_audio/20260530_140123_asr_live/parakeet_tdt_0_6b_v2/comp_0/attempt_001/session_285567_q02_qid_728/question.wav,/kaggle/working/asr_audio/20260530_140123_asr_live/parakeet_tdt_0_6b_v2/comp_0/attempt_001/session_285567_q02_qid_728/option_A.wav,/kaggle/working/asr_audio/20260530_140123_asr_live/parakeet_tdt_0_6b_v2/comp_0/attempt_001/session_285567_q02_qid_728/option_B.wav,/kaggle/working/asr_audio/20260530_140123_asr_live/parakeet_tdt_0_6b_v2/comp_0/attempt_001/session_285567_q02_qid_728/option_C.wav,/kaggle/working/asr_audio/20260530_140123_asr_live/parakeet_tdt_0_6b_v2/comp_0/attempt_001/session_285567_q02_qid_728/option_D.wav,268844,207404,172844,330284,230444,5.6,4.32,3.6,6.88,4.8,1.4277551174163818,0.8269903659820557,0.6865942478179932,0.8331286907196045,0.7022368907928467,12.035987,3,0.6607489585876465,False,False,True,100,Which of the following best describes the primary message of the You Wouldn't Steal a Car campaign?,Option A. Encouraging the purchase of legitimate software.,Option B promoting the use of open source software.,Option C. Educating the public about the illegality of downloading and distributing copyrighted materials.,"Option D, advocating for the legalization of downloading copyrighted content.",0.15503525733947754,0.10008883476257324,0.09759879112243652,0.11443066596984863,0.10104751586914062,0.5682010650634766,,,,,,,,,
20260530_140123_asr_live,2026-05-30 14:04:24,parakeet_tdt_0_6b_v2,nvidia/parakeet-tdt-0.6b-v2,nemo_asr,cuda:1,float16,1,candidate,,,False,88.08999490737915,0,Entertainment,2,1,285579,286,0,,0,,1,,2,,3,,/kaggle/working/asr_audio/20260530_140123_asr_live/parakeet_tdt_0_6b_v2/comp_0/attempt_002/session_285579_q01_qid_286/question.wav,/kaggle/working/asr_audio/20260530_140123_asr_live/parakeet_tdt_0_6b_v2/comp_0/attempt_002/session_285579_q01_qid_286/option_A.wav,/kaggle/working/asr_audio/20260530_140123_asr_live/parakeet_tdt_0_6b_v2/comp_0/attempt_002/session_285579_q01_qid_286/option_B.wav,/kaggle/working/asr_audio/20260530_140123_asr_live/parakeet_tdt_0_6b_v2/comp_0/attempt_002/session_285579_q01_qid_286/option_C.wav,/kaggle/working/asr_audio/20260530_140123_asr_live/parakeet_tdt_0_6b_v2/comp_0/attempt_002/session_285579_q01_qid_286/option_D.wav,330284,84524,361004,92204,99884,6.88,1.76,7.52,1.92,2.08,1.2793035507202148,0.6793513298034668,0.9788002967834473,0.6788692474365234,0.6782991886138916,28.083945,3,0.6609485149383545,False,False,True,0,What term describes the juxtaposition of two seemingly unrelated images in a meme format?,Option A. Meme,Obs and B Mosaic.,Option C. Cash up?,"Option D, montage.",0.14867043495178223,0.09250044822692871,0.11071085929870605,0.08632326126098633,0.09210348129272461,0.5303084850311279,,,,,,,,,
20260530_140123_asr_live,2026-05-30 14:04:25,parakeet_tdt_0_6b_v2,nvidia/parakeet-tdt-0.6b-v2,nemo_asr,cuda:1,float16,selected,selected,1,best_mean_similarity_if_available_else_preferred_beam,False,88.08999490737915,0,Entertainment,2,1,285579,286,0,,0,,1,,2,,3,,/kaggle/working/asr_audio/20260530_140123_asr_live/parakeet_tdt_0_6b_v2/comp_0/attempt_002/session_285579_q01_qid_286/question.wav,/kaggle/working/asr_audio/20260530_140123_asr_live/parakeet_tdt_0_6b_v2/comp_0/attempt_002/session_285579_q01_qid_286/option_A.wav,/kaggle/working/asr_audio/20260530_140123_asr_live/parakeet_tdt_0_6b_v2/comp_0/attempt_002/session_285579_q01_qid_286/option_B.wav,/kaggle/working/asr_audio/20260530_140123_asr_live/parakeet_tdt_0_6b_v2/comp_0/attempt_002/session_285579_q01_qid_286/option_C.wav,/kaggle/working/asr_audio/20260530_140123_asr_live/parakeet_tdt_0_6b_v2/comp_0/attempt_002/session_285579_q01_qid_286/option_D.wav,330284,84524,361004,92204,99884,6.88,1.76,7.52,1.92,2.08,1.2793035507202148,0.6793513298034668,0.9788002967834473,0.6788692474365234,0.6782991886138916,28.083945,3,0.6609485149383545,False,False,True,0,What term describes the juxtaposition of two seemingly unrelated images in a meme format?,Option A. Meme,Obs and B Mosaic.,Option C. Cash up?,"Option D, montage.",0.14867043495178223,0.09250044822692871,0.11071085929870605,0.08632326126098633,0.09210348129272461,0.5303084850311279,,,,,,,,,
20260530_140123_asr_live,2026-05-30 14:04:32,parakeet_tdt_0_6b_v2,nvidia/parakeet-tdt-0.6b-v2,nemo_asr,cuda:1,float16,1,candidate,,,False,88.08999490737915,0,Entertainment,3,1,285581,563,0,,0,,1,,2,,3,,/kaggle/working/asr_audio/20260530_140123_asr_live/parakeet_tdt_0_6b_v2/comp_0/attempt_003/session_285581_q01_qid_563/question.wav,/kaggle/working/asr_audio/20260530_140123_asr_live/parakeet_tdt_0_6b_v2/comp_0/attempt_003/session_285581_q01_qid_563/option_A.wav,/kaggle/working/asr_audio/20260530_140123_asr_live/parakeet_tdt_0_6b_v2/comp_0/attempt_003/session_285581_q01_qid_563/option_B.wav,/kaggle/working/asr_audio/20260530_140123_asr_live/parakeet_tdt_0_6b_v2/comp_0/attempt_003/session_285581_q01_qid_563/option_C.wav,/kaggle/working/asr_audio/20260530_140123_asr_live/parakeet_tdt_0_6b_v2/comp_0/attempt_003/session_285581_q01_qid_563/option_D.wav,361004,211244,180524,188204,184364,7.52,4.4,3.76,3.92,3.84,1.280024766921997,0.8227362632751465,0.6866934299468994,0.819589376449585,0.687471866607666,59.418583,3,0.6664259433746338,True,False,False,100,"What is the primary reason for the film's extended version, which is twenty five minutes longer than the theatrical release?",Option A to increase the film's runtime for a longer runtime.,Option B to add more scenes of battle in Berlin.,Option C To provide more background on the characters.,Option D to include additional scenes in the Fear Bunker.,0.15614628791809082,0.11876535415649414,0.1105341911315918,0.10879945755004883,0.09434270858764648,0.5885879993438721,,,,,,,,,
20260530_140123_asr_live,2026-05-30 14:04:32,parakeet_tdt_0_6b_v2,nvidia/parakeet-tdt-0.6b-v2,nemo_asr,cuda:1,float16,selected,selected,1,best_mean_similarity_if_available_else_preferred_beam,False,88.08999490737915,0,Entertainment,3,1,285581,563,0,,0,,1,,2,,3,,/kaggle/working/asr_audio/20260530_140123_asr_live/parakeet_tdt_0_6b_v2/comp_0/attempt_003/session_285581_q01_qid_563/question.wav,/kaggle/working/asr_audio/20260530_140123_asr_live/parakeet_tdt_0_6b_v2/comp_0/attempt_003/session_285581_q01_qid_563/option_A.wav,/kaggle/working/asr_audio/20260530_140123_asr_live/parakeet_tdt_0_6b_v2/comp_0/attempt_003/session_285581_q01_qid_563/option_B.wav,/kaggle/working/asr_audio/20260530_140123_asr_live/parakeet_tdt_0_6b_v2/comp_0/attempt_003/session_285581_q01_qid_563/option_C.wav,/kaggle/working/asr_audio/20260530_140123_asr_live/parakeet_tdt_0_6b_v2/comp_0/attempt_003/session_285581_q01_qid_563/option_D.wav,361004,211244,180524,188204,184364,7.52,4.4,3.76,3.92,3.84,1.280024766921997,0.8227362632751465,0.6866934299468994,0.819589376449585,0.687471866607666,59.418583,3,0.6664259433746338,True,False,False,100,"What is the primary reason for the film's extended version, which is twenty five minutes longer than the theatrical release?",Option A to increase the film's runtime for a longer runtime.,Option B to add more scenes of battle in Berlin.,Option C To provide more background on the characters.,Option D to include additional scenes in the Fear Bunker.,0.15614628791809082,0.11876535415649414,0.1105341911315918,0.10879945755004883,0.09434270858764648,0.5885879993438721,,,,,,,,,
20260530_140123_asr_live,2026-05-30 14:04:38,parakeet_tdt_0_6b_v2,nvidia/parakeet-tdt-0.6b-v2,nemo_asr,cuda:1,float16,1,candidate,,,False,88.08999490737915,0,Entertainment,3,2,285581,778,0,,0,,1,,2,,3,,/kaggle/working/asr_audio/20260530_140123_asr_live/parakeet_tdt_0_6b_v2/comp_0/attempt_003/session_285581_q02_qid_778/question.wav,/kaggle/working/asr_audio/20260530_140123_asr_live/parakeet_tdt_0_6b_v2/comp_0/attempt_003/session_285581_q02_qid_778/option_A.wav,/kaggle/working/asr_audio/20260530_140123_asr_live/parakeet_tdt_0_6b_v2/comp_0/attempt_003/session_285581_q02_qid_778/option_B.wav,/kaggle/working/asr_audio/20260530_140123_asr_live/parakeet_tdt_0_6b_v2/comp_0/attempt_003/session_285581_q02_qid_778/option_C.wav,/kaggle/working/asr_audio/20260530_140123_asr_live/parakeet_tdt_0_6b_v2/comp_0/attempt_003/session_285581_q02_qid_778/option_D.wav,249644,180524,199724,226604,192044,5.2,3.76,4.16,4.72,4.0,1.2735013961791992,0.8244915008544922,0.8235278129577637,0.8246212005615234,0.6875393390655518,28.072627,3,0.6617813110351562,False,False,True,100,What is the fundamental principle behind Beyoncé's alter ego Sasha Fierce?,Option A. To showcase her versatility as a performer?,"Option B, to highlight her romantic relationships in her music.",Option C. To separate her stage persona from her personal attributes.,Option D to emphasize her role in Destiny's child.,0.15286040306091309,0.09099888801574707,0.10040545463562012,0.10272049903869629,0.09553766250610352,0.5425229072570801,,,,,,,,,
20260530_140123_asr_live,2026-05-30 14:04:39,parakeet_tdt_0_6b_v2,nvidia/parakeet-tdt-0.6b-v2,nemo_asr,cuda:1,float16,selected,selected,1,best_mean_similarity_if_available_else_preferred_beam,False,88.08999490737915,0,Entertainment,3,2,285581,778,0,,0,,1,,2,,3,,/kaggle/working/asr_audio/20260530_140123_asr_live/parakeet_tdt_0_6b_v2/comp_0/attempt_003/session_285581_q02_qid_778/question.wav,/kaggle/working/asr_audio/20260530_140123_asr_live/parakeet_tdt_0_6b_v2/comp_0/attempt_003/session_285581_q02_qid_778/option_A.wav,/kaggle/working/asr_audio/20260530_140123_asr_live/parakeet_tdt_0_6b_v2/comp_0/attempt_003/session_285581_q02_qid_778/option_B.wav,/kaggle/working/asr_audio/20260530_140123_asr_live/parakeet_tdt_0_6b_v2/comp_0/attempt_003/session_285581_q02_qid_778/option_C.wav,/kaggle/working/asr_audio/20260530_140123_asr_live/parakeet_tdt_0_6b_v2/comp_0/attempt_003/session_285581_q02_qid_778/option_D.wav,249644,180524,199724,226604,192044,5.2,3.76,4.16,4.72,4.0,1.2735013961791992,0.8244915008544922,0.8235278129577637,0.8246212005615234,0.6875393390655518,28.072627,3,0.6617813110351562,False,False,True,100,What is the fundamental principle behind Beyoncé's alter ego Sasha Fierce?,Option A. To showcase her versatility as a performer?,"Option B, to highlight her romantic relationships in her music.",Option C. To separate her stage persona from her personal attributes.,Option D to emphasize her role in Destiny's child.,0.15286040306091309,0.09099888801574707,0.10040545463562012,0.10272049903869629,0.09553766250610352,0.5425229072570801,,,,,,,,,
20260530_140123_asr_live,2026-05-30 14:04:45,parakeet_tdt_0_6b_v2,nvidia/parakeet-tdt-0.6b-v2,nemo_asr,cuda:1,float16,1,candidate,,,False,88.08999490737915,0,Entertainment,4,1,285585,415,0,,0,,1,,2,,3,,/kaggle/working/asr_audio/20260530_140123_asr_live/parakeet_tdt_0_6b_v2/comp_0/attempt_004/session_285585_q01_qid_415/question.wav,/kaggle/working/asr_audio/20260530_140123_asr_live/parakeet_tdt_0_6b_v2/comp_0/attempt_004/session_285585_q01_qid_415/option_A.wav,/kaggle/working/asr_audio/20260530_140123_asr_live/parakeet_tdt_0_6b_v2/comp_0/attempt_004/session_285585_q01_qid_415/option_B.wav,/kaggle/working/asr_audio/20260530_140123_asr_live/parakeet_tdt_0_6b_v2/comp_0/attempt_004/session_285585_q01_qid_415/option_C.wav,/kaggle/working/asr_audio/20260530_140123_asr_live/parakeet_tdt_0_6b_v2/comp_0/attempt_004/session_285585_q01_qid_415/option_D.wav,226604,169004,176684,192044,165164,4.72,3.52,3.68,4.0,3.44,1.2713205814361572,0.8238017559051514,0.8226795196533203,0.8224198818206787,0.685814380645752,28.076957,3,0.6606001853942871,False,False,True,0,What was the primary reason for the breakup of the original Jimi Hendrix experience?,Option A. Internal conflicts among band members.,Option B. Hendrix's decision to focus on solo work.,Option C. Hendrix's desire to expand the band's sound.,"Option D, financial disagreements with the management.",0.1176445484161377,0.1082906723022461,0.11113762855529785,0.0966947078704834,0.09713101387023926,0.5308985710144043,,,,,,,,,
20260530_140123_asr_live,2026-05-30 14:04:46,parakeet_tdt_0_6b_v2,nvidia/parakeet-tdt-0.6b-v2,nemo_asr,cuda:1,float16,selected,selected,1,best_mean_similarity_if_available_else_preferred_beam,False,88.08999490737915,0,Entertainment,4,1,285585,415,0,,0,,1,,2,,3,,/kaggle/working/asr_audio/20260530_140123_asr_live/parakeet_tdt_0_6b_v2/comp_0/attempt_004/session_285585_q01_qid_415/question.wav,/kaggle/working/asr_audio/20260530_140123_asr_live/parakeet_tdt_0_6b_v2/comp_0/attempt_004/session_285585_q01_qid_415/option_A.wav,/kaggle/working/asr_audio/20260530_140123_asr_live/parakeet_tdt_0_6b_v2/comp_0/attempt_004/session_285585_q01_qid_415/option_B.wav,/kaggle/working/asr_audio/20260530_140123_asr_live/parakeet_tdt_0_6b_v2/comp_0/attempt_004/session_285585_q01_qid_415/option_C.wav,/kaggle/working/asr_audio/20260530_140123_asr_live/parakeet_tdt_0_6b_v2/comp_0/attempt_004/session_285585_q01_qid_415/option_D.wav,226604,169004,176684,192044,165164,4.72,3.52,3.68,4.0,3.44,1.2713205814361572,0.8238017559051514,0.8226795196533203,0.8224198818206787,0.685814380645752,28.076957,3,0.6606001853942871,False,False,True,0,What was the primary reason for the breakup of the original Jimi Hendrix experience?,Option A. Internal conflicts among band members.,Option B. Hendrix's decision to focus on solo work.,Option C. Hendrix's desire to expand the band's sound.,"Option D, financial disagreements with the management.",0.1176445484161377,0.1082906723022461,0.11113762855529785,0.0966947078704834,0.09713101387023926,0.5308985710144043,,,,,,,,,
20260530_140123_asr_live,2026-05-30 14:04:53,parakeet_tdt_0_6b_v2,nvidia/parakeet-tdt-0.6b-v2,nemo_asr,cuda:1,float16,1,candidate,,,False,88.08999490737915,0,Entertainment,5,1,285588,527,0,,0,,1,,2,,3,,/kaggle/working/asr_audio/20260530_140123_asr_live/parakeet_tdt_0_6b_v2/comp_0/attempt_005/session_285588_q01_qid_527/question.wav,/kaggle/working/asr_audio/20260530_140123_asr_live/parakeet_tdt_0_6b_v2/comp_0/attempt_005/session_285588_q01_qid_527/option_A.wav,/kaggle/working/asr_audio/20260530_140123_asr_live/parakeet_tdt_0_6b_v2/comp_0/attempt_005/session_285588_q01_qid_527/option_B.wav,/kaggle/working/asr_audio/20260530_140123_asr_live/parakeet_tdt_0_6b_v2/comp_0/attempt_005/session_285588_q01_qid_527/option_C.wav,/kaggle/working/asr_audio/20260530_140123_asr_live/parakeet_tdt_0_6b_v2/comp_0/attempt_005/session_285588_q01_qid_527/option_D.wav,288044,119084,149804,149804,326444,6.0,2.48,3.12,3.12,6.8,1.2791762351989746,0.6810739040374756,0.8229608535766602,0.820265531539917,0.8385422229766846,27.922021,3,0.6603221893310547,False,False,True,0,What term describes Tom Hanks' religious background during his childhood and teenage years?,Option A. Catholic and Jewish.,"Option B, Catholic and Protestant.",Option C. Mormon and Protestant.,Topson D Protestant and Jewish.,0.14739370346069336,0.09452128410339355,0.08998847007751465,0.10073232650756836,0.11524081230163574,0.5478765964508057,,,,,,,,,
20260530_140123_asr_live,2026-05-30 14:04:54,parakeet_tdt_0_6b_v2,nvidia/parakeet-tdt-0.6b-v2,nemo_asr,cuda:1,float16,selected,selected,1,best_mean_similarity_if_available_else_preferred_beam,False,88.08999490737915,0,Entertainment,5,1,285588,527,0,,0,,1,,2,,3,,/kaggle/working/asr_audio/20260530_140123_asr_live/parakeet_tdt_0_6b_v2/comp_0/attempt_005/session_285588_q01_qid_527/question.wav,/kaggle/working/asr_audio/20260530_140123_asr_live/parakeet_tdt_0_6b_v2/comp_0/attempt_005/session_285588_q01_qid_527/option_A.wav,/kaggle/working/asr_audio/20260530_140123_asr_live/parakeet_tdt_0_6b_v2/comp_0/attempt_005/session_285588_q01_qid_527/option_B.wav,/kaggle/working/asr_audio/20260530_140123_asr_live/parakeet_tdt_0_6b_v2/comp_0/attempt_005/session_285588_q01_qid_527/option_C.wav,/kaggle/working/asr_audio/20260530_140123_asr_live/parakeet_tdt_0_6b_v2/comp_0/attempt_005/session_285588_q01_qid_527/option_D.wav,288044,119084,149804,149804,326444,6.0,2.48,3.12,3.12,6.8,1.2791762351989746,0.6810739040374756,0.8229608535766602,0.820265531539917,0.8385422229766846,27.922021,3,0.6603221893310547,False,False,True,0,What term describes Tom Hanks' religious background during his childhood and teenage years?,Option A. Catholic and Jewish.,"Option B, Catholic and Protestant.",Option C. Mormon and Protestant.,Topson D Protestant and Jewish.,0.14739370346069336,0.09452128410339355,0.08998847007751465,0.10073232650756836,0.11524081230163574,0.5478765964508057,,,,,,,,,
20260530_140123_asr_live,2026-05-30 14:05:00,parakeet_tdt_0_6b_v2,nvidia/parakeet-tdt-0.6b-v2,nemo_asr,cuda:1,float16,1,candidate,,,False,88.08999490737915,1,Ancient History and Politics,1,1,285592,1183,0,,0,,1,,2,,3,,/kaggle/working/asr_audio/20260530_140123_asr_live/parakeet_tdt_0_6b_v2/comp_1/attempt_001/session_285592_q01_qid_1183/question.wav,/kaggle/working/asr_audio/20260530_140123_asr_live/parakeet_tdt_0_6b_v2/comp_1/attempt_001/session_285592_q01_qid_1183/option_A.wav,/kaggle/working/asr_audio/20260530_140123_asr_live/parakeet_tdt_0_6b_v2/comp_1/attempt_001/session_285592_q01_qid_1183/option_B.wav,/kaggle/working/asr_audio/20260530_140123_asr_live/parakeet_tdt_0_6b_v2/comp_1/attempt_001/session_285592_q01_qid_1183/option_C.wav,/kaggle/working/asr_audio/20260530_140123_asr_live/parakeet_tdt_0_6b_v2/comp_1/attempt_001/session_285592_q01_qid_1183/option_D.wav,238124,145964,161324,203564,176684,4.96,3.04,3.36,4.24,3.68,1.26973295211792,0.8155243396759033,0.8169090747833252,0.81777024269104,0.8150877952575684,27.948247,3,0.6610813140869141,False,False,True,0,What was the primary contribution of Babylonian mathematics to the modern world?,Option A. Invention of the concept of zero?,"Option B, development of the decimal system.",Option C Introduction of the base 60 numeral system.,"Option D, discovery of the Pythagorean theorem.",0.11845803260803223,0.10568594932556152,0.09403061866760254,0.09975671768188477,0.08636164665222168,0.5042929649353027,,,,,,,,,
20260530_140123_asr_live,2026-05-30 14:05:01,parakeet_tdt_0_6b_v2,nvidia/parakeet-tdt-0.6b-v2,nemo_asr,cuda:1,float16,selected,selected,1,best_mean_similarity_if_available_else_preferred_beam,False,88.08999490737915,1,Ancient History and Politics,1,1,285592,1183,0,,0,,1,,2,,3,,/kaggle/working/asr_audio/20260530_140123_asr_live/parakeet_tdt_0_6b_v2/comp_1/attempt_001/session_285592_q01_qid_1183/question.wav,/kaggle/working/asr_audio/20260530_140123_asr_live/parakeet_tdt_0_6b_v2/comp_1/attempt_001/session_285592_q01_qid_1183/option_A.wav,/kaggle/working/asr_audio/20260530_140123_asr_live/parakeet_tdt_0_6b_v2/comp_1/attempt_001/session_285592_q01_qid_1183/option_B.wav,/kaggle/working/asr_audio/20260530_140123_asr_live/parakeet_tdt_0_6b_v2/comp_1/attempt_001/session_285592_q01_qid_1183/option_C.wav,/kaggle/working/asr_audio/20260530_140123_asr_live/parakeet_tdt_0_6b_v2/comp_1/attempt_001/session_285592_q01_qid_1183/option_D.wav,238124,145964,161324,203564,176684,4.96,3.04,3.36,4.24,3.68,1.26973295211792,0.8155243396759033,0.8169090747833252,0.81777024269104,0.8150877952575684,27.948247,3,0.6610813140869141,False,False,True,0,What was the primary contribution of Babylonian mathematics to the modern world?,Option A. Invention of the concept of zero?,"Option B, development of the decimal system.",Option C Introduction of the base 60 numeral system.,"Option D, discovery of the Pythagorean theorem.",0.11845803260803223,0.10568594932556152,0.09403061866760254,0.09975671768188477,0.08636164665222168,0.5042929649353027,,,,,,,,,
20260530_140123_asr_live,2026-05-30 14:05:07,parakeet_tdt_0_6b_v2,nvidia/parakeet-tdt-0.6b-v2,nemo_asr,cuda:1,float16,1,candidate,,,False,88.08999490737915,1,Ancient History and Politics,2,1,285595,1233,0,,0,,1,,2,,3,,/kaggle/working/asr_audio/20260530_140123_asr_live/parakeet_tdt_0_6b_v2/comp_1/attempt_002/session_285595_q01_qid_1233/question.wav,/kaggle/working/asr_audio/20260530_140123_asr_live/parakeet_tdt_0_6b_v2/comp_1/attempt_002/session_285595_q01_qid_1233/option_A.wav,/kaggle/working/asr_audio/20260530_140123_asr_live/parakeet_tdt_0_6b_v2/comp_1/attempt_002/session_285595_q01_qid_1233/option_B.wav,/kaggle/working/asr_audio/20260530_140123_asr_live/parakeet_tdt_0_6b_v2/comp_1/attempt_002/session_285595_q01_qid_1233/option_C.wav,/kaggle/working/asr_audio/20260530_140123_asr_live/parakeet_tdt_0_6b_v2/comp_1/attempt_002/session_285595_q01_qid_1233/option_D.wav,203564,211244,180524,176684,203564,4.24,4.4,3.76,3.68,4.24,1.1182572841644287,0.820594072341919,0.8159418106079102,0.8153550624847412,0.8159980773925781,27.95127,3,0.6565721035003662,False,False,True,0,What is the connection between Aristotle's logic and his metaphysics?,Option A. Logic is the foundation of metaphysics.,"Option B, they are different branches of physics.",Option C. Metaphysics is the foundation of logic.,"Option D, Ev, they are unrelated fields.",0.10981893539428711,0.10206484794616699,0.08620524406433105,0.08821964263916016,0.09033441543579102,0.47664308547973633,,,,,,,,,
20260530_140123_asr_live,2026-05-30 14:05:08,parakeet_tdt_0_6b_v2,nvidia/parakeet-tdt-0.6b-v2,nemo_asr,cuda:1,float16,selected,selected,1,best_mean_similarity_if_available_else_preferred_beam,False,88.08999490737915,1,Ancient History and Politics,2,1,285595,1233,0,,0,,1,,2,,3,,/kaggle/working/asr_audio/20260530_140123_asr_live/parakeet_tdt_0_6b_v2/comp_1/attempt_002/session_285595_q01_qid_1233/question.wav,/kaggle/working/asr_audio/20260530_140123_asr_live/parakeet_tdt_0_6b_v2/comp_1/attempt_002/session_285595_q01_qid_1233/option_A.wav,/kaggle/working/asr_audio/20260530_140123_asr_live/parakeet_tdt_0_6b_v2/comp_1/attempt_002/session_285595_q01_qid_1233/option_B.wav,/kaggle/working/asr_audio/20260530_140123_asr_live/parakeet_tdt_0_6b_v2/comp_1/attempt_002/session_285595_q01_qid_1233/option_C.wav,/kaggle/working/asr_audio/20260530_140123_asr_live/parakeet_tdt_0_6b_v2/comp_1/attempt_002/session_285595_q01_qid_1233/option_D.wav,203564,211244,180524,176684,203564,4.24,4.4,3.76,3.68,4.24,1.1182572841644287,0.820594072341919,0.8159418106079102,0.8153550624847412,0.8159980773925781,27.95127,3,0.6565721035003662,False,False,True,0,What is the connection between Aristotle's logic and his metaphysics?,Option A. Logic is the foundation of metaphysics.,"Option B, they are different branches of physics.",Option C. Metaphysics is the foundation of logic.,"Option D, Ev, they are unrelated fields.",0.10981893539428711,0.10206484794616699,0.08620524406433105,0.08821964263916016,0.09033441543579102,0.47664308547973633,,,,,,,,,
20260530_140123_asr_live,2026-05-30 14:05:14,parakeet_tdt_0_6b_v2,nvidia/parakeet-tdt-0.6b-v2,nemo_asr,cuda:1,float16,1,candidate,,,False,88.08999490737915,1,Ancient History and Politics,3,1,285600,1277,0,,0,,1,,2,,3,,/kaggle/working/asr_audio/20260530_140123_asr_live/parakeet_tdt_0_6b_v2/comp_1/attempt_003/session_285600_q01_qid_1277/question.wav,/kaggle/working/asr_audio/20260530_140123_asr_live/parakeet_tdt_0_6b_v2/comp_1/attempt_003/session_285600_q01_qid_1277/option_A.wav,/kaggle/working/asr_audio/20260530_140123_asr_live/parakeet_tdt_0_6b_v2/comp_1/attempt_003/session_285600_q01_qid_1277/option_B.wav,/kaggle/working/asr_audio/20260530_140123_asr_live/parakeet_tdt_0_6b_v2/comp_1/attempt_003/session_285600_q01_qid_1277/option_C.wav,/kaggle/working/asr_audio/20260530_140123_asr_live/parakeet_tdt_0_6b_v2/comp_1/attempt_003/session_285600_q01_qid_1277/option_D.wav,145964,188204,218924,157484,115244,3.04,3.92,4.56,3.28,2.4,1.1146070957183838,0.8205692768096924,0.8193521499633789,0.669144868850708,0.6692512035369873,59.419305,3,0.662787675857544,True,False,False,100,Which event led to the start of Caesar's Civil War?,Option A. Defeating Pompey in the Gallic Wars.,Option B. Assassination of Brutus and Cassius.,Option C. Being appointed dictator for life.,"Option D, crossing the Rubicon.",0.10692024230957031,0.10685515403747559,0.10344123840332031,0.0896918773651123,0.09137153625488281,0.49828004837036133,,,,,,,,,
20260530_140123_asr_live,2026-05-30 14:05:15,parakeet_tdt_0_6b_v2,nvidia/parakeet-tdt-0.6b-v2,nemo_asr,cuda:1,float16,selected,selected,1,best_mean_similarity_if_available_else_preferred_beam,False,88.08999490737915,1,Ancient History and Politics,3,1,285600,1277,0,,0,,1,,2,,3,,/kaggle/working/asr_audio/20260530_140123_asr_live/parakeet_tdt_0_6b_v2/comp_1/attempt_003/session_285600_q01_qid_1277/question.wav,/kaggle/working/asr_audio/20260530_140123_asr_live/parakeet_tdt_0_6b_v2/comp_1/attempt_003/session_285600_q01_qid_1277/option_A.wav,/kaggle/working/asr_audio/20260530_140123_asr_live/parakeet_tdt_0_6b_v2/comp_1/attempt_003/session_285600_q01_qid_1277/option_B.wav,/kaggle/working/asr_audio/20260530_140123_asr_live/parakeet_tdt_0_6b_v2/comp_1/attempt_003/session_285600_q01_qid_1277/option_C.wav,/kaggle/working/asr_audio/20260530_140123_asr_live/parakeet_tdt_0_6b_v2/comp_1/attempt_003/session_285600_q01_qid_1277/option_D.wav,145964,188204,218924,157484,115244,3.04,3.92,4.56,3.28,2.4,1.1146070957183838,0.8205692768096924,0.8193521499633789,0.669144868850708,0.6692512035369873,59.419305,3,0.662787675857544,True,False,False,100,Which event led to the start of Caesar's Civil War?,Option A. Defeating Pompey in the Gallic Wars.,Option B. Assassination of Brutus and Cassius.,Option C. Being appointed dictator for life.,"Option D, crossing the Rubicon.",0.10692024230957031,0.10685515403747559,0.10344123840332031,0.0896918773651123,0.09137153625488281,0.49828004837036133,,,,,,,,,
20260530_140123_asr_live,2026-05-30 14:05:21,parakeet_tdt_0_6b_v2,nvidia/parakeet-tdt-0.6b-v2,nemo_asr,cuda:1,float16,1,candidate,,,False,88.08999490737915,1,Ancient History and Politics,3,2,285600,1183,0,,0,,1,,2,,3,,/kaggle/working/asr_audio/20260530_140123_asr_live/parakeet_tdt_0_6b_v2/comp_1/attempt_003/session_285600_q02_qid_1183/question.wav,/kaggle/working/asr_audio/20260530_140123_asr_live/parakeet_tdt_0_6b_v2/comp_1/attempt_003/session_285600_q02_qid_1183/option_A.wav,/kaggle/working/asr_audio/20260530_140123_asr_live/parakeet_tdt_0_6b_v2/comp_1/attempt_003/session_285600_q02_qid_1183/option_B.wav,/kaggle/working/asr_audio/20260530_140123_asr_live/parakeet_tdt_0_6b_v2/comp_1/attempt_003/session_285600_q02_qid_1183/option_C.wav,/kaggle/working/asr_audio/20260530_140123_asr_live/parakeet_tdt_0_6b_v2/comp_1/attempt_003/session_285600_q02_qid_1183/option_D.wav,238124,145964,211244,172844,157484,4.96,3.04,4.4,3.6,3.28,1.2657277584075928,0.8156590461730957,0.8186132907867432,0.6694257259368896,0.6687917709350586,28.098178,3,0.6569302082061768,False,False,True,100,What was the primary contribution of Babylonian mathematics to the modern world?,Option A. Invention of the concept of zero?,"Option B, introduction of the base 60 numal system.",Option C Discovery of the Pythagorean Theorem.,"Option D, development of the decimal system.",0.11429333686828613,0.10152244567871094,0.10701751708984375,0.08820438385009766,0.08934617042541504,0.5003838539123535,,,,,,,,,
20260530_140123_asr_live,2026-05-30 14:05:21,parakeet_tdt_0_6b_v2,nvidia/parakeet-tdt-0.6b-v2,nemo_asr,cuda:1,float16,selected,selected,1,best_mean_similarity_if_available_else_preferred_beam,False,88.08999490737915,1,Ancient History and Politics,3,2,285600,1183,0,,0,,1,,2,,3,,/kaggle/working/asr_audio/20260530_140123_asr_live/parakeet_tdt_0_6b_v2/comp_1/attempt_003/session_285600_q02_qid_1183/question.wav,/kaggle/working/asr_audio/20260530_140123_asr_live/parakeet_tdt_0_6b_v2/comp_1/attempt_003/session_285600_q02_qid_1183/option_A.wav,/kaggle/working/asr_audio/20260530_140123_asr_live/parakeet_tdt_0_6b_v2/comp_1/attempt_003/session_285600_q02_qid_1183/option_B.wav,/kaggle/working/asr_audio/20260530_140123_asr_live/parakeet_tdt_0_6b_v2/comp_1/attempt_003/session_285600_q02_qid_1183/option_C.wav,/kaggle/working/asr_audio/20260530_140123_asr_live/parakeet_tdt_0_6b_v2/comp_1/attempt_003/session_285600_q02_qid_1183/option_D.wav,238124,145964,211244,172844,157484,4.96,3.04,4.4,3.6,3.28,1.2657277584075928,0.8156590461730957,0.8186132907867432,0.6694257259368896,0.6687917709350586,28.098178,3,0.6569302082061768,False,False,True,100,What was the primary contribution of Babylonian mathematics to the modern world?,Option A. Invention of the concept of zero?,"Option B, introduction of the base 60 numal system.",Option C Discovery of the Pythagorean Theorem.,"Option D, development of the decimal system.",0.11429333686828613,0.10152244567871094,0.10701751708984375,0.08820438385009766,0.08934617042541504,0.5003838539123535,,,,,,,,,
20260530_140123_asr_live,2026-05-30 14:05:28,parakeet_tdt_0_6b_v2,nvidia/parakeet-tdt-0.6b-v2,nemo_asr,cuda:1,float16,1,candidate,,,False,88.08999490737915,1,Ancient History and Politics,4,1,285605,939,0,,0,,1,,2,,3,,/kaggle/working/asr_audio/20260530_140123_asr_live/parakeet_tdt_0_6b_v2/comp_1/attempt_004/session_285605_q01_qid_939/question.wav,/kaggle/working/asr_audio/20260530_140123_asr_live/parakeet_tdt_0_6b_v2/comp_1/attempt_004/session_285605_q01_qid_939/option_A.wav,/kaggle/working/asr_audio/20260530_140123_asr_live/parakeet_tdt_0_6b_v2/comp_1/attempt_004/session_285605_q01_qid_939/option_B.wav,/kaggle/working/asr_audio/20260530_140123_asr_live/parakeet_tdt_0_6b_v2/comp_1/attempt_004/session_285605_q01_qid_939/option_C.wav,/kaggle/working/asr_audio/20260530_140123_asr_live/parakeet_tdt_0_6b_v2/comp_1/attempt_004/session_285605_q01_qid_939/option_D.wav,541484,172844,656684,199724,169004,11.28,3.6,13.68,4.16,3.52,1.4199070930480957,0.668027400970459,0.9703760147094727,0.6668791770935059,0.6693098545074463,28.097816,3,0.6568624973297119,False,False,True,0,What term best describes the population growth of the lands around the Mediterranean Sea and their hinterlands from the second millennium BCE to the early 1st millennium CE?,Option A quadrupled in total population.,Popson B declined significantly.,Option C Experienced moderate growth.,Option D remained relatively stable.,0.21097517013549805,0.0891733169555664,0.7811110019683838,0.08861970901489258,0.0843658447265625,1.2542450428009033,,,,,,,,,
20260530_140123_asr_live,2026-05-30 14:05:29,parakeet_tdt_0_6b_v2,nvidia/parakeet-tdt-0.6b-v2,nemo_asr,cuda:1,float16,selected,selected,1,best_mean_similarity_if_available_else_preferred_beam,False,88.08999490737915,1,Ancient History and Politics,4,1,285605,939,0,,0,,1,,2,,3,,/kaggle/working/asr_audio/20260530_140123_asr_live/parakeet_tdt_0_6b_v2/comp_1/attempt_004/session_285605_q01_qid_939/question.wav,/kaggle/working/asr_audio/20260530_140123_asr_live/parakeet_tdt_0_6b_v2/comp_1/attempt_004/session_285605_q01_qid_939/option_A.wav,/kaggle/working/asr_audio/20260530_140123_asr_live/parakeet_tdt_0_6b_v2/comp_1/attempt_004/session_285605_q01_qid_939/option_B.wav,/kaggle/working/asr_audio/20260530_140123_asr_live/parakeet_tdt_0_6b_v2/comp_1/attempt_004/session_285605_q01_qid_939/option_C.wav,/kaggle/working/asr_audio/20260530_140123_asr_live/parakeet_tdt_0_6b_v2/comp_1/attempt_004/session_285605_q01_qid_939/option_D.wav,541484,172844,656684,199724,169004,11.28,3.6,13.68,4.16,3.52,1.4199070930480957,0.668027400970459,0.9703760147094727,0.6668791770935059,0.6693098545074463,28.097816,3,0.6568624973297119,False,False,True,0,What term best describes the population growth of the lands around the Mediterranean Sea and their hinterlands from the second millennium BCE to the early 1st millennium CE?,Option A quadrupled in total population.,Popson B declined significantly.,Option C Experienced moderate growth.,Option D remained relatively stable.,0.21097517013549805,0.0891733169555664,0.7811110019683838,0.08861970901489258,0.0843658447265625,1.2542450428009033,,,,,,,,,
20260530_140123_asr_live,2026-05-30 14:05:36,parakeet_tdt_0_6b_v2,nvidia/parakeet-tdt-0.6b-v2,nemo_asr,cuda:1,float16,1,candidate,,,False,88.08999490737915,1,Ancient History and Politics,5,1,285608,905,0,,0,,1,,2,,3,,/kaggle/working/asr_audio/20260530_140123_asr_live/parakeet_tdt_0_6b_v2/comp_1/attempt_005/session_285608_q01_qid_905/question.wav,/kaggle/working/asr_audio/20260530_140123_asr_live/parakeet_tdt_0_6b_v2/comp_1/attempt_005/session_285608_q01_qid_905/option_A.wav,/kaggle/working/asr_audio/20260530_140123_asr_live/parakeet_tdt_0_6b_v2/comp_1/attempt_005/session_285608_q01_qid_905/option_B.wav,/kaggle/working/asr_audio/20260530_140123_asr_live/parakeet_tdt_0_6b_v2/comp_1/attempt_005/session_285608_q01_qid_905/option_C.wav,/kaggle/working/asr_audio/20260530_140123_asr_live/parakeet_tdt_0_6b_v2/comp_1/attempt_005/session_285608_q01_qid_905/option_D.wav,291884,226604,276524,153644,188204,6.08,4.72,5.76,3.2,3.92,1.2701780796051025,0.8201124668121338,0.819042444229126,0.6683306694030762,0.8162775039672852,27.946847,3,0.6610152721405029,False,False,True,0,Which of the following best describes the Socratic method as it is typically understood?,Option A. A technique to memorize philosophical doctrines.,"Option B, a way to refute arguments by showing their inconsistencies.",Option C. Uh strategy to win debate.,"Option D, a method to teach by delivering lectures.",0.15229105949401855,0.1086428165435791,0.10683274269104004,0.0899953842163086,0.08487534523010254,0.5426373481750488,,,,,,,,,
20260530_140123_asr_live,2026-05-30 14:05:37,parakeet_tdt_0_6b_v2,nvidia/parakeet-tdt-0.6b-v2,nemo_asr,cuda:1,float16,selected,selected,1,best_mean_similarity_if_available_else_preferred_beam,False,88.08999490737915,1,Ancient History and Politics,5,1,285608,905,0,,0,,1,,2,,3,,/kaggle/working/asr_audio/20260530_140123_asr_live/parakeet_tdt_0_6b_v2/comp_1/attempt_005/session_285608_q01_qid_905/question.wav,/kaggle/working/asr_audio/20260530_140123_asr_live/parakeet_tdt_0_6b_v2/comp_1/attempt_005/session_285608_q01_qid_905/option_A.wav,/kaggle/working/asr_audio/20260530_140123_asr_live/parakeet_tdt_0_6b_v2/comp_1/attempt_005/session_285608_q01_qid_905/option_B.wav,/kaggle/working/asr_audio/20260530_140123_asr_live/parakeet_tdt_0_6b_v2/comp_1/attempt_005/session_285608_q01_qid_905/option_C.wav,/kaggle/working/asr_audio/20260530_140123_asr_live/parakeet_tdt_0_6b_v2/comp_1/attempt_005/session_285608_q01_qid_905/option_D.wav,291884,226604,276524,153644,188204,6.08,4.72,5.76,3.2,3.92,1.2701780796051025,0.8201124668121338,0.819042444229126,0.6683306694030762,0.8162775039672852,27.946847,3,0.6610152721405029,False,False,True,0,Which of the following best describes the Socratic method as it is typically understood?,Option A. A technique to memorize philosophical doctrines.,"Option B, a way to refute arguments by showing their inconsistencies.",Option C. Uh strategy to win debate.,"Option D, a method to teach by delivering lectures.",0.15229105949401855,0.1086428165435791,0.10683274269104004,0.0899953842163086,0.08487534523010254,0.5426373481750488,,,,,,,,,
20260530_140123_asr_live,2026-05-30 14:05:43,parakeet_tdt_0_6b_v2,nvidia/parakeet-tdt-0.6b-v2,nemo_asr,cuda:1,float16,1,candidate,,,False,88.08999490737915,2,Science and Nature,1,1,285611,5988,0,,0,,1,,2,,3,,/kaggle/working/asr_audio/20260530_140123_asr_live/parakeet_tdt_0_6b_v2/comp_2/attempt_001/session_285611_q01_qid_5988/question.wav,/kaggle/working/asr_audio/20260530_140123_asr_live/parakeet_tdt_0_6b_v2/comp_2/attempt_001/session_285611_q01_qid_5988/option_A.wav,/kaggle/working/asr_audio/20260530_140123_asr_live/parakeet_tdt_0_6b_v2/comp_2/attempt_001/session_285611_q01_qid_5988/option_B.wav,/kaggle/working/asr_audio/20260530_140123_asr_live/parakeet_tdt_0_6b_v2/comp_2/attempt_001/session_285611_q01_qid_5988/option_C.wav,/kaggle/working/asr_audio/20260530_140123_asr_live/parakeet_tdt_0_6b_v2/comp_2/attempt_001/session_285611_q01_qid_5988/option_D.wav,299564,614444,99884,107564,115244,6.24,12.8,2.08,2.24,2.4,1.2672736644744873,1.3351082801818848,0.6645169258117676,0.6664767265319824,0.8158121109008789,59.418262,3,0.6641380786895752,True,False,False,100,"In living things, traits are passed on from one generation to the next by the transfer of","Option A. Plud! Gray E. Dact, B. Ox, so quit. Did you so, people pee you, tag you? Ah, it's weird. Fuck you, uh.",Option B. Minerals.,Option C Calories?,"Option D, DNA.",0.14948773384094238,0.17061495780944824,0.08377647399902344,0.08863997459411621,0.08147144317626953,0.5739905834197998,,,,,,,,,
20260530_140123_asr_live,2026-05-30 14:05:44,parakeet_tdt_0_6b_v2,nvidia/parakeet-tdt-0.6b-v2,nemo_asr,cuda:1,float16,selected,selected,1,best_mean_similarity_if_available_else_preferred_beam,False,88.08999490737915,2,Science and Nature,1,1,285611,5988,0,,0,,1,,2,,3,,/kaggle/working/asr_audio/20260530_140123_asr_live/parakeet_tdt_0_6b_v2/comp_2/attempt_001/session_285611_q01_qid_5988/question.wav,/kaggle/working/asr_audio/20260530_140123_asr_live/parakeet_tdt_0_6b_v2/comp_2/attempt_001/session_285611_q01_qid_5988/option_A.wav,/kaggle/working/asr_audio/20260530_140123_asr_live/parakeet_tdt_0_6b_v2/comp_2/attempt_001/session_285611_q01_qid_5988/option_B.wav,/kaggle/working/asr_audio/20260530_140123_asr_live/parakeet_tdt_0_6b_v2/comp_2/attempt_001/session_285611_q01_qid_5988/option_C.wav,/kaggle/working/asr_audio/20260530_140123_asr_live/parakeet_tdt_0_6b_v2/comp_2/attempt_001/session_285611_q01_qid_5988/option_D.wav,299564,614444,99884,107564,115244,6.24,12.8,2.08,2.24,2.4,1.2672736644744873,1.3351082801818848,0.6645169258117676,0.6664767265319824,0.8158121109008789,59.418262,3,0.6641380786895752,True,False,False,100,"In living things, traits are passed on from one generation to the next by the transfer of","Option A. Plud! Gray E. Dact, B. Ox, so quit. Did you so, people pee you, tag you? Ah, it's weird. Fuck you, uh.",Option B. Minerals.,Option C Calories?,"Option D, DNA.",0.14948773384094238,0.17061495780944824,0.08377647399902344,0.08863997459411621,0.08147144317626953,0.5739905834197998,,,,,,,,,
20260530_140123_asr_live,2026-05-30 14:05:50,parakeet_tdt_0_6b_v2,nvidia/parakeet-tdt-0.6b-v2,nemo_asr,cuda:1,float16,1,candidate,,,False,88.08999490737915,2,Science and Nature,1,2,285611,6056,0,,0,,1,,2,,3,,/kaggle/working/asr_audio/20260530_140123_asr_live/parakeet_tdt_0_6b_v2/comp_2/attempt_001/session_285611_q02_qid_6056/question.wav,/kaggle/working/asr_audio/20260530_140123_asr_live/parakeet_tdt_0_6b_v2/comp_2/attempt_001/session_285611_q02_qid_6056/option_A.wav,/kaggle/working/asr_audio/20260530_140123_asr_live/parakeet_tdt_0_6b_v2/comp_2/attempt_001/session_285611_q02_qid_6056/option_B.wav,/kaggle/working/asr_audio/20260530_140123_asr_live/parakeet_tdt_0_6b_v2/comp_2/attempt_001/session_285611_q02_qid_6056/option_C.wav,/kaggle/working/asr_audio/20260530_140123_asr_live/parakeet_tdt_0_6b_v2/comp_2/attempt_001/session_285611_q02_qid_6056/option_D.wav,153644,211244,96044,314924,111404,3.2,4.4,2.0,6.56,2.32,1.11643648147583,0.9674224853515625,0.6681878566741943,0.967008113861084,0.666558027267456,28.098477,3,0.6574113368988037,False,False,True,100,Which of the following is found in all living organisms?,Option A. Tissue.,Hobson B. Oregon?,Option C. Uh yeah. Like making D E B A for date may U B. Okay.,"Option D, organ system.",0.10659003257751465,0.10166692733764648,0.09832262992858887,0.12661385536193848,0.08875608444213867,0.5219495296478271,,,,,,,,,
20260530_140123_asr_live,2026-05-30 14:05:50,parakeet_tdt_0_6b_v2,nvidia/parakeet-tdt-0.6b-v2,nemo_asr,cuda:1,float16,selected,selected,1,best_mean_similarity_if_available_else_preferred_beam,False,88.08999490737915,2,Science and Nature,1,2,285611,6056,0,,0,,1,,2,,3,,/kaggle/working/asr_audio/20260530_140123_asr_live/parakeet_tdt_0_6b_v2/comp_2/attempt_001/session_285611_q02_qid_6056/question.wav,/kaggle/working/asr_audio/20260530_140123_asr_live/parakeet_tdt_0_6b_v2/comp_2/attempt_001/session_285611_q02_qid_6056/option_A.wav,/kaggle/working/asr_audio/20260530_140123_asr_live/parakeet_tdt_0_6b_v2/comp_2/attempt_001/session_285611_q02_qid_6056/option_B.wav,/kaggle/working/asr_audio/20260530_140123_asr_live/parakeet_tdt_0_6b_v2/comp_2/attempt_001/session_285611_q02_qid_6056/option_C.wav,/kaggle/working/asr_audio/20260530_140123_asr_live/parakeet_tdt_0_6b_v2/comp_2/attempt_001/session_285611_q02_qid_6056/option_D.wav,153644,211244,96044,314924,111404,3.2,4.4,2.0,6.56,2.32,1.11643648147583,0.9674224853515625,0.6681878566741943,0.967008113861084,0.666558027267456,28.098477,3,0.6574113368988037,False,False,True,100,Which of the following is found in all living organisms?,Option A. Tissue.,Hobson B. Oregon?,Option C. Uh yeah. Like making D E B A for date may U B. Okay.,"Option D, organ system.",0.10659003257751465,0.10166692733764648,0.09832262992858887,0.12661385536193848,0.08875608444213867,0.5219495296478271,,,,,,,,,
20260530_140123_asr_live,2026-05-30 14:05:57,parakeet_tdt_0_6b_v2,nvidia/parakeet-tdt-0.6b-v2,nemo_asr,cuda:1,float16,1,candidate,,,False,88.08999490737915,2,Science and Nature,2,1,285616,6566,0,,0,,1,,2,,3,,/kaggle/working/asr_audio/20260530_140123_asr_live/parakeet_tdt_0_6b_v2/comp_2/attempt_002/session_285616_q01_qid_6566/question.wav,/kaggle/working/asr_audio/20260530_140123_asr_live/parakeet_tdt_0_6b_v2/comp_2/attempt_002/session_285616_q01_qid_6566/option_A.wav,/kaggle/working/asr_audio/20260530_140123_asr_live/parakeet_tdt_0_6b_v2/comp_2/attempt_002/session_285616_q01_qid_6566/option_B.wav,/kaggle/working/asr_audio/20260530_140123_asr_live/parakeet_tdt_0_6b_v2/comp_2/attempt_002/session_285616_q01_qid_6566/option_C.wav,/kaggle/working/asr_audio/20260530_140123_asr_live/parakeet_tdt_0_6b_v2/comp_2/attempt_002/session_285616_q01_qid_6566/option_D.wav,172844,115244,149804,111404,111404,3.6,2.4,3.12,2.32,2.32,1.1160948276519775,0.8162941932678223,0.8169064521789551,0.6678135395050049,0.669163703918457,28.094271,3,0.6611511707305908,False,False,True,0,Plants grow best in soils that are rich in which of the following?,Option A. Grains of sand.,"Option B, decaying plants and animals.",Option C Layers of gravel.,Option D Lumps of clay.,0.10834598541259766,0.08750414848327637,0.09068942070007324,0.08014273643493652,0.08107829093933105,0.44776058197021484,,,,,,,,,
20260530_140123_asr_live,2026-05-30 14:05:57,parakeet_tdt_0_6b_v2,nvidia/parakeet-tdt-0.6b-v2,nemo_asr,cuda:1,float16,selected,selected,1,best_mean_similarity_if_available_else_preferred_beam,False,88.08999490737915,2,Science and Nature,2,1,285616,6566,0,,0,,1,,2,,3,,/kaggle/working/asr_audio/20260530_140123_asr_live/parakeet_tdt_0_6b_v2/comp_2/attempt_002/session_285616_q01_qid_6566/question.wav,/kaggle/working/asr_audio/20260530_140123_asr_live/parakeet_tdt_0_6b_v2/comp_2/attempt_002/session_285616_q01_qid_6566/option_A.wav,/kaggle/working/asr_audio/20260530_140123_asr_live/parakeet_tdt_0_6b_v2/comp_2/attempt_002/session_285616_q01_qid_6566/option_B.wav,/kaggle/working/asr_audio/20260530_140123_asr_live/parakeet_tdt_0_6b_v2/comp_2/attempt_002/session_285616_q01_qid_6566/option_C.wav,/kaggle/working/asr_audio/20260530_140123_asr_live/parakeet_tdt_0_6b_v2/comp_2/attempt_002/session_285616_q01_qid_6566/option_D.wav,172844,115244,149804,111404,111404,3.6,2.4,3.12,2.32,2.32,1.1160948276519775,0.8162941932678223,0.8169064521789551,0.6678135395050049,0.669163703918457,28.094271,3,0.6611511707305908,False,False,True,0,Plants grow best in soils that are rich in which of the following?,Option A. Grains of sand.,"Option B, decaying plants and animals.",Option C Layers of gravel.,Option D Lumps of clay.,0.10834598541259766,0.08750414848327637,0.09068942070007324,0.08014273643493652,0.08107829093933105,0.44776058197021484,,,,,,,,,
20260530_140123_asr_live,2026-05-30 14:06:04,parakeet_tdt_0_6b_v2,nvidia/parakeet-tdt-0.6b-v2,nemo_asr,cuda:1,float16,1,candidate,,,False,88.08999490737915,2,Science and Nature,3,1,285619,5885,0,,0,,1,,2,,3,,/kaggle/working/asr_audio/20260530_140123_asr_live/parakeet_tdt_0_6b_v2/comp_2/attempt_003/session_285619_q01_qid_5885/question.wav,/kaggle/working/asr_audio/20260530_140123_asr_live/parakeet_tdt_0_6b_v2/comp_2/attempt_003/session_285619_q01_qid_5885/option_A.wav,/kaggle/working/asr_audio/20260530_140123_asr_live/parakeet_tdt_0_6b_v2/comp_2/attempt_003/session_285619_q01_qid_5885/option_B.wav,/kaggle/working/asr_audio/20260530_140123_asr_live/parakeet_tdt_0_6b_v2/comp_2/attempt_003/session_285619_q01_qid_5885/option_C.wav,/kaggle/working/asr_audio/20260530_140123_asr_live/parakeet_tdt_0_6b_v2/comp_2/attempt_003/session_285619_q01_qid_5885/option_D.wav,303404,96044,99884,311084,844844,6.32,2.0,2.08,6.48,17.6,1.268643856048584,0.6682291030883789,0.8149302005767822,0.9666714668273926,0.973726749420166,27.792068,3,0.6570849418640137,False,False,True,0,Some butterflies live an average of two weeks. This period of time is called a life.,Option A. Span.,Option B. Cycle?,Option C Process.,Option D t C s a he ts s,0.15163207054138184,0.08617496490478516,0.0838322639465332,0.10525345802307129,0.18437743186950684,0.6112701892852783,,,,,,,,,
20260530_140123_asr_live,2026-05-30 14:06:05,parakeet_tdt_0_6b_v2,nvidia/parakeet-tdt-0.6b-v2,nemo_asr,cuda:1,float16,selected,selected,1,best_mean_similarity_if_available_else_preferred_beam,False,88.08999490737915,2,Science and Nature,3,1,285619,5885,0,,0,,1,,2,,3,,/kaggle/working/asr_audio/20260530_140123_asr_live/parakeet_tdt_0_6b_v2/comp_2/attempt_003/session_285619_q01_qid_5885/question.wav,/kaggle/working/asr_audio/20260530_140123_asr_live/parakeet_tdt_0_6b_v2/comp_2/attempt_003/session_285619_q01_qid_5885/option_A.wav,/kaggle/working/asr_audio/20260530_140123_asr_live/parakeet_tdt_0_6b_v2/comp_2/attempt_003/session_285619_q01_qid_5885/option_B.wav,/kaggle/working/asr_audio/20260530_140123_asr_live/parakeet_tdt_0_6b_v2/comp_2/attempt_003/session_285619_q01_qid_5885/option_C.wav,/kaggle/working/asr_audio/20260530_140123_asr_live/parakeet_tdt_0_6b_v2/comp_2/attempt_003/session_285619_q01_qid_5885/option_D.wav,303404,96044,99884,311084,844844,6.32,2.0,2.08,6.48,17.6,1.268643856048584,0.6682291030883789,0.8149302005767822,0.9666714668273926,0.973726749420166,27.792068,3,0.6570849418640137,False,False,True,0,Some butterflies live an average of two weeks. This period of time is called a life.,Option A. Span.,Option B. Cycle?,Option C Process.,Option D t C s a he ts s,0.15163207054138184,0.08617496490478516,0.0838322639465332,0.10525345802307129,0.18437743186950684,0.6112701892852783,,,,,,,,,
20260530_140123_asr_live,2026-05-30 14:06:12,parakeet_tdt_0_6b_v2,nvidia/parakeet-tdt-0.6b-v2,nemo_asr,cuda:1,float16,1,candidate,,,False,88.08999490737915,2,Science and Nature,4,1,285623,3263,0,,0,,1,,2,,3,,/kaggle/working/asr_audio/20260530_140123_asr_live/parakeet_tdt_0_6b_v2/comp_2/attempt_004/session_285623_q01_qid_3263/question.wav,/kaggle/working/asr_audio/20260530_140123_asr_live/parakeet_tdt_0_6b_v2/comp_2/attempt_004/session_285623_q01_qid_3263/option_A.wav,/kaggle/working/asr_audio/20260530_140123_asr_live/parakeet_tdt_0_6b_v2/comp_2/attempt_004/session_285623_q01_qid_3263/option_B.wav,/kaggle/working/asr_audio/20260530_140123_asr_live/parakeet_tdt_0_6b_v2/comp_2/attempt_004/session_285623_q01_qid_3263/option_C.wav,/kaggle/working/asr_audio/20260530_140123_asr_live/parakeet_tdt_0_6b_v2/comp_2/attempt_004/session_285623_q01_qid_3263/option_D.wav,161324,157484,207404,180524,211244,3.36,3.28,4.32,3.76,4.4,1.1156842708587646,0.8188366889953613,0.8184003829956055,0.8160626888275146,0.816856861114502,59.417623,3,0.6644268035888672,True,False,False,100,Which of the following is a chemical property of a substance?,Option A. White powder with silver specs.,Option B. Density of 37 grams per an Bay.,Option C. Mass of 372 grams.,Option D reacts with HCL,0.10710287094116211,0.1100003719329834,0.09862351417541504,0.08780694007873535,0.080963134765625,0.4844968318939209,,,,,,,,,
20260530_140123_asr_live,2026-05-30 14:06:12,parakeet_tdt_0_6b_v2,nvidia/parakeet-tdt-0.6b-v2,nemo_asr,cuda:1,float16,selected,selected,1,best_mean_similarity_if_available_else_preferred_beam,False,88.08999490737915,2,Science and Nature,4,1,285623,3263,0,,0,,1,,2,,3,,/kaggle/working/asr_audio/20260530_140123_asr_live/parakeet_tdt_0_6b_v2/comp_2/attempt_004/session_285623_q01_qid_3263/question.wav,/kaggle/working/asr_audio/20260530_140123_asr_live/parakeet_tdt_0_6b_v2/comp_2/attempt_004/session_285623_q01_qid_3263/option_A.wav,/kaggle/working/asr_audio/20260530_140123_asr_live/parakeet_tdt_0_6b_v2/comp_2/attempt_004/session_285623_q01_qid_3263/option_B.wav,/kaggle/working/asr_audio/20260530_140123_asr_live/parakeet_tdt_0_6b_v2/comp_2/attempt_004/session_285623_q01_qid_3263/option_C.wav,/kaggle/working/asr_audio/20260530_140123_asr_live/parakeet_tdt_0_6b_v2/comp_2/attempt_004/session_285623_q01_qid_3263/option_D.wav,161324,157484,207404,180524,211244,3.36,3.28,4.32,3.76,4.4,1.1156842708587646,0.8188366889953613,0.8184003829956055,0.8160626888275146,0.816856861114502,59.417623,3,0.6644268035888672,True,False,False,100,Which of the following is a chemical property of a substance?,Option A. White powder with silver specs.,Option B. Density of 37 grams per an Bay.,Option C. Mass of 372 grams.,Option D reacts with HCL,0.10710287094116211,0.1100003719329834,0.09862351417541504,0.08780694007873535,0.080963134765625,0.4844968318939209,,,,,,,,,
20260530_140123_asr_live,2026-05-30 14:06:18,parakeet_tdt_0_6b_v2,nvidia/parakeet-tdt-0.6b-v2,nemo_asr,cuda:1,float16,1,candidate,,,False,88.08999490737915,2,Science and Nature,4,2,285623,4812,0,,0,,1,,2,,3,,/kaggle/working/asr_audio/20260530_140123_asr_live/parakeet_tdt_0_6b_v2/comp_2/attempt_004/session_285623_q02_qid_4812/question.wav,/kaggle/working/asr_audio/20260530_140123_asr_live/parakeet_tdt_0_6b_v2/comp_2/attempt_004/session_285623_q02_qid_4812/option_A.wav,/kaggle/working/asr_audio/20260530_140123_asr_live/parakeet_tdt_0_6b_v2/comp_2/attempt_004/session_285623_q02_qid_4812/option_B.wav,/kaggle/working/asr_audio/20260530_140123_asr_live/parakeet_tdt_0_6b_v2/comp_2/attempt_004/session_285623_q02_qid_4812/option_C.wav,/kaggle/working/asr_audio/20260530_140123_asr_live/parakeet_tdt_0_6b_v2/comp_2/attempt_004/session_285623_q02_qid_4812/option_D.wav,610604,92204,119084,99884,230444,12.72,1.92,2.48,2.08,4.8,1.4231553077697754,0.6647186279296875,0.6691544055938721,0.6679577827453613,0.8207056522369385,27.945681,3,0.6571803092956543,False,False,True,100,The number of squirrels in a certain ecosystem changes over time. These changes can be represented as a number of connected data points. Which method would a student most likely use to show this information?,Option A. Pick the gram.,"Hopson B, Line Graph.","Option C, buy chart.",Option D? Data table? Data table.,0.1990058422088623,0.08049273490905762,0.0790257453918457,0.07762789726257324,0.08636689186096191,0.5225191116333008,,,,,,,,,
20260530_140123_asr_live,2026-05-30 14:06:18,parakeet_tdt_0_6b_v2,nvidia/parakeet-tdt-0.6b-v2,nemo_asr,cuda:1,float16,selected,selected,1,best_mean_similarity_if_available_else_preferred_beam,False,88.08999490737915,2,Science and Nature,4,2,285623,4812,0,,0,,1,,2,,3,,/kaggle/working/asr_audio/20260530_140123_asr_live/parakeet_tdt_0_6b_v2/comp_2/attempt_004/session_285623_q02_qid_4812/question.wav,/kaggle/working/asr_audio/20260530_140123_asr_live/parakeet_tdt_0_6b_v2/comp_2/attempt_004/session_285623_q02_qid_4812/option_A.wav,/kaggle/working/asr_audio/20260530_140123_asr_live/parakeet_tdt_0_6b_v2/comp_2/attempt_004/session_285623_q02_qid_4812/option_B.wav,/kaggle/working/asr_audio/20260530_140123_asr_live/parakeet_tdt_0_6b_v2/comp_2/attempt_004/session_285623_q02_qid_4812/option_C.wav,/kaggle/working/asr_audio/20260530_140123_asr_live/parakeet_tdt_0_6b_v2/comp_2/attempt_004/session_285623_q02_qid_4812/option_D.wav,610604,92204,119084,99884,230444,12.72,1.92,2.48,2.08,4.8,1.4231553077697754,0.6647186279296875,0.6691544055938721,0.6679577827453613,0.8207056522369385,27.945681,3,0.6571803092956543,False,False,True,100,The number of squirrels in a certain ecosystem changes over time. These changes can be represented as a number of connected data points. Which method would a student most likely use to show this information?,Option A. Pick the gram.,"Hopson B, Line Graph.","Option C, buy chart.",Option D? Data table? Data table.,0.1990058422088623,0.08049273490905762,0.0790257453918457,0.07762789726257324,0.08636689186096191,0.5225191116333008,,,,,,,,,
20260530_140123_asr_live,2026-05-30 14:06:25,parakeet_tdt_0_6b_v2,nvidia/parakeet-tdt-0.6b-v2,nemo_asr,cuda:1,float16,1,candidate,,,False,88.08999490737915,2,Science and Nature,5,1,285630,5123,0,,0,,1,,2,,3,,/kaggle/working/asr_audio/20260530_140123_asr_live/parakeet_tdt_0_6b_v2/comp_2/attempt_005/session_285630_q01_qid_5123/question.wav,/kaggle/working/asr_audio/20260530_140123_asr_live/parakeet_tdt_0_6b_v2/comp_2/attempt_005/session_285630_q01_qid_5123/option_A.wav,/kaggle/working/asr_audio/20260530_140123_asr_live/parakeet_tdt_0_6b_v2/comp_2/attempt_005/session_285630_q01_qid_5123/option_B.wav,/kaggle/working/asr_audio/20260530_140123_asr_live/parakeet_tdt_0_6b_v2/comp_2/attempt_005/session_285630_q01_qid_5123/option_C.wav,/kaggle/working/asr_audio/20260530_140123_asr_live/parakeet_tdt_0_6b_v2/comp_2/attempt_005/session_285630_q01_qid_5123/option_D.wav,249644,230444,226604,203564,349484,5.2,4.8,4.72,4.24,7.28,1.2656607627868652,0.8201966285705566,0.818310022354126,0.6708333492279053,0.8211050033569336,27.943481,3,0.6591963768005371,False,False,True,0,Which of these correctly identifies the way materials are transported in a plant?,Option A. Huh? Floam carries minerals from the roots to the leaves.,Option B. Xylan carries water from the roots to the leaves.,Option C Phloam carries water from the flowers to the stems.,Option D Xylem carries sugars from the flowers to the stems.,0.14460515975952148,0.10262632369995117,0.09984683990478516,0.0886225700378418,0.10940146446228027,0.5451023578643799,,,,,,,,,
20260530_140123_asr_live,2026-05-30 14:06:26,parakeet_tdt_0_6b_v2,nvidia/parakeet-tdt-0.6b-v2,nemo_asr,cuda:1,float16,selected,selected,1,best_mean_similarity_if_available_else_preferred_beam,False,88.08999490737915,2,Science and Nature,5,1,285630,5123,0,,0,,1,,2,,3,,/kaggle/working/asr_audio/20260530_140123_asr_live/parakeet_tdt_0_6b_v2/comp_2/attempt_005/session_285630_q01_qid_5123/question.wav,/kaggle/working/asr_audio/20260530_140123_asr_live/parakeet_tdt_0_6b_v2/comp_2/attempt_005/session_285630_q01_qid_5123/option_A.wav,/kaggle/working/asr_audio/20260530_140123_asr_live/parakeet_tdt_0_6b_v2/comp_2/attempt_005/session_285630_q01_qid_5123/option_B.wav,/kaggle/working/asr_audio/20260530_140123_asr_live/parakeet_tdt_0_6b_v2/comp_2/attempt_005/session_285630_q01_qid_5123/option_C.wav,/kaggle/working/asr_audio/20260530_140123_asr_live/parakeet_tdt_0_6b_v2/comp_2/attempt_005/session_285630_q01_qid_5123/option_D.wav,249644,230444,226604,203564,349484,5.2,4.8,4.72,4.24,7.28,1.2656607627868652,0.8201966285705566,0.818310022354126,0.6708333492279053,0.8211050033569336,27.943481,3,0.6591963768005371,False,False,True,0,Which of these correctly identifies the way materials are transported in a plant?,Option A. Huh? Floam carries minerals from the roots to the leaves.,Option B. Xylan carries water from the roots to the leaves.,Option C Phloam carries water from the flowers to the stems.,Option D Xylem carries sugars from the flowers to the stems.,0.14460515975952148,0.10262632369995117,0.09984683990478516,0.0886225700378418,0.10940146446228027,0.5451023578643799,,,,,,,,,
20260530_140123_asr_live,2026-05-30 14:06:32,parakeet_tdt_0_6b_v2,nvidia/parakeet-tdt-0.6b-v2,nemo_asr,cuda:1,float16,1,candidate,,,False,88.08999490737915,3,Maths,1,1,285632,6815,0,,0,,1,,2,,3,,/kaggle/working/asr_audio/20260530_140123_asr_live/parakeet_tdt_0_6b_v2/comp_3/attempt_001/session_285632_q01_qid_6815/question.wav,/kaggle/working/asr_audio/20260530_140123_asr_live/parakeet_tdt_0_6b_v2/comp_3/attempt_001/session_285632_q01_qid_6815/option_A.wav,/kaggle/working/asr_audio/20260530_140123_asr_live/parakeet_tdt_0_6b_v2/comp_3/attempt_001/session_285632_q01_qid_6815/option_B.wav,/kaggle/working/asr_audio/20260530_140123_asr_live/parakeet_tdt_0_6b_v2/comp_3/attempt_001/session_285632_q01_qid_6815/option_C.wav,/kaggle/working/asr_audio/20260530_140123_asr_live/parakeet_tdt_0_6b_v2/comp_3/attempt_001/session_285632_q01_qid_6815/option_D.wav,1797164,84524,380204,103724,103724,37.44,1.76,7.92,2.16,2.16,1.5850021839141846,0.6647412776947021,0.6692478656768799,0.6660027503967285,0.6673421859741211,28.096366,3,0.660832405090332,False,False,True,0,"Suppose the graph of the equals the points of quest, Megura five, preppy, two point a three, Gabal Claw, Macaub, the set, and three ton one, proced, richel to the points, virginity, dollars, points, and the mandes, the cold toyn die h in, the pret of x, am doll, late, the brat is pressed this and anging. If we call those points of B and a B balod core to K Masiblade dollars, that just quartic burst, Bret or Ford. If we call those points Brat C Blade C dress De Bother.",Option A. Nine.,Option B 5 Choo Minda The Port E Des Bet you Metly Minch.,Option C. Seventeen.,"Option D, 15.",0.4982283115386963,0.08417725563049316,0.10806775093078613,0.09202766418457031,0.07972931861877441,0.8622303009033203,,,,,,,,,
20260530_140123_asr_live,2026-05-30 14:06:33,parakeet_tdt_0_6b_v2,nvidia/parakeet-tdt-0.6b-v2,nemo_asr,cuda:1,float16,selected,selected,1,best_mean_similarity_if_available_else_preferred_beam,False,88.08999490737915,3,Maths,1,1,285632,6815,0,,0,,1,,2,,3,,/kaggle/working/asr_audio/20260530_140123_asr_live/parakeet_tdt_0_6b_v2/comp_3/attempt_001/session_285632_q01_qid_6815/question.wav,/kaggle/working/asr_audio/20260530_140123_asr_live/parakeet_tdt_0_6b_v2/comp_3/attempt_001/session_285632_q01_qid_6815/option_A.wav,/kaggle/working/asr_audio/20260530_140123_asr_live/parakeet_tdt_0_6b_v2/comp_3/attempt_001/session_285632_q01_qid_6815/option_B.wav,/kaggle/working/asr_audio/20260530_140123_asr_live/parakeet_tdt_0_6b_v2/comp_3/attempt_001/session_285632_q01_qid_6815/option_C.wav,/kaggle/working/asr_audio/20260530_140123_asr_live/parakeet_tdt_0_6b_v2/comp_3/attempt_001/session_285632_q01_qid_6815/option_D.wav,1797164,84524,380204,103724,103724,37.44,1.76,7.92,2.16,2.16,1.5850021839141846,0.6647412776947021,0.6692478656768799,0.6660027503967285,0.6673421859741211,28.096366,3,0.660832405090332,False,False,True,0,"Suppose the graph of the equals the points of quest, Megura five, preppy, two point a three, Gabal Claw, Macaub, the set, and three ton one, proced, richel to the points, virginity, dollars, points, and the mandes, the cold toyn die h in, the pret of x, am doll, late, the brat is pressed this and anging. If we call those points of B and a B balod core to K Masiblade dollars, that just quartic burst, Bret or Ford. If we call those points Brat C Blade C dress De Bother.",Option A. Nine.,Option B 5 Choo Minda The Port E Des Bet you Metly Minch.,Option C. Seventeen.,"Option D, 15.",0.4982283115386963,0.08417725563049316,0.10806775093078613,0.09202766418457031,0.07972931861877441,0.8622303009033203,,,,,,,,,
20260530_140123_asr_live,2026-05-30 14:06:40,parakeet_tdt_0_6b_v2,nvidia/parakeet-tdt-0.6b-v2,nemo_asr,cuda:1,float16,1,candidate,,,False,88.08999490737915,3,Maths,2,1,285636,6903,0,,0,,1,,2,,3,,/kaggle/working/asr_audio/20260530_140123_asr_live/parakeet_tdt_0_6b_v2/comp_3/attempt_002/session_285636_q01_qid_6903/question.wav,/kaggle/working/asr_audio/20260530_140123_asr_live/parakeet_tdt_0_6b_v2/comp_3/attempt_002/session_285636_q01_qid_6903/option_A.wav,/kaggle/working/asr_audio/20260530_140123_asr_live/parakeet_tdt_0_6b_v2/comp_3/attempt_002/session_285636_q01_qid_6903/option_B.wav,/kaggle/working/asr_audio/20260530_140123_asr_live/parakeet_tdt_0_6b_v2/comp_3/attempt_002/session_285636_q01_qid_6903/option_C.wav,/kaggle/working/asr_audio/20260530_140123_asr_live/parakeet_tdt_0_6b_v2/comp_3/attempt_002/session_285636_q01_qid_6903/option_D.wav,890924,280364,391724,380204,257324,18.56,5.84,8.16,7.92,5.36,1.4312496185302734,0.6671655178070068,0.8184196949005127,0.8168716430664062,0.6680359840393066,59.419685,3,0.6623446941375732,True,False,False,100,"A talk show host recently reported that in response to his on-air question, 82% of the more than 2,500 email messages received through his publicized address supported the death penalty for anyone convicted of selling drugs to children. What does this show?",Option A. The survey would have been more meaningful if he had used a control group.,Option B. No meaningful conclusion is possible without knowing something more about the characteristics of his listeners.,"Option C. The survey would have been more meaningful if he had picked a random sample of the 2,500 listeners who responded.","Option D, the survey is meaningless because of voluntary response bias.",0.26062655448913574,0.09953022003173828,0.1063530445098877,0.1048285961151123,0.10313653945922852,0.6744749546051025,,,,,,,,,
20260530_140123_asr_live,2026-05-30 14:06:41,parakeet_tdt_0_6b_v2,nvidia/parakeet-tdt-0.6b-v2,nemo_asr,cuda:1,float16,selected,selected,1,best_mean_similarity_if_available_else_preferred_beam,False,88.08999490737915,3,Maths,2,1,285636,6903,0,,0,,1,,2,,3,,/kaggle/working/asr_audio/20260530_140123_asr_live/parakeet_tdt_0_6b_v2/comp_3/attempt_002/session_285636_q01_qid_6903/question.wav,/kaggle/working/asr_audio/20260530_140123_asr_live/parakeet_tdt_0_6b_v2/comp_3/attempt_002/session_285636_q01_qid_6903/option_A.wav,/kaggle/working/asr_audio/20260530_140123_asr_live/parakeet_tdt_0_6b_v2/comp_3/attempt_002/session_285636_q01_qid_6903/option_B.wav,/kaggle/working/asr_audio/20260530_140123_asr_live/parakeet_tdt_0_6b_v2/comp_3/attempt_002/session_285636_q01_qid_6903/option_C.wav,/kaggle/working/asr_audio/20260530_140123_asr_live/parakeet_tdt_0_6b_v2/comp_3/attempt_002/session_285636_q01_qid_6903/option_D.wav,890924,280364,391724,380204,257324,18.56,5.84,8.16,7.92,5.36,1.4312496185302734,0.6671655178070068,0.8184196949005127,0.8168716430664062,0.6680359840393066,59.419685,3,0.6623446941375732,True,False,False,100,"A talk show host recently reported that in response to his on-air question, 82% of the more than 2,500 email messages received through his publicized address supported the death penalty for anyone convicted of selling drugs to children. What does this show?",Option A. The survey would have been more meaningful if he had used a control group.,Option B. No meaningful conclusion is possible without knowing something more about the characteristics of his listeners.,"Option C. The survey would have been more meaningful if he had picked a random sample of the 2,500 listeners who responded.","Option D, the survey is meaningless because of voluntary response bias.",0.26062655448913574,0.09953022003173828,0.1063530445098877,0.1048285961151123,0.10313653945922852,0.6744749546051025,,,,,,,,,
20260530_140123_asr_live,2026-05-30 14:06:46,parakeet_tdt_0_6b_v2,nvidia/parakeet-tdt-0.6b-v2,nemo_asr,cuda:1,float16,1,candidate,,,False,88.08999490737915,3,Maths,2,2,285636,6711,0,,0,,1,,2,,3,,/kaggle/working/asr_audio/20260530_140123_asr_live/parakeet_tdt_0_6b_v2/comp_3/attempt_002/session_285636_q02_qid_6711/question.wav,/kaggle/working/asr_audio/20260530_140123_asr_live/parakeet_tdt_0_6b_v2/comp_3/attempt_002/session_285636_q02_qid_6711/option_A.wav,/kaggle/working/asr_audio/20260530_140123_asr_live/parakeet_tdt_0_6b_v2/comp_3/attempt_002/session_285636_q02_qid_6711/option_B.wav,/kaggle/working/asr_audio/20260530_140123_asr_live/parakeet_tdt_0_6b_v2/comp_3/attempt_002/session_285636_q02_qid_6711/option_C.wav,/kaggle/working/asr_audio/20260530_140123_asr_live/parakeet_tdt_0_6b_v2/comp_3/attempt_002/session_285636_q02_qid_6711/option_D.wav,721964,92204,326444,76844,76844,15.04,1.92,6.8,1.6,1.6,1.4250996112823486,0.6649446487426758,0.8212873935699463,0.6664924621582031,0.6672353744506836,28.099943,3,0.65675950050354,False,False,True,100,"The Fibonacci sequence is the sequence one, one, two, three, five dots, where each term is the sum of the previous two terms. What is the remainder when the hundred puns a term of the sequence is divided by four?",Option A. Three.,Ops and B two?,Option C four,Option D. Five.,0.22738051414489746,0.08166718482971191,0.09297871589660645,0.08823490142822266,0.08121991157531738,0.5714812278747559,,,,,,,,,
20260530_140123_asr_live,2026-05-30 14:06:47,parakeet_tdt_0_6b_v2,nvidia/parakeet-tdt-0.6b-v2,nemo_asr,cuda:1,float16,selected,selected,1,best_mean_similarity_if_available_else_preferred_beam,False,88.08999490737915,3,Maths,2,2,285636,6711,0,,0,,1,,2,,3,,/kaggle/working/asr_audio/20260530_140123_asr_live/parakeet_tdt_0_6b_v2/comp_3/attempt_002/session_285636_q02_qid_6711/question.wav,/kaggle/working/asr_audio/20260530_140123_asr_live/parakeet_tdt_0_6b_v2/comp_3/attempt_002/session_285636_q02_qid_6711/option_A.wav,/kaggle/working/asr_audio/20260530_140123_asr_live/parakeet_tdt_0_6b_v2/comp_3/attempt_002/session_285636_q02_qid_6711/option_B.wav,/kaggle/working/asr_audio/20260530_140123_asr_live/parakeet_tdt_0_6b_v2/comp_3/attempt_002/session_285636_q02_qid_6711/option_C.wav,/kaggle/working/asr_audio/20260530_140123_asr_live/parakeet_tdt_0_6b_v2/comp_3/attempt_002/session_285636_q02_qid_6711/option_D.wav,721964,92204,326444,76844,76844,15.04,1.92,6.8,1.6,1.6,1.4250996112823486,0.6649446487426758,0.8212873935699463,0.6664924621582031,0.6672353744506836,28.099943,3,0.65675950050354,False,False,True,100,"The Fibonacci sequence is the sequence one, one, two, three, five dots, where each term is the sum of the previous two terms. What is the remainder when the hundred puns a term of the sequence is divided by four?",Option A. Three.,Ops and B two?,Option C four,Option D. Five.,0.22738051414489746,0.08166718482971191,0.09297871589660645,0.08823490142822266,0.08121991157531738,0.5714812278747559,,,,,,,,,
20260530_140123_asr_live,2026-05-30 14:06:53,parakeet_tdt_0_6b_v2,nvidia/parakeet-tdt-0.6b-v2,nemo_asr,cuda:1,float16,1,candidate,,,False,88.08999490737915,3,Maths,3,1,285641,7002,0,,0,,1,,2,,3,,/kaggle/working/asr_audio/20260530_140123_asr_live/parakeet_tdt_0_6b_v2/comp_3/attempt_003/session_285641_q01_qid_7002/question.wav,/kaggle/working/asr_audio/20260530_140123_asr_live/parakeet_tdt_0_6b_v2/comp_3/attempt_003/session_285641_q01_qid_7002/option_A.wav,/kaggle/working/asr_audio/20260530_140123_asr_live/parakeet_tdt_0_6b_v2/comp_3/attempt_003/session_285641_q01_qid_7002/option_B.wav,/kaggle/working/asr_audio/20260530_140123_asr_live/parakeet_tdt_0_6b_v2/comp_3/attempt_003/session_285641_q01_qid_7002/option_C.wav,/kaggle/working/asr_audio/20260530_140123_asr_live/parakeet_tdt_0_6b_v2/comp_3/attempt_003/session_285641_q01_qid_7002/option_D.wav,272684,99884,103724,99884,165164,5.68,2.08,2.16,2.08,3.44,1.266080379486084,0.6679646968841553,0.8145654201507568,0.6676943302154541,0.8179037570953369,59.419327,3,0.6632964611053467,True,False,False,100,How many positive numbers x satisfy the equation cost 97 x equals x?,Option A. One woo,Ops and B. 49.,Option C. Fifteen.,Thompson D thirty one.,0.153916597366333,0.08415675163269043,0.0835564136505127,0.08383464813232422,0.08946561813354492,0.4949300289154053,,,,,,,,,
20260530_140123_asr_live,2026-05-30 14:06:54,parakeet_tdt_0_6b_v2,nvidia/parakeet-tdt-0.6b-v2,nemo_asr,cuda:1,float16,selected,selected,1,best_mean_similarity_if_available_else_preferred_beam,False,88.08999490737915,3,Maths,3,1,285641,7002,0,,0,,1,,2,,3,,/kaggle/working/asr_audio/20260530_140123_asr_live/parakeet_tdt_0_6b_v2/comp_3/attempt_003/session_285641_q01_qid_7002/question.wav,/kaggle/working/asr_audio/20260530_140123_asr_live/parakeet_tdt_0_6b_v2/comp_3/attempt_003/session_285641_q01_qid_7002/option_A.wav,/kaggle/working/asr_audio/20260530_140123_asr_live/parakeet_tdt_0_6b_v2/comp_3/attempt_003/session_285641_q01_qid_7002/option_B.wav,/kaggle/working/asr_audio/20260530_140123_asr_live/parakeet_tdt_0_6b_v2/comp_3/attempt_003/session_285641_q01_qid_7002/option_C.wav,/kaggle/working/asr_audio/20260530_140123_asr_live/parakeet_tdt_0_6b_v2/comp_3/attempt_003/session_285641_q01_qid_7002/option_D.wav,272684,99884,103724,99884,165164,5.68,2.08,2.16,2.08,3.44,1.266080379486084,0.6679646968841553,0.8145654201507568,0.6676943302154541,0.8179037570953369,59.419327,3,0.6632964611053467,True,False,False,100,How many positive numbers x satisfy the equation cost 97 x equals x?,Option A. One woo,Ops and B. 49.,Option C. Fifteen.,Thompson D thirty one.,0.153916597366333,0.08415675163269043,0.0835564136505127,0.08383464813232422,0.08946561813354492,0.4949300289154053,,,,,,,,,
20260530_140123_asr_live,2026-05-30 14:07:00,parakeet_tdt_0_6b_v2,nvidia/parakeet-tdt-0.6b-v2,nemo_asr,cuda:1,float16,1,candidate,,,False,88.08999490737915,3,Maths,3,2,285641,6924,0,,0,,1,,2,,3,,/kaggle/working/asr_audio/20260530_140123_asr_live/parakeet_tdt_0_6b_v2/comp_3/attempt_003/session_285641_q02_qid_6924/question.wav,/kaggle/working/asr_audio/20260530_140123_asr_live/parakeet_tdt_0_6b_v2/comp_3/attempt_003/session_285641_q02_qid_6924/option_A.wav,/kaggle/working/asr_audio/20260530_140123_asr_live/parakeet_tdt_0_6b_v2/comp_3/attempt_003/session_285641_q02_qid_6924/option_B.wav,/kaggle/working/asr_audio/20260530_140123_asr_live/parakeet_tdt_0_6b_v2/comp_3/attempt_003/session_285641_q02_qid_6924/option_C.wav,/kaggle/working/asr_audio/20260530_140123_asr_live/parakeet_tdt_0_6b_v2/comp_3/attempt_003/session_285641_q02_qid_6924/option_D.wav,549164,138284,656684,188204,614444,11.44,2.88,13.68,3.92,12.8,1.421058177947998,0.6665985584259033,0.975867748260498,0.6665968894958496,0.9687488079071045,27.798127,3,0.656749963760376,False,False,True,100,"The inverse of minus one, i in the multiplicative group. No ogl dock up i minus one i minus minus sibler. Brian negated off.",Option A. D d I,Hobson B. Mm Mm Mm Mm M,Option C.,Option D Ha ha ha So oh In you I,0.20122241973876953,0.08961892127990723,0.14411354064941406,0.08814668655395508,0.13161969184875488,0.6547212600708008,,,,,,,,,
20260530_140123_asr_live,2026-05-30 14:07:01,parakeet_tdt_0_6b_v2,nvidia/parakeet-tdt-0.6b-v2,nemo_asr,cuda:1,float16,selected,selected,1,best_mean_similarity_if_available_else_preferred_beam,False,88.08999490737915,3,Maths,3,2,285641,6924,0,,0,,1,,2,,3,,/kaggle/working/asr_audio/20260530_140123_asr_live/parakeet_tdt_0_6b_v2/comp_3/attempt_003/session_285641_q02_qid_6924/question.wav,/kaggle/working/asr_audio/20260530_140123_asr_live/parakeet_tdt_0_6b_v2/comp_3/attempt_003/session_285641_q02_qid_6924/option_A.wav,/kaggle/working/asr_audio/20260530_140123_asr_live/parakeet_tdt_0_6b_v2/comp_3/attempt_003/session_285641_q02_qid_6924/option_B.wav,/kaggle/working/asr_audio/20260530_140123_asr_live/parakeet_tdt_0_6b_v2/comp_3/attempt_003/session_285641_q02_qid_6924/option_C.wav,/kaggle/working/asr_audio/20260530_140123_asr_live/parakeet_tdt_0_6b_v2/comp_3/attempt_003/session_285641_q02_qid_6924/option_D.wav,549164,138284,656684,188204,614444,11.44,2.88,13.68,3.92,12.8,1.421058177947998,0.6665985584259033,0.975867748260498,0.6665968894958496,0.9687488079071045,27.798127,3,0.656749963760376,False,False,True,100,"The inverse of minus one, i in the multiplicative group. No ogl dock up i minus one i minus minus sibler. Brian negated off.",Option A. D d I,Hobson B. Mm Mm Mm Mm M,Option C.,Option D Ha ha ha So oh In you I,0.20122241973876953,0.08961892127990723,0.14411354064941406,0.08814668655395508,0.13161969184875488,0.6547212600708008,,,,,,,,,
20260530_140123_asr_live,2026-05-30 14:07:07,parakeet_tdt_0_6b_v2,nvidia/parakeet-tdt-0.6b-v2,nemo_asr,cuda:1,float16,1,candidate,,,False,88.08999490737915,3,Maths,4,1,285646,6718,0,,0,,1,,2,,3,,/kaggle/working/asr_audio/20260530_140123_asr_live/parakeet_tdt_0_6b_v2/comp_3/attempt_004/session_285646_q01_qid_6718/question.wav,/kaggle/working/asr_audio/20260530_140123_asr_live/parakeet_tdt_0_6b_v2/comp_3/attempt_004/session_285646_q01_qid_6718/option_A.wav,/kaggle/working/asr_audio/20260530_140123_asr_live/parakeet_tdt_0_6b_v2/comp_3/attempt_004/session_285646_q01_qid_6718/option_B.wav,/kaggle/working/asr_audio/20260530_140123_asr_live/parakeet_tdt_0_6b_v2/comp_3/attempt_004/session_285646_q01_qid_6718/option_C.wav,/kaggle/working/asr_audio/20260530_140123_asr_live/parakeet_tdt_0_6b_v2/comp_3/attempt_004/session_285646_q01_qid_6718/option_D.wav,583724,660524,84524,96044,88364,12.16,13.76,1.76,2.0,1.84,1.4219353199005127,0.8245337009429932,0.6658344268798828,0.6659266948699951,0.668302059173584,59.419478,3,0.66237473487854,True,False,False,100,"Led eig munkeltogischens, where I is the identity matrix and A is a real two by two matrix. If identity equals ovable de minus one, then the trace of A is",Option A Foo Foo Ha B. B.,Option B. Two.,Option C. One.,"Option D, zero.",0.20276474952697754,0.16359496116638184,0.08146548271179199,0.07948946952819824,0.09051036834716797,0.6178250312805176,,,,,,,,,
20260530_140123_asr_live,2026-05-30 14:07:08,parakeet_tdt_0_6b_v2,nvidia/parakeet-tdt-0.6b-v2,nemo_asr,cuda:1,float16,selected,selected,1,best_mean_similarity_if_available_else_preferred_beam,False,88.08999490737915,3,Maths,4,1,285646,6718,0,,0,,1,,2,,3,,/kaggle/working/asr_audio/20260530_140123_asr_live/parakeet_tdt_0_6b_v2/comp_3/attempt_004/session_285646_q01_qid_6718/question.wav,/kaggle/working/asr_audio/20260530_140123_asr_live/parakeet_tdt_0_6b_v2/comp_3/attempt_004/session_285646_q01_qid_6718/option_A.wav,/kaggle/working/asr_audio/20260530_140123_asr_live/parakeet_tdt_0_6b_v2/comp_3/attempt_004/session_285646_q01_qid_6718/option_B.wav,/kaggle/working/asr_audio/20260530_140123_asr_live/parakeet_tdt_0_6b_v2/comp_3/attempt_004/session_285646_q01_qid_6718/option_C.wav,/kaggle/working/asr_audio/20260530_140123_asr_live/parakeet_tdt_0_6b_v2/comp_3/attempt_004/session_285646_q01_qid_6718/option_D.wav,583724,660524,84524,96044,88364,12.16,13.76,1.76,2.0,1.84,1.4219353199005127,0.8245337009429932,0.6658344268798828,0.6659266948699951,0.668302059173584,59.419478,3,0.66237473487854,True,False,False,100,"Led eig munkeltogischens, where I is the identity matrix and A is a real two by two matrix. If identity equals ovable de minus one, then the trace of A is",Option A Foo Foo Ha B. B.,Option B. Two.,Option C. One.,"Option D, zero.",0.20276474952697754,0.16359496116638184,0.08146548271179199,0.07948946952819824,0.09051036834716797,0.6178250312805176,,,,,,,,,
20260530_140123_asr_live,2026-05-30 14:07:14,parakeet_tdt_0_6b_v2,nvidia/parakeet-tdt-0.6b-v2,nemo_asr,cuda:1,float16,1,candidate,,,False,88.08999490737915,3,Maths,4,2,285646,6762,0,,0,,1,,2,,3,,/kaggle/working/asr_audio/20260530_140123_asr_live/parakeet_tdt_0_6b_v2/comp_3/attempt_004/session_285646_q02_qid_6762/question.wav,/kaggle/working/asr_audio/20260530_140123_asr_live/parakeet_tdt_0_6b_v2/comp_3/attempt_004/session_285646_q02_qid_6762/option_A.wav,/kaggle/working/asr_audio/20260530_140123_asr_live/parakeet_tdt_0_6b_v2/comp_3/attempt_004/session_285646_q02_qid_6762/option_B.wav,/kaggle/working/asr_audio/20260530_140123_asr_live/parakeet_tdt_0_6b_v2/comp_3/attempt_004/session_285646_q02_qid_6762/option_C.wav,/kaggle/working/asr_audio/20260530_140123_asr_live/parakeet_tdt_0_6b_v2/comp_3/attempt_004/session_285646_q02_qid_6762/option_D.wav,1009964,288044,660524,176684,414764,21.04,6.0,13.76,3.68,8.64,1.5711393356323242,0.6680803298950195,0.8241138458251953,0.6671571731567383,0.8245530128479004,59.419307,3,0.6624579429626465,True,False,False,200,"As punishment for bad behavior during recess, Mrs. Busywork asked her class to multiply 10 by one-third five times. John, however, notices that it is possible to multiply 10 by a single fraction and still get the same answer as the other students. What is this single fraction?",Option A. One third. Mm.,"Option B When I die, great uh mine rejoy. This is be uh",Option C. About one sixty eighth.,Option D One Tap by one Hum Brew E Tones 3 Mina,0.27649903297424316,0.09781241416931152,0.13468146324157715,0.08703947067260742,0.10601353645324707,0.7020459175109863,,,,,,,,,
20260530_140123_asr_live,2026-05-30 14:07:15,parakeet_tdt_0_6b_v2,nvidia/parakeet-tdt-0.6b-v2,nemo_asr,cuda:1,float16,selected,selected,1,best_mean_similarity_if_available_else_preferred_beam,False,88.08999490737915,3,Maths,4,2,285646,6762,0,,0,,1,,2,,3,,/kaggle/working/asr_audio/20260530_140123_asr_live/parakeet_tdt_0_6b_v2/comp_3/attempt_004/session_285646_q02_qid_6762/question.wav,/kaggle/working/asr_audio/20260530_140123_asr_live/parakeet_tdt_0_6b_v2/comp_3/attempt_004/session_285646_q02_qid_6762/option_A.wav,/kaggle/working/asr_audio/20260530_140123_asr_live/parakeet_tdt_0_6b_v2/comp_3/attempt_004/session_285646_q02_qid_6762/option_B.wav,/kaggle/working/asr_audio/20260530_140123_asr_live/parakeet_tdt_0_6b_v2/comp_3/attempt_004/session_285646_q02_qid_6762/option_C.wav,/kaggle/working/asr_audio/20260530_140123_asr_live/parakeet_tdt_0_6b_v2/comp_3/attempt_004/session_285646_q02_qid_6762/option_D.wav,1009964,288044,660524,176684,414764,21.04,6.0,13.76,3.68,8.64,1.5711393356323242,0.6680803298950195,0.8241138458251953,0.6671571731567383,0.8245530128479004,59.419307,3,0.6624579429626465,True,False,False,200,"As punishment for bad behavior during recess, Mrs. Busywork asked her class to multiply 10 by one-third five times. John, however, notices that it is possible to multiply 10 by a single fraction and still get the same answer as the other students. What is this single fraction?",Option A. One third. Mm.,"Option B When I die, great uh mine rejoy. This is be uh",Option C. About one sixty eighth.,Option D One Tap by one Hum Brew E Tones 3 Mina,0.27649903297424316,0.09781241416931152,0.13468146324157715,0.08703947067260742,0.10601353645324707,0.7020459175109863,,,,,,,,,
20260530_140123_asr_live,2026-05-30 14:07:21,parakeet_tdt_0_6b_v2,nvidia/parakeet-tdt-0.6b-v2,nemo_asr,cuda:1,float16,1,candidate,,,False,88.08999490737915,3,Maths,4,3,285646,6730,0,,0,,1,,2,,3,,/kaggle/working/asr_audio/20260530_140123_asr_live/parakeet_tdt_0_6b_v2/comp_3/attempt_004/session_285646_q03_qid_6730/question.wav,/kaggle/working/asr_audio/20260530_140123_asr_live/parakeet_tdt_0_6b_v2/comp_3/attempt_004/session_285646_q03_qid_6730/option_A.wav,/kaggle/working/asr_audio/20260530_140123_asr_live/parakeet_tdt_0_6b_v2/comp_3/attempt_004/session_285646_q03_qid_6730/option_B.wav,/kaggle/working/asr_audio/20260530_140123_asr_live/parakeet_tdt_0_6b_v2/comp_3/attempt_004/session_285646_q03_qid_6730/option_C.wav,/kaggle/working/asr_audio/20260530_140123_asr_live/parakeet_tdt_0_6b_v2/comp_3/attempt_004/session_285646_q03_qid_6730/option_D.wav,399404,318764,280364,234284,503084,8.32,6.64,5.84,4.88,10.48,1.273686170578003,0.8211219310760498,0.9716024398803711,0.819150447845459,0.8289206027984619,27.937937,3,0.6572012901306152,False,False,True,200,Which of the following circles has the greatest number of points of intersection with the paraboloca equals blind plus four?,Option A. Ud odd. X two plus y two equals nine.,"Option B Heh, Kaya, pick by Apple, so Y2 AQ's one.",Option C x squared plus y toot equals two.,Option D Eggs Why it was why it was blade at thousand the circles ride Audibly the other local ficteen.,0.1640927791595459,0.13866233825683594,0.10539698600769043,0.09448599815368652,0.1376514434814453,0.6402895450592041,,,,,,,,,
20260530_140123_asr_live,2026-05-30 14:07:21,parakeet_tdt_0_6b_v2,nvidia/parakeet-tdt-0.6b-v2,nemo_asr,cuda:1,float16,selected,selected,1,best_mean_similarity_if_available_else_preferred_beam,False,88.08999490737915,3,Maths,4,3,285646,6730,0,,0,,1,,2,,3,,/kaggle/working/asr_audio/20260530_140123_asr_live/parakeet_tdt_0_6b_v2/comp_3/attempt_004/session_285646_q03_qid_6730/question.wav,/kaggle/working/asr_audio/20260530_140123_asr_live/parakeet_tdt_0_6b_v2/comp_3/attempt_004/session_285646_q03_qid_6730/option_A.wav,/kaggle/working/asr_audio/20260530_140123_asr_live/parakeet_tdt_0_6b_v2/comp_3/attempt_004/session_285646_q03_qid_6730/option_B.wav,/kaggle/working/asr_audio/20260530_140123_asr_live/parakeet_tdt_0_6b_v2/comp_3/attempt_004/session_285646_q03_qid_6730/option_C.wav,/kaggle/working/asr_audio/20260530_140123_asr_live/parakeet_tdt_0_6b_v2/comp_3/attempt_004/session_285646_q03_qid_6730/option_D.wav,399404,318764,280364,234284,503084,8.32,6.64,5.84,4.88,10.48,1.273686170578003,0.8211219310760498,0.9716024398803711,0.819150447845459,0.8289206027984619,27.937937,3,0.6572012901306152,False,False,True,200,Which of the following circles has the greatest number of points of intersection with the paraboloca equals blind plus four?,Option A. Ud odd. X two plus y two equals nine.,"Option B Heh, Kaya, pick by Apple, so Y2 AQ's one.",Option C x squared plus y toot equals two.,Option D Eggs Why it was why it was blade at thousand the circles ride Audibly the other local ficteen.,0.1640927791595459,0.13866233825683594,0.10539698600769043,0.09448599815368652,0.1376514434814453,0.6402895450592041,,,,,,,,,
20260530_140123_asr_live,2026-05-30 14:07:28,parakeet_tdt_0_6b_v2,nvidia/parakeet-tdt-0.6b-v2,nemo_asr,cuda:1,float16,1,candidate,,,False,88.08999490737915,3,Maths,5,1,285657,6798,0,,0,,1,,2,,3,,/kaggle/working/asr_audio/20260530_140123_asr_live/parakeet_tdt_0_6b_v2/comp_3/attempt_005/session_285657_q01_qid_6798/question.wav,/kaggle/working/asr_audio/20260530_140123_asr_live/parakeet_tdt_0_6b_v2/comp_3/attempt_005/session_285657_q01_qid_6798/option_A.wav,/kaggle/working/asr_audio/20260530_140123_asr_live/parakeet_tdt_0_6b_v2/comp_3/attempt_005/session_285657_q01_qid_6798/option_B.wav,/kaggle/working/asr_audio/20260530_140123_asr_live/parakeet_tdt_0_6b_v2/comp_3/attempt_005/session_285657_q01_qid_6798/option_C.wav,/kaggle/working/asr_audio/20260530_140123_asr_live/parakeet_tdt_0_6b_v2/comp_3/attempt_005/session_285657_q01_qid_6798/option_D.wav,718124,430124,169004,241964,303404,14.96,8.96,3.52,5.04,6.32,1.4266393184661865,0.8169677257537842,0.6660382747650146,0.8166069984436035,0.818666934967041,59.418871,3,0.6624248027801514,True,False,False,100,"Let S be a compact topological space, let T be a topological space, and let F be a function from S on to T. Of the following conditions on F which is the weakest condition sufficient to ensure the compactness of T?",Option A Let's One to One.,Option B. F is a homeomorphism.,Option C. F is continuous and one to one.,Option D F is continuous.,0.2190401554107666,0.10913872718811035,0.08814215660095215,0.09357786178588867,0.09166860580444336,0.6015675067901611,,,,,,,,,
20260530_140123_asr_live,2026-05-30 14:07:29,parakeet_tdt_0_6b_v2,nvidia/parakeet-tdt-0.6b-v2,nemo_asr,cuda:1,float16,selected,selected,1,best_mean_similarity_if_available_else_preferred_beam,False,88.08999490737915,3,Maths,5,1,285657,6798,0,,0,,1,,2,,3,,/kaggle/working/asr_audio/20260530_140123_asr_live/parakeet_tdt_0_6b_v2/comp_3/attempt_005/session_285657_q01_qid_6798/question.wav,/kaggle/working/asr_audio/20260530_140123_asr_live/parakeet_tdt_0_6b_v2/comp_3/attempt_005/session_285657_q01_qid_6798/option_A.wav,/kaggle/working/asr_audio/20260530_140123_asr_live/parakeet_tdt_0_6b_v2/comp_3/attempt_005/session_285657_q01_qid_6798/option_B.wav,/kaggle/working/asr_audio/20260530_140123_asr_live/parakeet_tdt_0_6b_v2/comp_3/attempt_005/session_285657_q01_qid_6798/option_C.wav,/kaggle/working/asr_audio/20260530_140123_asr_live/parakeet_tdt_0_6b_v2/comp_3/attempt_005/session_285657_q01_qid_6798/option_D.wav,718124,430124,169004,241964,303404,14.96,8.96,3.52,5.04,6.32,1.4266393184661865,0.8169677257537842,0.6660382747650146,0.8166069984436035,0.818666934967041,59.418871,3,0.6624248027801514,True,False,False,100,"Let S be a compact topological space, let T be a topological space, and let F be a function from S on to T. Of the following conditions on F which is the weakest condition sufficient to ensure the compactness of T?",Option A Let's One to One.,Option B. F is a homeomorphism.,Option C. F is continuous and one to one.,Option D F is continuous.,0.2190401554107666,0.10913872718811035,0.08814215660095215,0.09357786178588867,0.09166860580444336,0.6015675067901611,,,,,,,,,
20260530_140123_asr_live,2026-05-30 14:07:35,parakeet_tdt_0_6b_v2,nvidia/parakeet-tdt-0.6b-v2,nemo_asr,cuda:1,float16,1,candidate,,,False,88.08999490737915,3,Maths,5,2,285657,6643,0,,0,,1,,2,,3,,/kaggle/working/asr_audio/20260530_140123_asr_live/parakeet_tdt_0_6b_v2/comp_3/attempt_005/session_285657_q02_qid_6643/question.wav,/kaggle/working/asr_audio/20260530_140123_asr_live/parakeet_tdt_0_6b_v2/comp_3/attempt_005/session_285657_q02_qid_6643/option_A.wav,/kaggle/working/asr_audio/20260530_140123_asr_live/parakeet_tdt_0_6b_v2/comp_3/attempt_005/session_285657_q02_qid_6643/option_B.wav,/kaggle/working/asr_audio/20260530_140123_asr_live/parakeet_tdt_0_6b_v2/comp_3/attempt_005/session_285657_q02_qid_6643/option_C.wav,/kaggle/working/asr_audio/20260530_140123_asr_live/parakeet_tdt_0_6b_v2/comp_3/attempt_005/session_285657_q02_qid_6643/option_D.wav,906284,553004,510764,633644,714284,18.88,11.52,10.64,13.2,14.88,1.431156873703003,0.8182723522186279,0.8205115795135498,0.8189208507537842,0.8187007904052734,59.419444,3,0.6629495620727539,True,False,False,200,A recent poll reported that 43% of Americans approve of the job the President is doing with a margin of sampling error of plus or plus or minus 3.2 percent at a 95 percent level of confidence. Which of these correctly interprets that margin of error?,Option A. There is a 95% chance that the proportion of all Americans who approve of the job the President is doing is 43%.,Option B. There is a 3.7% chance that the proportion of all Americans who approve the job the President is doing is not 43%.,Option C. About ninety five percent of polls conducted in this way will find with that between thirty nine point eight percent and forty six point two percent of those sampled approve of the job the president is doing.,Option D About 95% of polls conducted in this way will give a sample proportion within 3.2 percentage points of the actual proportion of all Americans who approve of the job the president is doing.,0.2568986415863037,0.14491915702819824,0.13148093223571777,0.15967702865600586,0.1629331111907959,0.8559088706970215,,,,,,,,,
20260530_140123_asr_live,2026-05-30 14:07:36,parakeet_tdt_0_6b_v2,nvidia/parakeet-tdt-0.6b-v2,nemo_asr,cuda:1,float16,selected,selected,1,best_mean_similarity_if_available_else_preferred_beam,False,88.08999490737915,3,Maths,5,2,285657,6643,0,,0,,1,,2,,3,,/kaggle/working/asr_audio/20260530_140123_asr_live/parakeet_tdt_0_6b_v2/comp_3/attempt_005/session_285657_q02_qid_6643/question.wav,/kaggle/working/asr_audio/20260530_140123_asr_live/parakeet_tdt_0_6b_v2/comp_3/attempt_005/session_285657_q02_qid_6643/option_A.wav,/kaggle/working/asr_audio/20260530_140123_asr_live/parakeet_tdt_0_6b_v2/comp_3/attempt_005/session_285657_q02_qid_6643/option_B.wav,/kaggle/working/asr_audio/20260530_140123_asr_live/parakeet_tdt_0_6b_v2/comp_3/attempt_005/session_285657_q02_qid_6643/option_C.wav,/kaggle/working/asr_audio/20260530_140123_asr_live/parakeet_tdt_0_6b_v2/comp_3/attempt_005/session_285657_q02_qid_6643/option_D.wav,906284,553004,510764,633644,714284,18.88,11.52,10.64,13.2,14.88,1.431156873703003,0.8182723522186279,0.8205115795135498,0.8189208507537842,0.8187007904052734,59.419444,3,0.6629495620727539,True,False,False,200,A recent poll reported that 43% of Americans approve of the job the President is doing with a margin of sampling error of plus or plus or minus 3.2 percent at a 95 percent level of confidence. Which of these correctly interprets that margin of error?,Option A. There is a 95% chance that the proportion of all Americans who approve of the job the President is doing is 43%.,Option B. There is a 3.7% chance that the proportion of all Americans who approve the job the President is doing is not 43%.,Option C. About ninety five percent of polls conducted in this way will find with that between thirty nine point eight percent and forty six point two percent of those sampled approve of the job the president is doing.,Option D About 95% of polls conducted in this way will give a sample proportion within 3.2 percentage points of the actual proportion of all Americans who approve of the job the president is doing.,0.2568986415863037,0.14491915702819824,0.13148093223571777,0.15967702865600586,0.1629331111907959,0.8559088706970215,,,,,,,,,
20260530_140123_asr_live,2026-05-30 14:07:42,parakeet_tdt_0_6b_v2,nvidia/parakeet-tdt-0.6b-v2,nemo_asr,cuda:1,float16,1,candidate,,,False,88.08999490737915,3,Maths,5,3,285657,6923,0,,0,,1,,2,,3,,/kaggle/working/asr_audio/20260530_140123_asr_live/parakeet_tdt_0_6b_v2/comp_3/attempt_005/session_285657_q03_qid_6923/question.wav,/kaggle/working/asr_audio/20260530_140123_asr_live/parakeet_tdt_0_6b_v2/comp_3/attempt_005/session_285657_q03_qid_6923/option_A.wav,/kaggle/working/asr_audio/20260530_140123_asr_live/parakeet_tdt_0_6b_v2/comp_3/attempt_005/session_285657_q03_qid_6923/option_B.wav,/kaggle/working/asr_audio/20260530_140123_asr_live/parakeet_tdt_0_6b_v2/comp_3/attempt_005/session_285657_q03_qid_6923/option_C.wav,/kaggle/working/asr_audio/20260530_140123_asr_live/parakeet_tdt_0_6b_v2/comp_3/attempt_005/session_285657_q03_qid_6923/option_D.wav,760364,407084,165164,203564,403244,15.84,8.48,3.44,4.24,8.4,1.4213476181030273,0.8165497779846191,0.6668083667755127,0.8158957958221436,0.8235037326812744,27.939962,3,0.6605193614959717,False,False,True,200,A particular crop of one variety of onion has weights that are approximately normally distributed with mean 9.8 ounce and standard deviation 2.1 ounce sauce. How does an onion in the 28th percentile for weight compare to the mean?,Option A 1.22 ounces above the mean.,"Option B, 1.2 ounces below the mean.",Option C zero point five nine ounces above the mean.,"Option D, 0.59 ounces below the mean.",0.26499056816101074,0.11318087577819824,0.10098743438720703,0.08823561668395996,0.10681843757629395,0.6742129325866699,,,,,,,,,
20260530_140123_asr_live,2026-05-30 14:07:42,parakeet_tdt_0_6b_v2,nvidia/parakeet-tdt-0.6b-v2,nemo_asr,cuda:1,float16,selected,selected,1,best_mean_similarity_if_available_else_preferred_beam,False,88.08999490737915,3,Maths,5,3,285657,6923,0,,0,,1,,2,,3,,/kaggle/working/asr_audio/20260530_140123_asr_live/parakeet_tdt_0_6b_v2/comp_3/attempt_005/session_285657_q03_qid_6923/question.wav,/kaggle/working/asr_audio/20260530_140123_asr_live/parakeet_tdt_0_6b_v2/comp_3/attempt_005/session_285657_q03_qid_6923/option_A.wav,/kaggle/working/asr_audio/20260530_140123_asr_live/parakeet_tdt_0_6b_v2/comp_3/attempt_005/session_285657_q03_qid_6923/option_B.wav,/kaggle/working/asr_audio/20260530_140123_asr_live/parakeet_tdt_0_6b_v2/comp_3/attempt_005/session_285657_q03_qid_6923/option_C.wav,/kaggle/working/asr_audio/20260530_140123_asr_live/parakeet_tdt_0_6b_v2/comp_3/attempt_005/session_285657_q03_qid_6923/option_D.wav,760364,407084,165164,203564,403244,15.84,8.48,3.44,4.24,8.4,1.4213476181030273,0.8165497779846191,0.6668083667755127,0.8158957958221436,0.8235037326812744,27.939962,3,0.6605193614959717,False,False,True,200,A particular crop of one variety of onion has weights that are approximately normally distributed with mean 9.8 ounce and standard deviation 2.1 ounce sauce. How does an onion in the 28th percentile for weight compare to the mean?,Option A 1.22 ounces above the mean.,"Option B, 1.2 ounces below the mean.",Option C zero point five nine ounces above the mean.,"Option D, 0.59 ounces below the mean.",0.26499056816101074,0.11318087577819824,0.10098743438720703,0.08823561668395996,0.10681843757629395,0.6742129325866699,,,,,,,,,
20260530_140123_asr_live,2026-05-30 14:07:49,parakeet_tdt_0_6b_v2,nvidia/parakeet-tdt-0.6b-v2,nemo_asr,cuda:1,float16,1,candidate,,,False,88.08999490737915,4,Philosophy and Psychology,1,1,285661,9264,0,,0,,1,,2,,3,,/kaggle/working/asr_audio/20260530_140123_asr_live/parakeet_tdt_0_6b_v2/comp_4/attempt_001/session_285661_q01_qid_9264/question.wav,/kaggle/working/asr_audio/20260530_140123_asr_live/parakeet_tdt_0_6b_v2/comp_4/attempt_001/session_285661_q01_qid_9264/option_A.wav,/kaggle/working/asr_audio/20260530_140123_asr_live/parakeet_tdt_0_6b_v2/comp_4/attempt_001/session_285661_q01_qid_9264/option_B.wav,/kaggle/working/asr_audio/20260530_140123_asr_live/parakeet_tdt_0_6b_v2/comp_4/attempt_001/session_285661_q01_qid_9264/option_C.wav,/kaggle/working/asr_audio/20260530_140123_asr_live/parakeet_tdt_0_6b_v2/comp_4/attempt_001/session_285661_q01_qid_9264/option_D.wav,245804,364844,165164,341804,195884,5.12,7.6,3.44,7.12,4.08,1.2658679485321045,0.8275725841522217,0.6677095890045166,0.8239610195159912,0.6685807704925537,28.098498,3,0.6569550037384033,False,False,True,0,Which of the following best describes the concept of courtly love in medieval literature?,"Option A. Oh, a form of love that was discouraged and condemned by the nobility.","Option B, a passionate and illicit form of love.",Option C A noble and chivalrous form of love that was often idealized.,"Option D, a strictly religious and spiritual form of love.",0.15252685546875,0.13164401054382324,0.09321999549865723,0.10628414154052734,0.09618592262268066,0.5798609256744385,,,,,,,,,
20260530_140123_asr_live,2026-05-30 14:07:49,parakeet_tdt_0_6b_v2,nvidia/parakeet-tdt-0.6b-v2,nemo_asr,cuda:1,float16,selected,selected,1,best_mean_similarity_if_available_else_preferred_beam,False,88.08999490737915,4,Philosophy and Psychology,1,1,285661,9264,0,,0,,1,,2,,3,,/kaggle/working/asr_audio/20260530_140123_asr_live/parakeet_tdt_0_6b_v2/comp_4/attempt_001/session_285661_q01_qid_9264/question.wav,/kaggle/working/asr_audio/20260530_140123_asr_live/parakeet_tdt_0_6b_v2/comp_4/attempt_001/session_285661_q01_qid_9264/option_A.wav,/kaggle/working/asr_audio/20260530_140123_asr_live/parakeet_tdt_0_6b_v2/comp_4/attempt_001/session_285661_q01_qid_9264/option_B.wav,/kaggle/working/asr_audio/20260530_140123_asr_live/parakeet_tdt_0_6b_v2/comp_4/attempt_001/session_285661_q01_qid_9264/option_C.wav,/kaggle/working/asr_audio/20260530_140123_asr_live/parakeet_tdt_0_6b_v2/comp_4/attempt_001/session_285661_q01_qid_9264/option_D.wav,245804,364844,165164,341804,195884,5.12,7.6,3.44,7.12,4.08,1.2658679485321045,0.8275725841522217,0.6677095890045166,0.8239610195159912,0.6685807704925537,28.098498,3,0.6569550037384033,False,False,True,0,Which of the following best describes the concept of courtly love in medieval literature?,"Option A. Oh, a form of love that was discouraged and condemned by the nobility.","Option B, a passionate and illicit form of love.",Option C A noble and chivalrous form of love that was often idealized.,"Option D, a strictly religious and spiritual form of love.",0.15252685546875,0.13164401054382324,0.09321999549865723,0.10628414154052734,0.09618592262268066,0.5798609256744385,,,,,,,,,
20260530_140123_asr_live,2026-05-30 14:07:56,parakeet_tdt_0_6b_v2,nvidia/parakeet-tdt-0.6b-v2,nemo_asr,cuda:1,float16,1,candidate,,,False,88.08999490737915,4,Philosophy and Psychology,2,1,285665,9122,0,,0,,1,,2,,3,,/kaggle/working/asr_audio/20260530_140123_asr_live/parakeet_tdt_0_6b_v2/comp_4/attempt_002/session_285665_q01_qid_9122/question.wav,/kaggle/working/asr_audio/20260530_140123_asr_live/parakeet_tdt_0_6b_v2/comp_4/attempt_002/session_285665_q01_qid_9122/option_A.wav,/kaggle/working/asr_audio/20260530_140123_asr_live/parakeet_tdt_0_6b_v2/comp_4/attempt_002/session_285665_q01_qid_9122/option_B.wav,/kaggle/working/asr_audio/20260530_140123_asr_live/parakeet_tdt_0_6b_v2/comp_4/attempt_002/session_285665_q01_qid_9122/option_C.wav,/kaggle/working/asr_audio/20260530_140123_asr_live/parakeet_tdt_0_6b_v2/comp_4/attempt_002/session_285665_q01_qid_9122/option_D.wav,234284,122924,138284,145964,149804,4.88,2.56,2.88,3.04,3.12,1.2648005485534668,0.6696987152099609,0.8155291080474854,0.8156933784484863,0.8153831958770752,27.950988,3,0.6579315662384033,False,False,True,0,Which philosopher is most closely associated with the concept of will to power?,Option A. Friedrich Nietzsche.,Option B? You and Paul Sarch?,Option C Sigmund Freud,Option D Karl Marx.,0.1132967472076416,0.10452055931091309,0.0965585708618164,0.08678317070007324,0.08357620239257812,0.48473525047302246,,,,,,,,,
20260530_140123_asr_live,2026-05-30 14:07:57,parakeet_tdt_0_6b_v2,nvidia/parakeet-tdt-0.6b-v2,nemo_asr,cuda:1,float16,selected,selected,1,best_mean_similarity_if_available_else_preferred_beam,False,88.08999490737915,4,Philosophy and Psychology,2,1,285665,9122,0,,0,,1,,2,,3,,/kaggle/working/asr_audio/20260530_140123_asr_live/parakeet_tdt_0_6b_v2/comp_4/attempt_002/session_285665_q01_qid_9122/question.wav,/kaggle/working/asr_audio/20260530_140123_asr_live/parakeet_tdt_0_6b_v2/comp_4/attempt_002/session_285665_q01_qid_9122/option_A.wav,/kaggle/working/asr_audio/20260530_140123_asr_live/parakeet_tdt_0_6b_v2/comp_4/attempt_002/session_285665_q01_qid_9122/option_B.wav,/kaggle/working/asr_audio/20260530_140123_asr_live/parakeet_tdt_0_6b_v2/comp_4/attempt_002/session_285665_q01_qid_9122/option_C.wav,/kaggle/working/asr_audio/20260530_140123_asr_live/parakeet_tdt_0_6b_v2/comp_4/attempt_002/session_285665_q01_qid_9122/option_D.wav,234284,122924,138284,145964,149804,4.88,2.56,2.88,3.04,3.12,1.2648005485534668,0.6696987152099609,0.8155291080474854,0.8156933784484863,0.8153831958770752,27.950988,3,0.6579315662384033,False,False,True,0,Which philosopher is most closely associated with the concept of will to power?,Option A. Friedrich Nietzsche.,Option B? You and Paul Sarch?,Option C Sigmund Freud,Option D Karl Marx.,0.1132967472076416,0.10452055931091309,0.0965585708618164,0.08678317070007324,0.08357620239257812,0.48473525047302246,,,,,,,,,
20260530_140123_asr_live,2026-05-30 14:08:03,parakeet_tdt_0_6b_v2,nvidia/parakeet-tdt-0.6b-v2,nemo_asr,cuda:1,float16,1,candidate,,,False,88.08999490737915,4,Philosophy and Psychology,3,1,285669,8966,0,,0,,1,,2,,3,,/kaggle/working/asr_audio/20260530_140123_asr_live/parakeet_tdt_0_6b_v2/comp_4/attempt_003/session_285669_q01_qid_8966/question.wav,/kaggle/working/asr_audio/20260530_140123_asr_live/parakeet_tdt_0_6b_v2/comp_4/attempt_003/session_285669_q01_qid_8966/option_A.wav,/kaggle/working/asr_audio/20260530_140123_asr_live/parakeet_tdt_0_6b_v2/comp_4/attempt_003/session_285669_q01_qid_8966/option_B.wav,/kaggle/working/asr_audio/20260530_140123_asr_live/parakeet_tdt_0_6b_v2/comp_4/attempt_003/session_285669_q01_qid_8966/option_C.wav,/kaggle/working/asr_audio/20260530_140123_asr_live/parakeet_tdt_0_6b_v2/comp_4/attempt_003/session_285669_q01_qid_8966/option_D.wav,199724,188204,149804,192044,176684,4.16,3.92,3.12,4.0,3.68,1.1182708740234375,0.8186817169189453,0.8149623870849609,0.8171892166137695,0.8156895637512207,59.418429,3,0.6638000011444092,True,False,False,100,What does Nietzsche argue should be critiqued and moved beyond and beyond good and evil?,Option A. The theory of relativity.,"Option B, the concept of free will.",Option C. The history of ancient civilizations.,"Option D, the idea of universal morality.",0.1148688793182373,0.10303878784179688,0.08255624771118164,0.08578014373779297,0.08226847648620605,0.46851253509521484,,,,,,,,,
20260530_140123_asr_live,2026-05-30 14:08:04,parakeet_tdt_0_6b_v2,nvidia/parakeet-tdt-0.6b-v2,nemo_asr,cuda:1,float16,selected,selected,1,best_mean_similarity_if_available_else_preferred_beam,False,88.08999490737915,4,Philosophy and Psychology,3,1,285669,8966,0,,0,,1,,2,,3,,/kaggle/working/asr_audio/20260530_140123_asr_live/parakeet_tdt_0_6b_v2/comp_4/attempt_003/session_285669_q01_qid_8966/question.wav,/kaggle/working/asr_audio/20260530_140123_asr_live/parakeet_tdt_0_6b_v2/comp_4/attempt_003/session_285669_q01_qid_8966/option_A.wav,/kaggle/working/asr_audio/20260530_140123_asr_live/parakeet_tdt_0_6b_v2/comp_4/attempt_003/session_285669_q01_qid_8966/option_B.wav,/kaggle/working/asr_audio/20260530_140123_asr_live/parakeet_tdt_0_6b_v2/comp_4/attempt_003/session_285669_q01_qid_8966/option_C.wav,/kaggle/working/asr_audio/20260530_140123_asr_live/parakeet_tdt_0_6b_v2/comp_4/attempt_003/session_285669_q01_qid_8966/option_D.wav,199724,188204,149804,192044,176684,4.16,3.92,3.12,4.0,3.68,1.1182708740234375,0.8186817169189453,0.8149623870849609,0.8171892166137695,0.8156895637512207,59.418429,3,0.6638000011444092,True,False,False,100,What does Nietzsche argue should be critiqued and moved beyond and beyond good and evil?,Option A. The theory of relativity.,"Option B, the concept of free will.",Option C. The history of ancient civilizations.,"Option D, the idea of universal morality.",0.1148688793182373,0.10303878784179688,0.08255624771118164,0.08578014373779297,0.08226847648620605,0.46851253509521484,,,,,,,,,
20260530_140123_asr_live,2026-05-30 14:08:09,parakeet_tdt_0_6b_v2,nvidia/parakeet-tdt-0.6b-v2,nemo_asr,cuda:1,float16,1,candidate,,,False,88.08999490737915,4,Philosophy and Psychology,3,2,285669,9951,0,,0,,1,,2,,3,,/kaggle/working/asr_audio/20260530_140123_asr_live/parakeet_tdt_0_6b_v2/comp_4/attempt_003/session_285669_q02_qid_9951/question.wav,/kaggle/working/asr_audio/20260530_140123_asr_live/parakeet_tdt_0_6b_v2/comp_4/attempt_003/session_285669_q02_qid_9951/option_A.wav,/kaggle/working/asr_audio/20260530_140123_asr_live/parakeet_tdt_0_6b_v2/comp_4/attempt_003/session_285669_q02_qid_9951/option_B.wav,/kaggle/working/asr_audio/20260530_140123_asr_live/parakeet_tdt_0_6b_v2/comp_4/attempt_003/session_285669_q02_qid_9951/option_C.wav,/kaggle/working/asr_audio/20260530_140123_asr_live/parakeet_tdt_0_6b_v2/comp_4/attempt_003/session_285669_q02_qid_9951/option_D.wav,261164,115244,165164,169004,103724,5.44,2.4,3.44,3.52,2.16,1.2668023109436035,0.6718511581420898,0.8175628185272217,0.8161559104919434,0.6687955856323242,28.098104,3,0.656984806060791,False,False,True,100,Which of the following best describes Emmanuel Levinas's philosophical focus?,Option A. Uh uh aesthetics.,Option B. Political philosophy.,Option C. Ethics and the relationship to the other.,Option D. Economics.,0.15256857872009277,0.08693146705627441,0.08979558944702148,0.08850693702697754,0.08263659477233887,0.5004391670227051,,,,,,,,,
20260530_140123_asr_live,2026-05-30 14:08:10,parakeet_tdt_0_6b_v2,nvidia/parakeet-tdt-0.6b-v2,nemo_asr,cuda:1,float16,selected,selected,1,best_mean_similarity_if_available_else_preferred_beam,False,88.08999490737915,4,Philosophy and Psychology,3,2,285669,9951,0,,0,,1,,2,,3,,/kaggle/working/asr_audio/20260530_140123_asr_live/parakeet_tdt_0_6b_v2/comp_4/attempt_003/session_285669_q02_qid_9951/question.wav,/kaggle/working/asr_audio/20260530_140123_asr_live/parakeet_tdt_0_6b_v2/comp_4/attempt_003/session_285669_q02_qid_9951/option_A.wav,/kaggle/working/asr_audio/20260530_140123_asr_live/parakeet_tdt_0_6b_v2/comp_4/attempt_003/session_285669_q02_qid_9951/option_B.wav,/kaggle/working/asr_audio/20260530_140123_asr_live/parakeet_tdt_0_6b_v2/comp_4/attempt_003/session_285669_q02_qid_9951/option_C.wav,/kaggle/working/asr_audio/20260530_140123_asr_live/parakeet_tdt_0_6b_v2/comp_4/attempt_003/session_285669_q02_qid_9951/option_D.wav,261164,115244,165164,169004,103724,5.44,2.4,3.44,3.52,2.16,1.2668023109436035,0.6718511581420898,0.8175628185272217,0.8161559104919434,0.6687955856323242,28.098104,3,0.656984806060791,False,False,True,100,Which of the following best describes Emmanuel Levinas's philosophical focus?,Option A. Uh uh aesthetics.,Option B. Political philosophy.,Option C. Ethics and the relationship to the other.,Option D. Economics.,0.15256857872009277,0.08693146705627441,0.08979558944702148,0.08850693702697754,0.08263659477233887,0.5004391670227051,,,,,,,,,
20260530_140123_asr_live,2026-05-30 14:08:17,parakeet_tdt_0_6b_v2,nvidia/parakeet-tdt-0.6b-v2,nemo_asr,cuda:1,float16,1,candidate,,,False,88.08999490737915,4,Philosophy and Psychology,4,1,285673,7967,0,,0,,1,,2,,3,,/kaggle/working/asr_audio/20260530_140123_asr_live/parakeet_tdt_0_6b_v2/comp_4/attempt_004/session_285673_q01_qid_7967/question.wav,/kaggle/working/asr_audio/20260530_140123_asr_live/parakeet_tdt_0_6b_v2/comp_4/attempt_004/session_285673_q01_qid_7967/option_A.wav,/kaggle/working/asr_audio/20260530_140123_asr_live/parakeet_tdt_0_6b_v2/comp_4/attempt_004/session_285673_q01_qid_7967/option_B.wav,/kaggle/working/asr_audio/20260530_140123_asr_live/parakeet_tdt_0_6b_v2/comp_4/attempt_004/session_285673_q01_qid_7967/option_C.wav,/kaggle/working/asr_audio/20260530_140123_asr_live/parakeet_tdt_0_6b_v2/comp_4/attempt_004/session_285673_q01_qid_7967/option_D.wav,380204,119084,288044,107564,138284,7.92,2.48,6.0,2.24,2.88,1.2729666233062744,0.6672184467315674,0.8233964443206787,0.6672713756561279,0.8160898685455322,59.418546,3,0.6637125015258789,True,False,False,100,Which subfield of linguistics studies the psychological factors involved in human language processing and acquisition?,Option A. Phonetics.,Option B Morphology.,Option C Semantics,"Option D, psycholinguistics.",0.1550159454345703,0.08546805381774902,0.11127805709838867,0.0796041488647461,0.0844106674194336,0.5157768726348877,,,,,,,,,
20260530_140123_asr_live,2026-05-30 14:08:17,parakeet_tdt_0_6b_v2,nvidia/parakeet-tdt-0.6b-v2,nemo_asr,cuda:1,float16,selected,selected,1,best_mean_similarity_if_available_else_preferred_beam,False,88.08999490737915,4,Philosophy and Psychology,4,1,285673,7967,0,,0,,1,,2,,3,,/kaggle/working/asr_audio/20260530_140123_asr_live/parakeet_tdt_0_6b_v2/comp_4/attempt_004/session_285673_q01_qid_7967/question.wav,/kaggle/working/asr_audio/20260530_140123_asr_live/parakeet_tdt_0_6b_v2/comp_4/attempt_004/session_285673_q01_qid_7967/option_A.wav,/kaggle/working/asr_audio/20260530_140123_asr_live/parakeet_tdt_0_6b_v2/comp_4/attempt_004/session_285673_q01_qid_7967/option_B.wav,/kaggle/working/asr_audio/20260530_140123_asr_live/parakeet_tdt_0_6b_v2/comp_4/attempt_004/session_285673_q01_qid_7967/option_C.wav,/kaggle/working/asr_audio/20260530_140123_asr_live/parakeet_tdt_0_6b_v2/comp_4/attempt_004/session_285673_q01_qid_7967/option_D.wav,380204,119084,288044,107564,138284,7.92,2.48,6.0,2.24,2.88,1.2729666233062744,0.6672184467315674,0.8233964443206787,0.6672713756561279,0.8160898685455322,59.418546,3,0.6637125015258789,True,False,False,100,Which subfield of linguistics studies the psychological factors involved in human language processing and acquisition?,Option A. Phonetics.,Option B Morphology.,Option C Semantics,"Option D, psycholinguistics.",0.1550159454345703,0.08546805381774902,0.11127805709838867,0.0796041488647461,0.0844106674194336,0.5157768726348877,,,,,,,,,
20260530_140123_asr_live,2026-05-30 14:08:23,parakeet_tdt_0_6b_v2,nvidia/parakeet-tdt-0.6b-v2,nemo_asr,cuda:1,float16,1,candidate,,,False,88.08999490737915,4,Philosophy and Psychology,4,2,285673,9203,0,,0,,1,,2,,3,,/kaggle/working/asr_audio/20260530_140123_asr_live/parakeet_tdt_0_6b_v2/comp_4/attempt_004/session_285673_q02_qid_9203/question.wav,/kaggle/working/asr_audio/20260530_140123_asr_live/parakeet_tdt_0_6b_v2/comp_4/attempt_004/session_285673_q02_qid_9203/option_A.wav,/kaggle/working/asr_audio/20260530_140123_asr_live/parakeet_tdt_0_6b_v2/comp_4/attempt_004/session_285673_q02_qid_9203/option_B.wav,/kaggle/working/asr_audio/20260530_140123_asr_live/parakeet_tdt_0_6b_v2/comp_4/attempt_004/session_285673_q02_qid_9203/option_C.wav,/kaggle/working/asr_audio/20260530_140123_asr_live/parakeet_tdt_0_6b_v2/comp_4/attempt_004/session_285673_q02_qid_9203/option_D.wav,311084,107564,111404,96044,111404,6.48,2.24,2.32,2.0,2.32,1.269315481185913,0.6689958572387695,0.8156170845031738,0.6685981750488281,0.8158845901489258,27.949608,3,0.658320426940918,False,False,True,100,Which concept describes the belief that military ideals and values should dominate the social and political life of a state?,Option A. Militarism.,"Option B, capitalism.",Option C. Liberalism,"Option D, Socialism.",0.15468311309814453,0.08556175231933594,0.08395910263061523,0.08284711837768555,0.08218765258789062,0.4892387390136719,,,,,,,,,
20260530_140123_asr_live,2026-05-30 14:08:23,parakeet_tdt_0_6b_v2,nvidia/parakeet-tdt-0.6b-v2,nemo_asr,cuda:1,float16,selected,selected,1,best_mean_similarity_if_available_else_preferred_beam,False,88.08999490737915,4,Philosophy and Psychology,4,2,285673,9203,0,,0,,1,,2,,3,,/kaggle/working/asr_audio/20260530_140123_asr_live/parakeet_tdt_0_6b_v2/comp_4/attempt_004/session_285673_q02_qid_9203/question.wav,/kaggle/working/asr_audio/20260530_140123_asr_live/parakeet_tdt_0_6b_v2/comp_4/attempt_004/session_285673_q02_qid_9203/option_A.wav,/kaggle/working/asr_audio/20260530_140123_asr_live/parakeet_tdt_0_6b_v2/comp_4/attempt_004/session_285673_q02_qid_9203/option_B.wav,/kaggle/working/asr_audio/20260530_140123_asr_live/parakeet_tdt_0_6b_v2/comp_4/attempt_004/session_285673_q02_qid_9203/option_C.wav,/kaggle/working/asr_audio/20260530_140123_asr_live/parakeet_tdt_0_6b_v2/comp_4/attempt_004/session_285673_q02_qid_9203/option_D.wav,311084,107564,111404,96044,111404,6.48,2.24,2.32,2.0,2.32,1.269315481185913,0.6689958572387695,0.8156170845031738,0.6685981750488281,0.8158845901489258,27.949608,3,0.658320426940918,False,False,True,100,Which concept describes the belief that military ideals and values should dominate the social and political life of a state?,Option A. Militarism.,"Option B, capitalism.",Option C. Liberalism,"Option D, Socialism.",0.15468311309814453,0.08556175231933594,0.08395910263061523,0.08284711837768555,0.08218765258789062,0.4892387390136719,,,,,,,,,
20260530_140123_asr_live,2026-05-30 14:08:30,parakeet_tdt_0_6b_v2,nvidia/parakeet-tdt-0.6b-v2,nemo_asr,cuda:1,float16,1,candidate,,,False,88.08999490737915,4,Philosophy and Psychology,5,1,285680,7266,0,,0,,1,,2,,3,,/kaggle/working/asr_audio/20260530_140123_asr_live/parakeet_tdt_0_6b_v2/comp_4/attempt_005/session_285680_q01_qid_7266/question.wav,/kaggle/working/asr_audio/20260530_140123_asr_live/parakeet_tdt_0_6b_v2/comp_4/attempt_005/session_285680_q01_qid_7266/option_A.wav,/kaggle/working/asr_audio/20260530_140123_asr_live/parakeet_tdt_0_6b_v2/comp_4/attempt_005/session_285680_q01_qid_7266/option_B.wav,/kaggle/working/asr_audio/20260530_140123_asr_live/parakeet_tdt_0_6b_v2/comp_4/attempt_005/session_285680_q01_qid_7266/option_C.wav,/kaggle/working/asr_audio/20260530_140123_asr_live/parakeet_tdt_0_6b_v2/comp_4/attempt_005/session_285680_q01_qid_7266/option_D.wav,276524,265004,295724,241964,199724,5.76,5.52,6.16,5.04,4.16,1.2668964862823486,0.821087121963501,0.8190717697143555,0.6711199283599854,0.6685519218444824,28.097825,3,0.657029390335083,False,False,True,0,Which of the following day could describes the purpose of the Stanford prison experiment?,Option A to test the mental endurance of students under extreme conditions.,Option B to study the psychological effects of prison life on individuals.,Option C. To investigate the effectiveness of prison rehabilitation programs.,Option D to evaluate the role of genetics in criminal behavior.,0.14725327491760254,0.14485549926757812,0.11445426940917969,0.09157037734985352,0.08808088302612305,0.5862143039703369,,,,,,,,,
20260530_140123_asr_live,2026-05-30 14:08:31,parakeet_tdt_0_6b_v2,nvidia/parakeet-tdt-0.6b-v2,nemo_asr,cuda:1,float16,selected,selected,1,best_mean_similarity_if_available_else_preferred_beam,False,88.08999490737915,4,Philosophy and Psychology,5,1,285680,7266,0,,0,,1,,2,,3,,/kaggle/working/asr_audio/20260530_140123_asr_live/parakeet_tdt_0_6b_v2/comp_4/attempt_005/session_285680_q01_qid_7266/question.wav,/kaggle/working/asr_audio/20260530_140123_asr_live/parakeet_tdt_0_6b_v2/comp_4/attempt_005/session_285680_q01_qid_7266/option_A.wav,/kaggle/working/asr_audio/20260530_140123_asr_live/parakeet_tdt_0_6b_v2/comp_4/attempt_005/session_285680_q01_qid_7266/option_B.wav,/kaggle/working/asr_audio/20260530_140123_asr_live/parakeet_tdt_0_6b_v2/comp_4/attempt_005/session_285680_q01_qid_7266/option_C.wav,/kaggle/working/asr_audio/20260530_140123_asr_live/parakeet_tdt_0_6b_v2/comp_4/attempt_005/session_285680_q01_qid_7266/option_D.wav,276524,265004,295724,241964,199724,5.76,5.52,6.16,5.04,4.16,1.2668964862823486,0.821087121963501,0.8190717697143555,0.6711199283599854,0.6685519218444824,28.097825,3,0.657029390335083,False,False,True,0,Which of the following day could describes the purpose of the Stanford prison experiment?,Option A to test the mental endurance of students under extreme conditions.,Option B to study the psychological effects of prison life on individuals.,Option C. To investigate the effectiveness of prison rehabilitation programs.,Option D to evaluate the role of genetics in criminal behavior.,0.14725327491760254,0.14485549926757812,0.11445426940917969,0.09157037734985352,0.08808088302612305,0.5862143039703369,,,,,,,,,
20260530_140123_asr_live,2026-05-30 14:08:37,parakeet_tdt_0_6b_v2,nvidia/parakeet-tdt-0.6b-v2,nemo_asr,cuda:1,float16,1,candidate,,,False,88.08999490737915,5,News,1,1,285682,12037,0,,0,,1,,2,,3,,/kaggle/working/asr_audio/20260530_140123_asr_live/parakeet_tdt_0_6b_v2/comp_5/attempt_001/session_285682_q01_qid_12037/question.wav,/kaggle/working/asr_audio/20260530_140123_asr_live/parakeet_tdt_0_6b_v2/comp_5/attempt_001/session_285682_q01_qid_12037/option_A.wav,/kaggle/working/asr_audio/20260530_140123_asr_live/parakeet_tdt_0_6b_v2/comp_5/attempt_001/session_285682_q01_qid_12037/option_B.wav,/kaggle/working/asr_audio/20260530_140123_asr_live/parakeet_tdt_0_6b_v2/comp_5/attempt_001/session_285682_q01_qid_12037/option_C.wav,/kaggle/working/asr_audio/20260530_140123_asr_live/parakeet_tdt_0_6b_v2/comp_5/attempt_001/session_285682_q01_qid_12037/option_D.wav,426284,184364,222764,180524,245804,8.88,3.84,4.64,3.76,5.12,1.276036262512207,0.6695997714996338,0.8166203498840332,0.6691970825195312,0.818324089050293,27.948213,3,0.6568596363067627,False,False,True,0,"In the news report from 2026-05-10, which two neo-Nazi groups were targeted in police raids in Germany?",Option A. Golden Dawn and Skinheads.,Option B National Democratic Party and Alternative for Germany.,"Option C Deutsche Jugend, Voren and Jung und start.",Option D Blood and Honor and Combat 18.,0.1665201187133789,0.10386228561401367,0.1006016731262207,0.09164714813232422,0.09750628471374512,0.5601375102996826,,,,,,,,,
20260530_140123_asr_live,2026-05-30 14:08:37,parakeet_tdt_0_6b_v2,nvidia/parakeet-tdt-0.6b-v2,nemo_asr,cuda:1,float16,selected,selected,1,best_mean_similarity_if_available_else_preferred_beam,False,88.08999490737915,5,News,1,1,285682,12037,0,,0,,1,,2,,3,,/kaggle/working/asr_audio/20260530_140123_asr_live/parakeet_tdt_0_6b_v2/comp_5/attempt_001/session_285682_q01_qid_12037/question.wav,/kaggle/working/asr_audio/20260530_140123_asr_live/parakeet_tdt_0_6b_v2/comp_5/attempt_001/session_285682_q01_qid_12037/option_A.wav,/kaggle/working/asr_audio/20260530_140123_asr_live/parakeet_tdt_0_6b_v2/comp_5/attempt_001/session_285682_q01_qid_12037/option_B.wav,/kaggle/working/asr_audio/20260530_140123_asr_live/parakeet_tdt_0_6b_v2/comp_5/attempt_001/session_285682_q01_qid_12037/option_C.wav,/kaggle/working/asr_audio/20260530_140123_asr_live/parakeet_tdt_0_6b_v2/comp_5/attempt_001/session_285682_q01_qid_12037/option_D.wav,426284,184364,222764,180524,245804,8.88,3.84,4.64,3.76,5.12,1.276036262512207,0.6695997714996338,0.8166203498840332,0.6691970825195312,0.818324089050293,27.948213,3,0.6568596363067627,False,False,True,0,"In the news report from 2026-05-10, which two neo-Nazi groups were targeted in police raids in Germany?",Option A. Golden Dawn and Skinheads.,Option B National Democratic Party and Alternative for Germany.,"Option C Deutsche Jugend, Voren and Jung und start.",Option D Blood and Honor and Combat 18.,0.1665201187133789,0.10386228561401367,0.1006016731262207,0.09164714813232422,0.09750628471374512,0.5601375102996826,,,,,,,,,
20260530_140123_asr_live,2026-05-30 14:08:44,parakeet_tdt_0_6b_v2,nvidia/parakeet-tdt-0.6b-v2,nemo_asr,cuda:1,float16,1,candidate,,,False,88.08999490737915,5,News,2,1,285686,12011,0,,0,,1,,2,,3,,/kaggle/working/asr_audio/20260530_140123_asr_live/parakeet_tdt_0_6b_v2/comp_5/attempt_002/session_285686_q01_qid_12011/question.wav,/kaggle/working/asr_audio/20260530_140123_asr_live/parakeet_tdt_0_6b_v2/comp_5/attempt_002/session_285686_q01_qid_12011/option_A.wav,/kaggle/working/asr_audio/20260530_140123_asr_live/parakeet_tdt_0_6b_v2/comp_5/attempt_002/session_285686_q01_qid_12011/option_B.wav,/kaggle/working/asr_audio/20260530_140123_asr_live/parakeet_tdt_0_6b_v2/comp_5/attempt_002/session_285686_q01_qid_12011/option_C.wav,/kaggle/working/asr_audio/20260530_140123_asr_live/parakeet_tdt_0_6b_v2/comp_5/attempt_002/session_285686_q01_qid_12011/option_D.wav,510764,142124,138284,130604,149804,10.64,2.96,2.88,2.72,3.12,1.418891191482544,0.6667146682739258,0.6707413196563721,0.669813871383667,0.8158588409423828,27.949971,3,0.6579713821411133,False,False,True,0,"According to the article published on 2026, 00511, who became the Chancellor of Germany in May 2025, promising an economic turning point.",Option A. Einjunsle Merkel.,Obsen B. Friedrich Murz.,Option C. Olaf Skoles.,Topson D Anagret Cramp Karnbauer.,0.2006990909576416,0.09386873245239258,0.08800983428955078,0.08785438537597656,0.0926675796508789,0.5630996227264404,,,,,,,,,
20260530_140123_asr_live,2026-05-30 14:08:45,parakeet_tdt_0_6b_v2,nvidia/parakeet-tdt-0.6b-v2,nemo_asr,cuda:1,float16,selected,selected,1,best_mean_similarity_if_available_else_preferred_beam,False,88.08999490737915,5,News,2,1,285686,12011,0,,0,,1,,2,,3,,/kaggle/working/asr_audio/20260530_140123_asr_live/parakeet_tdt_0_6b_v2/comp_5/attempt_002/session_285686_q01_qid_12011/question.wav,/kaggle/working/asr_audio/20260530_140123_asr_live/parakeet_tdt_0_6b_v2/comp_5/attempt_002/session_285686_q01_qid_12011/option_A.wav,/kaggle/working/asr_audio/20260530_140123_asr_live/parakeet_tdt_0_6b_v2/comp_5/attempt_002/session_285686_q01_qid_12011/option_B.wav,/kaggle/working/asr_audio/20260530_140123_asr_live/parakeet_tdt_0_6b_v2/comp_5/attempt_002/session_285686_q01_qid_12011/option_C.wav,/kaggle/working/asr_audio/20260530_140123_asr_live/parakeet_tdt_0_6b_v2/comp_5/attempt_002/session_285686_q01_qid_12011/option_D.wav,510764,142124,138284,130604,149804,10.64,2.96,2.88,2.72,3.12,1.418891191482544,0.6667146682739258,0.6707413196563721,0.669813871383667,0.8158588409423828,27.949971,3,0.6579713821411133,False,False,True,0,"According to the article published on 2026, 00511, who became the Chancellor of Germany in May 2025, promising an economic turning point.",Option A. Einjunsle Merkel.,Obsen B. Friedrich Murz.,Option C. Olaf Skoles.,Topson D Anagret Cramp Karnbauer.,0.2006990909576416,0.09386873245239258,0.08800983428955078,0.08785438537597656,0.0926675796508789,0.5630996227264404,,,,,,,,,
20260530_140123_asr_live,2026-05-30 14:08:52,parakeet_tdt_0_6b_v2,nvidia/parakeet-tdt-0.6b-v2,nemo_asr,cuda:1,float16,1,candidate,,,False,88.08999490737915,5,News,3,1,285689,11466,0,,0,,1,,2,,3,,/kaggle/working/asr_audio/20260530_140123_asr_live/parakeet_tdt_0_6b_v2/comp_5/attempt_003/session_285689_q01_qid_11466/question.wav,/kaggle/working/asr_audio/20260530_140123_asr_live/parakeet_tdt_0_6b_v2/comp_5/attempt_003/session_285689_q01_qid_11466/option_A.wav,/kaggle/working/asr_audio/20260530_140123_asr_live/parakeet_tdt_0_6b_v2/comp_5/attempt_003/session_285689_q01_qid_11466/option_B.wav,/kaggle/working/asr_audio/20260530_140123_asr_live/parakeet_tdt_0_6b_v2/comp_5/attempt_003/session_285689_q01_qid_11466/option_C.wav,/kaggle/working/asr_audio/20260530_140123_asr_live/parakeet_tdt_0_6b_v2/comp_5/attempt_003/session_285689_q01_qid_11466/option_D.wav,387884,111404,122924,99884,142124,8.08,2.32,2.56,2.08,2.96,1.2732884883880615,1.100890874862671,0.8159382343292236,1.0068488121032715,0.8181827068328857,59.418646,3,0.6639811992645264,True,False,False,100,"On 2026, 0518, which Republican senator from Louisiana was voted out of his primary election?",Option A. Jim Clyburn.,Obson B warned Davidson.,Option C. Lauren Bobart.,"Topshin D, Bill Cassidy.",0.1634998321533203,0.08158540725708008,0.08395242691040039,0.08014202117919922,0.08619570732116699,0.495375394821167,,,,,,,,,
20260530_140123_asr_live,2026-05-30 14:08:53,parakeet_tdt_0_6b_v2,nvidia/parakeet-tdt-0.6b-v2,nemo_asr,cuda:1,float16,selected,selected,1,best_mean_similarity_if_available_else_preferred_beam,False,88.08999490737915,5,News,3,1,285689,11466,0,,0,,1,,2,,3,,/kaggle/working/asr_audio/20260530_140123_asr_live/parakeet_tdt_0_6b_v2/comp_5/attempt_003/session_285689_q01_qid_11466/question.wav,/kaggle/working/asr_audio/20260530_140123_asr_live/parakeet_tdt_0_6b_v2/comp_5/attempt_003/session_285689_q01_qid_11466/option_A.wav,/kaggle/working/asr_audio/20260530_140123_asr_live/parakeet_tdt_0_6b_v2/comp_5/attempt_003/session_285689_q01_qid_11466/option_B.wav,/kaggle/working/asr_audio/20260530_140123_asr_live/parakeet_tdt_0_6b_v2/comp_5/attempt_003/session_285689_q01_qid_11466/option_C.wav,/kaggle/working/asr_audio/20260530_140123_asr_live/parakeet_tdt_0_6b_v2/comp_5/attempt_003/session_285689_q01_qid_11466/option_D.wav,387884,111404,122924,99884,142124,8.08,2.32,2.56,2.08,2.96,1.2732884883880615,1.100890874862671,0.8159382343292236,1.0068488121032715,0.8181827068328857,59.418646,3,0.6639811992645264,True,False,False,100,"On 2026, 0518, which Republican senator from Louisiana was voted out of his primary election?",Option A. Jim Clyburn.,Obson B warned Davidson.,Option C. Lauren Bobart.,"Topshin D, Bill Cassidy.",0.1634998321533203,0.08158540725708008,0.08395242691040039,0.08014202117919922,0.08619570732116699,0.495375394821167,,,,,,,,,
20260530_140123_asr_live,2026-05-30 14:08:58,parakeet_tdt_0_6b_v2,nvidia/parakeet-tdt-0.6b-v2,nemo_asr,cuda:1,float16,1,candidate,,,False,88.08999490737915,5,News,3,2,285689,11836,0,,0,,1,,2,,3,,/kaggle/working/asr_audio/20260530_140123_asr_live/parakeet_tdt_0_6b_v2/comp_5/attempt_003/session_285689_q02_qid_11836/question.wav,/kaggle/working/asr_audio/20260530_140123_asr_live/parakeet_tdt_0_6b_v2/comp_5/attempt_003/session_285689_q02_qid_11836/option_A.wav,/kaggle/working/asr_audio/20260530_140123_asr_live/parakeet_tdt_0_6b_v2/comp_5/attempt_003/session_285689_q02_qid_11836/option_B.wav,/kaggle/working/asr_audio/20260530_140123_asr_live/parakeet_tdt_0_6b_v2/comp_5/attempt_003/session_285689_q02_qid_11836/option_C.wav,/kaggle/working/asr_audio/20260530_140123_asr_live/parakeet_tdt_0_6b_v2/comp_5/attempt_003/session_285689_q02_qid_11836/option_D.wav,368684,169004,138284,291884,99884,7.68,3.52,2.88,6.08,2.08,1.272594690322876,0.6700990200042725,0.6693663597106934,0.8226432800292969,0.6674063205718994,28.099112,3,0.6570234298706055,False,False,True,100,"As reported on 2026 Board Teed, which organization opposed the increase in tuition fees for non-EU students in France?",Option A. Toulouse School of Economics.,"Hobson B. King's College, London.",Option C European Students' Union and the Federation of General Student Associations in France.,Thompson D. Deutsche Weller?,0.16350579261779785,0.10596132278442383,0.08746671676635742,0.11156630516052246,0.08367919921875,0.5521793365478516,,,,,,,,,
20260530_140123_asr_live,2026-05-30 14:08:59,parakeet_tdt_0_6b_v2,nvidia/parakeet-tdt-0.6b-v2,nemo_asr,cuda:1,float16,selected,selected,1,best_mean_similarity_if_available_else_preferred_beam,False,88.08999490737915,5,News,3,2,285689,11836,0,,0,,1,,2,,3,,/kaggle/working/asr_audio/20260530_140123_asr_live/parakeet_tdt_0_6b_v2/comp_5/attempt_003/session_285689_q02_qid_11836/question.wav,/kaggle/working/asr_audio/20260530_140123_asr_live/parakeet_tdt_0_6b_v2/comp_5/attempt_003/session_285689_q02_qid_11836/option_A.wav,/kaggle/working/asr_audio/20260530_140123_asr_live/parakeet_tdt_0_6b_v2/comp_5/attempt_003/session_285689_q02_qid_11836/option_B.wav,/kaggle/working/asr_audio/20260530_140123_asr_live/parakeet_tdt_0_6b_v2/comp_5/attempt_003/session_285689_q02_qid_11836/option_C.wav,/kaggle/working/asr_audio/20260530_140123_asr_live/parakeet_tdt_0_6b_v2/comp_5/attempt_003/session_285689_q02_qid_11836/option_D.wav,368684,169004,138284,291884,99884,7.68,3.52,2.88,6.08,2.08,1.272594690322876,0.6700990200042725,0.6693663597106934,0.8226432800292969,0.6674063205718994,28.099112,3,0.6570234298706055,False,False,True,100,"As reported on 2026 Board Teed, which organization opposed the increase in tuition fees for non-EU students in France?",Option A. Toulouse School of Economics.,"Hobson B. King's College, London.",Option C European Students' Union and the Federation of General Student Associations in France.,Thompson D. Deutsche Weller?,0.16350579261779785,0.10596132278442383,0.08746671676635742,0.11156630516052246,0.08367919921875,0.5521793365478516,,,,,,,,,
20260530_140123_asr_live,2026-05-30 14:09:05,parakeet_tdt_0_6b_v2,nvidia/parakeet-tdt-0.6b-v2,nemo_asr,cuda:1,float16,1,candidate,,,False,88.08999490737915,5,News,4,1,285696,10964,0,,0,,1,,2,,3,,/kaggle/working/asr_audio/20260530_140123_asr_live/parakeet_tdt_0_6b_v2/comp_5/attempt_004/session_285696_q01_qid_10964/question.wav,/kaggle/working/asr_audio/20260530_140123_asr_live/parakeet_tdt_0_6b_v2/comp_5/attempt_004/session_285696_q01_qid_10964/option_A.wav,/kaggle/working/asr_audio/20260530_140123_asr_live/parakeet_tdt_0_6b_v2/comp_5/attempt_004/session_285696_q01_qid_10964/option_B.wav,/kaggle/working/asr_audio/20260530_140123_asr_live/parakeet_tdt_0_6b_v2/comp_5/attempt_004/session_285696_q01_qid_10964/option_C.wav,/kaggle/working/asr_audio/20260530_140123_asr_live/parakeet_tdt_0_6b_v2/comp_5/attempt_004/session_285696_q01_qid_10964/option_D.wav,476204,230444,172844,157484,234284,9.92,4.8,3.6,3.28,4.88,1.4175963401794434,0.6693189144134521,0.6686818599700928,0.669196367263794,0.8190999031066895,27.948005,3,0.6565887928009033,False,False,True,0,"What event occurred on twenty twenty six Parkin seventeen, according to the Guardian World article, involving a dispute within the Labour Party?",Option A. A row over Britain rejoining the EU.,Option B A by-election was won by Labor.,Option C. A leadership election was announced.,Option D? A new Prime Minister was chosen.,0.16985774040222168,0.09106731414794922,0.0849616527557373,0.08965110778808594,0.0868690013885498,0.522406816482544,,,,,,,,,
20260530_140123_asr_live,2026-05-30 14:09:06,parakeet_tdt_0_6b_v2,nvidia/parakeet-tdt-0.6b-v2,nemo_asr,cuda:1,float16,selected,selected,1,best_mean_similarity_if_available_else_preferred_beam,False,88.08999490737915,5,News,4,1,285696,10964,0,,0,,1,,2,,3,,/kaggle/working/asr_audio/20260530_140123_asr_live/parakeet_tdt_0_6b_v2/comp_5/attempt_004/session_285696_q01_qid_10964/question.wav,/kaggle/working/asr_audio/20260530_140123_asr_live/parakeet_tdt_0_6b_v2/comp_5/attempt_004/session_285696_q01_qid_10964/option_A.wav,/kaggle/working/asr_audio/20260530_140123_asr_live/parakeet_tdt_0_6b_v2/comp_5/attempt_004/session_285696_q01_qid_10964/option_B.wav,/kaggle/working/asr_audio/20260530_140123_asr_live/parakeet_tdt_0_6b_v2/comp_5/attempt_004/session_285696_q01_qid_10964/option_C.wav,/kaggle/working/asr_audio/20260530_140123_asr_live/parakeet_tdt_0_6b_v2/comp_5/attempt_004/session_285696_q01_qid_10964/option_D.wav,476204,230444,172844,157484,234284,9.92,4.8,3.6,3.28,4.88,1.4175963401794434,0.6693189144134521,0.6686818599700928,0.669196367263794,0.8190999031066895,27.948005,3,0.6565887928009033,False,False,True,0,"What event occurred on twenty twenty six Parkin seventeen, according to the Guardian World article, involving a dispute within the Labour Party?",Option A. A row over Britain rejoining the EU.,Option B A by-election was won by Labor.,Option C. A leadership election was announced.,Option D? A new Prime Minister was chosen.,0.16985774040222168,0.09106731414794922,0.0849616527557373,0.08965110778808594,0.0868690013885498,0.522406816482544,,,,,,,,,
20260530_140123_asr_live,2026-05-30 14:09:13,parakeet_tdt_0_6b_v2,nvidia/parakeet-tdt-0.6b-v2,nemo_asr,cuda:1,float16,1,candidate,,,False,88.08999490737915,5,News,5,1,285701,11926,0,,0,,1,,2,,3,,/kaggle/working/asr_audio/20260530_140123_asr_live/parakeet_tdt_0_6b_v2/comp_5/attempt_005/session_285701_q01_qid_11926/question.wav,/kaggle/working/asr_audio/20260530_140123_asr_live/parakeet_tdt_0_6b_v2/comp_5/attempt_005/session_285701_q01_qid_11926/option_A.wav,/kaggle/working/asr_audio/20260530_140123_asr_live/parakeet_tdt_0_6b_v2/comp_5/attempt_005/session_285701_q01_qid_11926/option_B.wav,/kaggle/working/asr_audio/20260530_140123_asr_live/parakeet_tdt_0_6b_v2/comp_5/attempt_005/session_285701_q01_qid_11926/option_C.wav,/kaggle/working/asr_audio/20260530_140123_asr_live/parakeet_tdt_0_6b_v2/comp_5/attempt_005/session_285701_q01_qid_11926/option_D.wav,399404,188204,284204,107564,119084,8.32,3.92,5.92,2.24,2.48,1.2740998268127441,0.6699068546295166,0.8205680847167969,0.6665480136871338,0.815697193145752,27.950918,3,0.6574037075042725,False,False,True,0,"According to the 2026-05-12 report, which region experienced record-breaking burn areas due to wildfires?",Option A. West Africa and the Sahel Region.,Option B Southeast Asia. The Belliabentio. We'll got a huby crunyon.,Option C. Eastern Europe.,"Option D, South America.",0.15885376930236816,0.09041929244995117,0.1232447624206543,0.0829775333404541,0.07895207405090332,0.534447431564331,,,,,,,,,
20260530_140123_asr_live,2026-05-30 14:09:13,parakeet_tdt_0_6b_v2,nvidia/parakeet-tdt-0.6b-v2,nemo_asr,cuda:1,float16,selected,selected,1,best_mean_similarity_if_available_else_preferred_beam,False,88.08999490737915,5,News,5,1,285701,11926,0,,0,,1,,2,,3,,/kaggle/working/asr_audio/20260530_140123_asr_live/parakeet_tdt_0_6b_v2/comp_5/attempt_005/session_285701_q01_qid_11926/question.wav,/kaggle/working/asr_audio/20260530_140123_asr_live/parakeet_tdt_0_6b_v2/comp_5/attempt_005/session_285701_q01_qid_11926/option_A.wav,/kaggle/working/asr_audio/20260530_140123_asr_live/parakeet_tdt_0_6b_v2/comp_5/attempt_005/session_285701_q01_qid_11926/option_B.wav,/kaggle/working/asr_audio/20260530_140123_asr_live/parakeet_tdt_0_6b_v2/comp_5/attempt_005/session_285701_q01_qid_11926/option_C.wav,/kaggle/working/asr_audio/20260530_140123_asr_live/parakeet_tdt_0_6b_v2/comp_5/attempt_005/session_285701_q01_qid_11926/option_D.wav,399404,188204,284204,107564,119084,8.32,3.92,5.92,2.24,2.48,1.2740998268127441,0.6699068546295166,0.8205680847167969,0.6665480136871338,0.815697193145752,27.950918,3,0.6574037075042725,False,False,True,0,"According to the 2026-05-12 report, which region experienced record-breaking burn areas due to wildfires?",Option A. West Africa and the Sahel Region.,Option B Southeast Asia. The Belliabentio. We'll got a huby crunyon.,Option C. Eastern Europe.,"Option D, South America.",0.15885376930236816,0.09041929244995117,0.1232447624206543,0.0829775333404541,0.07895207405090332,0.534447431564331,,,,,,,,,
20260530_140123_asr_live,2026-05-30 14:11:02,canary_1b_v2,nvidia/canary-1b-v2,nemo_asr,cuda:1,float16,1,candidate,,,False,99.18431162834167,0,Entertainment,1,1,285754,389,0,,0,,1,,2,,3,,/kaggle/working/asr_audio/20260530_140123_asr_live/canary_1b_v2/comp_0/attempt_001/session_285754_q01_qid_389/question.wav,/kaggle/working/asr_audio/20260530_140123_asr_live/canary_1b_v2/comp_0/attempt_001/session_285754_q01_qid_389/option_A.wav,/kaggle/working/asr_audio/20260530_140123_asr_live/canary_1b_v2/comp_0/attempt_001/session_285754_q01_qid_389/option_B.wav,/kaggle/working/asr_audio/20260530_140123_asr_live/canary_1b_v2/comp_0/attempt_001/session_285754_q01_qid_389/option_C.wav,/kaggle/working/asr_audio/20260530_140123_asr_live/canary_1b_v2/comp_0/attempt_001/session_285754_q01_qid_389/option_D.wav,184364,119084,230444,165164,99884,3.84,2.48,4.8,3.44,2.08,1.1294505596160889,0.8237605094909668,0.8324167728424072,0.6850326061248779,0.6790866851806641,59.417219,3,0.6673789024353027,True,False,False,100,What term describes the main location where the film downfall is said?,Option A. The right Chancellery?,Option B The Wolf's Lair,Option C Berlin's Red Square.,Tops and D. The Fear Bunker.,0.4800589084625244,0.253434419631958,0.2309885025024414,0.24306297302246094,0.2633552551269531,1.470900058746338,,,,,,,,,
20260530_140123_asr_live,2026-05-30 14:11:03,canary_1b_v2,nvidia/canary-1b-v2,nemo_asr,cuda:1,float16,selected,selected,1,best_mean_similarity_if_available_else_preferred_beam,False,99.18431162834167,0,Entertainment,1,1,285754,389,0,,0,,1,,2,,3,,/kaggle/working/asr_audio/20260530_140123_asr_live/canary_1b_v2/comp_0/attempt_001/session_285754_q01_qid_389/question.wav,/kaggle/working/asr_audio/20260530_140123_asr_live/canary_1b_v2/comp_0/attempt_001/session_285754_q01_qid_389/option_A.wav,/kaggle/working/asr_audio/20260530_140123_asr_live/canary_1b_v2/comp_0/attempt_001/session_285754_q01_qid_389/option_B.wav,/kaggle/working/asr_audio/20260530_140123_asr_live/canary_1b_v2/comp_0/attempt_001/session_285754_q01_qid_389/option_C.wav,/kaggle/working/asr_audio/20260530_140123_asr_live/canary_1b_v2/comp_0/attempt_001/session_285754_q01_qid_389/option_D.wav,184364,119084,230444,165164,99884,3.84,2.48,4.8,3.44,2.08,1.1294505596160889,0.8237605094909668,0.8324167728424072,0.6850326061248779,0.6790866851806641,59.417219,3,0.6673789024353027,True,False,False,100,What term describes the main location where the film downfall is said?,Option A. The right Chancellery?,Option B The Wolf's Lair,Option C Berlin's Red Square.,Tops and D. The Fear Bunker.,0.4800589084625244,0.253434419631958,0.2309885025024414,0.24306297302246094,0.2633552551269531,1.470900058746338,,,,,,,,,
20260530_140123_asr_live,2026-05-30 14:11:09,canary_1b_v2,nvidia/canary-1b-v2,nemo_asr,cuda:1,float16,1,candidate,,,False,99.18431162834167,0,Entertainment,1,2,285754,827,0,,0,,1,,2,,3,,/kaggle/working/asr_audio/20260530_140123_asr_live/canary_1b_v2/comp_0/attempt_001/session_285754_q02_qid_827/question.wav,/kaggle/working/asr_audio/20260530_140123_asr_live/canary_1b_v2/comp_0/attempt_001/session_285754_q02_qid_827/option_A.wav,/kaggle/working/asr_audio/20260530_140123_asr_live/canary_1b_v2/comp_0/attempt_001/session_285754_q02_qid_827/option_B.wav,/kaggle/working/asr_audio/20260530_140123_asr_live/canary_1b_v2/comp_0/attempt_001/session_285754_q02_qid_827/option_C.wav,/kaggle/working/asr_audio/20260530_140123_asr_live/canary_1b_v2/comp_0/attempt_001/session_285754_q02_qid_827/option_D.wav,337964,111404,130604,99884,103724,7.04,2.32,2.72,2.08,2.16,1.2805283069610596,0.6837141513824463,0.8239400386810303,0.6794192790985107,0.82057785987854,27.939911,3,0.6627650260925293,False,False,True,100,Piss director's influence can be seen in Spielberg's use of wide angle lenses and handheld camera work in his films.,Option A. Stanley Kubrick.,Hobson B. Ingmar Bergman.,Option C. John Ford.,Thompson D. Frank Capra.,0.6009459495544434,0.22337698936462402,0.2551124095916748,0.18611717224121094,0.23271751403808594,1.498270034790039,,,,,,,,,
20260530_140123_asr_live,2026-05-30 14:11:10,canary_1b_v2,nvidia/canary-1b-v2,nemo_asr,cuda:1,float16,selected,selected,1,best_mean_similarity_if_available_else_preferred_beam,False,99.18431162834167,0,Entertainment,1,2,285754,827,0,,0,,1,,2,,3,,/kaggle/working/asr_audio/20260530_140123_asr_live/canary_1b_v2/comp_0/attempt_001/session_285754_q02_qid_827/question.wav,/kaggle/working/asr_audio/20260530_140123_asr_live/canary_1b_v2/comp_0/attempt_001/session_285754_q02_qid_827/option_A.wav,/kaggle/working/asr_audio/20260530_140123_asr_live/canary_1b_v2/comp_0/attempt_001/session_285754_q02_qid_827/option_B.wav,/kaggle/working/asr_audio/20260530_140123_asr_live/canary_1b_v2/comp_0/attempt_001/session_285754_q02_qid_827/option_C.wav,/kaggle/working/asr_audio/20260530_140123_asr_live/canary_1b_v2/comp_0/attempt_001/session_285754_q02_qid_827/option_D.wav,337964,111404,130604,99884,103724,7.04,2.32,2.72,2.08,2.16,1.2805283069610596,0.6837141513824463,0.8239400386810303,0.6794192790985107,0.82057785987854,27.939911,3,0.6627650260925293,False,False,True,100,Piss director's influence can be seen in Spielberg's use of wide angle lenses and handheld camera work in his films.,Option A. Stanley Kubrick.,Hobson B. Ingmar Bergman.,Option C. John Ford.,Thompson D. Frank Capra.,0.6009459495544434,0.22337698936462402,0.2551124095916748,0.18611717224121094,0.23271751403808594,1.498270034790039,,,,,,,,,
20260530_140123_asr_live,2026-05-30 14:11:17,canary_1b_v2,nvidia/canary-1b-v2,nemo_asr,cuda:1,float16,1,candidate,,,False,99.18431162834167,0,Entertainment,2,1,285765,393,0,,0,,1,,2,,3,,/kaggle/working/asr_audio/20260530_140123_asr_live/canary_1b_v2/comp_0/attempt_002/session_285765_q01_qid_393/question.wav,/kaggle/working/asr_audio/20260530_140123_asr_live/canary_1b_v2/comp_0/attempt_002/session_285765_q01_qid_393/option_A.wav,/kaggle/working/asr_audio/20260530_140123_asr_live/canary_1b_v2/comp_0/attempt_002/session_285765_q01_qid_393/option_B.wav,/kaggle/working/asr_audio/20260530_140123_asr_live/canary_1b_v2/comp_0/attempt_002/session_285765_q01_qid_393/option_C.wav,/kaggle/working/asr_audio/20260530_140123_asr_live/canary_1b_v2/comp_0/attempt_002/session_285765_q01_qid_393/option_D.wav,280364,215084,203564,145964,126764,5.84,4.48,4.24,3.04,2.64,1.2793469429016113,0.8281500339508057,0.8224339485168457,0.6845827102661133,0.6818766593933105,28.080052,3,0.6610031127929688,False,False,True,0,Which of the following best describes the connection between Ella Fitzgerald and the Great American Songbook?,Option A. She performed in musicals based on the songs.,Option B. She recorded numerous albums of these songs.,Option C. She wrote the lyrics to the songs.,Tops and D She composed the songs.,0.49439001083374023,0.3531608581542969,0.29422497749328613,0.31890153884887695,0.267925500869751,1.7286028861999512,,,,,,,,,
20260530_140123_asr_live,2026-05-30 14:11:19,canary_1b_v2,nvidia/canary-1b-v2,nemo_asr,cuda:1,float16,selected,selected,1,best_mean_similarity_if_available_else_preferred_beam,False,99.18431162834167,0,Entertainment,2,1,285765,393,0,,0,,1,,2,,3,,/kaggle/working/asr_audio/20260530_140123_asr_live/canary_1b_v2/comp_0/attempt_002/session_285765_q01_qid_393/question.wav,/kaggle/working/asr_audio/20260530_140123_asr_live/canary_1b_v2/comp_0/attempt_002/session_285765_q01_qid_393/option_A.wav,/kaggle/working/asr_audio/20260530_140123_asr_live/canary_1b_v2/comp_0/attempt_002/session_285765_q01_qid_393/option_B.wav,/kaggle/working/asr_audio/20260530_140123_asr_live/canary_1b_v2/comp_0/attempt_002/session_285765_q01_qid_393/option_C.wav,/kaggle/working/asr_audio/20260530_140123_asr_live/canary_1b_v2/comp_0/attempt_002/session_285765_q01_qid_393/option_D.wav,280364,215084,203564,145964,126764,5.84,4.48,4.24,3.04,2.64,1.2793469429016113,0.8281500339508057,0.8224339485168457,0.6845827102661133,0.6818766593933105,28.080052,3,0.6610031127929688,False,False,True,0,Which of the following best describes the connection between Ella Fitzgerald and the Great American Songbook?,Option A. She performed in musicals based on the songs.,Option B. She recorded numerous albums of these songs.,Option C. She wrote the lyrics to the songs.,Tops and D She composed the songs.,0.49439001083374023,0.3531608581542969,0.29422497749328613,0.31890153884887695,0.267925500869751,1.7286028861999512,,,,,,,,,
20260530_140123_asr_live,2026-05-30 14:11:26,canary_1b_v2,nvidia/canary-1b-v2,nemo_asr,cuda:1,float16,1,candidate,,,False,99.18431162834167,0,Entertainment,3,1,285768,274,0,,0,,1,,2,,3,,/kaggle/working/asr_audio/20260530_140123_asr_live/canary_1b_v2/comp_0/attempt_003/session_285768_q01_qid_274/question.wav,/kaggle/working/asr_audio/20260530_140123_asr_live/canary_1b_v2/comp_0/attempt_003/session_285768_q01_qid_274/option_A.wav,/kaggle/working/asr_audio/20260530_140123_asr_live/canary_1b_v2/comp_0/attempt_003/session_285768_q01_qid_274/option_B.wav,/kaggle/working/asr_audio/20260530_140123_asr_live/canary_1b_v2/comp_0/attempt_003/session_285768_q01_qid_274/option_C.wav,/kaggle/working/asr_audio/20260530_140123_asr_live/canary_1b_v2/comp_0/attempt_003/session_285768_q01_qid_274/option_D.wav,445484,226604,184364,222764,303404,9.28,4.72,3.84,4.64,6.32,1.2849082946777344,0.6986734867095947,0.6882426738739014,0.825070858001709,0.8321316242218018,27.929588,3,0.6608083248138428,False,False,True,0,Which of the following best describes the relationship between James Brown and the song Say It Loud? I'm black and I'm proud.,Option A. It became an anthem for the civil rights movement.,Option B It was the first song he ever recorded.,Option C It was never performed live.,Option D. Hehehehehehehehehehehehehehehehehehehehehehehehehehehehehehehehehehehehehehehehehehehehehehehehehehehehehehehehehehehehehehehehehehehehehehehehehehehehehehehehehehehehehehehehehehehehehehehehehehehehehehehehehehehehehehehehehehehehehe,0.616779088973999,0.3139986991882324,0.261399507522583,0.2348630428314209,1.4665250778198242,2.8935654163360596,,,,,,,,,
20260530_140123_asr_live,2026-05-30 14:11:28,canary_1b_v2,nvidia/canary-1b-v2,nemo_asr,cuda:1,float16,selected,selected,1,best_mean_similarity_if_available_else_preferred_beam,False,99.18431162834167,0,Entertainment,3,1,285768,274,0,,0,,1,,2,,3,,/kaggle/working/asr_audio/20260530_140123_asr_live/canary_1b_v2/comp_0/attempt_003/session_285768_q01_qid_274/question.wav,/kaggle/working/asr_audio/20260530_140123_asr_live/canary_1b_v2/comp_0/attempt_003/session_285768_q01_qid_274/option_A.wav,/kaggle/working/asr_audio/20260530_140123_asr_live/canary_1b_v2/comp_0/attempt_003/session_285768_q01_qid_274/option_B.wav,/kaggle/working/asr_audio/20260530_140123_asr_live/canary_1b_v2/comp_0/attempt_003/session_285768_q01_qid_274/option_C.wav,/kaggle/working/asr_audio/20260530_140123_asr_live/canary_1b_v2/comp_0/attempt_003/session_285768_q01_qid_274/option_D.wav,445484,226604,184364,222764,303404,9.28,4.72,3.84,4.64,6.32,1.2849082946777344,0.6986734867095947,0.6882426738739014,0.825070858001709,0.8321316242218018,27.929588,3,0.6608083248138428,False,False,True,0,Which of the following best describes the relationship between James Brown and the song Say It Loud? I'm black and I'm proud.,Option A. It became an anthem for the civil rights movement.,Option B It was the first song he ever recorded.,Option C It was never performed live.,Option D. Hehehehehehehehehehehehehehehehehehehehehehehehehehehehehehehehehehehehehehehehehehehehehehehehehehehehehehehehehehehehehehehehehehehehehehehehehehehehehehehehehehehehehehehehehehehehehehehehehehehehehehehehehehehehehehehehehehehehehe,0.616779088973999,0.3139986991882324,0.261399507522583,0.2348630428314209,1.4665250778198242,2.8935654163360596,,,,,,,,,
20260530_140123_asr_live,2026-05-30 14:11:35,canary_1b_v2,nvidia/canary-1b-v2,nemo_asr,cuda:1,float16,1,candidate,,,False,99.18431162834167,0,Entertainment,4,1,285775,121,0,,0,,1,,2,,3,,/kaggle/working/asr_audio/20260530_140123_asr_live/canary_1b_v2/comp_0/attempt_004/session_285775_q01_qid_121/question.wav,/kaggle/working/asr_audio/20260530_140123_asr_live/canary_1b_v2/comp_0/attempt_004/session_285775_q01_qid_121/option_A.wav,/kaggle/working/asr_audio/20260530_140123_asr_live/canary_1b_v2/comp_0/attempt_004/session_285775_q01_qid_121/option_B.wav,/kaggle/working/asr_audio/20260530_140123_asr_live/canary_1b_v2/comp_0/attempt_004/session_285775_q01_qid_121/option_C.wav,/kaggle/working/asr_audio/20260530_140123_asr_live/canary_1b_v2/comp_0/attempt_004/session_285775_q01_qid_121/option_D.wav,188204,134444,234284,134444,272684,3.92,2.8,4.88,2.8,5.68,1.1329622268676758,0.8233428001403809,0.8350784778594971,0.6839637756347656,0.8375394344329834,27.922811,3,0.6618564128875732,False,False,True,0,Which of the following best describes the game that gives the series its name?,Option a. A game of marbles.,"Option B. A game of squid, Baco, for a Bilp Melian Doyne.",Option c. The game of chess.,Tops and D. A game of tags.,0.359846830368042,0.23482728004455566,0.4060485363006592,0.2258467674255371,0.2614476680755615,1.4880170822143555,,,,,,,,,
20260530_140123_asr_live,2026-05-30 14:11:37,canary_1b_v2,nvidia/canary-1b-v2,nemo_asr,cuda:1,float16,selected,selected,1,best_mean_similarity_if_available_else_preferred_beam,False,99.18431162834167,0,Entertainment,4,1,285775,121,0,,0,,1,,2,,3,,/kaggle/working/asr_audio/20260530_140123_asr_live/canary_1b_v2/comp_0/attempt_004/session_285775_q01_qid_121/question.wav,/kaggle/working/asr_audio/20260530_140123_asr_live/canary_1b_v2/comp_0/attempt_004/session_285775_q01_qid_121/option_A.wav,/kaggle/working/asr_audio/20260530_140123_asr_live/canary_1b_v2/comp_0/attempt_004/session_285775_q01_qid_121/option_B.wav,/kaggle/working/asr_audio/20260530_140123_asr_live/canary_1b_v2/comp_0/attempt_004/session_285775_q01_qid_121/option_C.wav,/kaggle/working/asr_audio/20260530_140123_asr_live/canary_1b_v2/comp_0/attempt_004/session_285775_q01_qid_121/option_D.wav,188204,134444,234284,134444,272684,3.92,2.8,4.88,2.8,5.68,1.1329622268676758,0.8233428001403809,0.8350784778594971,0.6839637756347656,0.8375394344329834,27.922811,3,0.6618564128875732,False,False,True,0,Which of the following best describes the game that gives the series its name?,Option a. A game of marbles.,"Option B. A game of squid, Baco, for a Bilp Melian Doyne.",Option c. The game of chess.,Tops and D. A game of tags.,0.359846830368042,0.23482728004455566,0.4060485363006592,0.2258467674255371,0.2614476680755615,1.4880170822143555,,,,,,,,,
20260530_140123_asr_live,2026-05-30 14:11:44,canary_1b_v2,nvidia/canary-1b-v2,nemo_asr,cuda:1,float16,1,candidate,,,False,99.18431162834167,0,Entertainment,5,1,285780,637,0,,0,,1,,2,,3,,/kaggle/working/asr_audio/20260530_140123_asr_live/canary_1b_v2/comp_0/attempt_005/session_285780_q01_qid_637/question.wav,/kaggle/working/asr_audio/20260530_140123_asr_live/canary_1b_v2/comp_0/attempt_005/session_285780_q01_qid_637/option_A.wav,/kaggle/working/asr_audio/20260530_140123_asr_live/canary_1b_v2/comp_0/attempt_005/session_285780_q01_qid_637/option_B.wav,/kaggle/working/asr_audio/20260530_140123_asr_live/canary_1b_v2/comp_0/attempt_005/session_285780_q01_qid_637/option_C.wav,/kaggle/working/asr_audio/20260530_140123_asr_live/canary_1b_v2/comp_0/attempt_005/session_285780_q01_qid_637/option_D.wav,230444,203564,188204,195884,184364,4.8,4.24,3.92,4.08,3.84,1.2722318172454834,0.8306665420532227,0.8231446743011475,0.8224830627441406,0.688774585723877,28.072731,3,0.6611936092376709,False,False,True,0,What was the fundamental principle behind Paul McCartney's approach to songwriting in the Beatles?,Option a. Relying on formal musical training.,Option B. Incorporating advanced music theory.,Option C. Using perfect pitch and instinct.,Option D. Focusing on complex chord progressions.,0.45157837867736816,0.2666511535644531,0.2975618839263916,0.29606008529663086,0.2874643802642822,1.599315881729126,,,,,,,,,
20260530_140123_asr_live,2026-05-30 14:11:45,canary_1b_v2,nvidia/canary-1b-v2,nemo_asr,cuda:1,float16,selected,selected,1,best_mean_similarity_if_available_else_preferred_beam,False,99.18431162834167,0,Entertainment,5,1,285780,637,0,,0,,1,,2,,3,,/kaggle/working/asr_audio/20260530_140123_asr_live/canary_1b_v2/comp_0/attempt_005/session_285780_q01_qid_637/question.wav,/kaggle/working/asr_audio/20260530_140123_asr_live/canary_1b_v2/comp_0/attempt_005/session_285780_q01_qid_637/option_A.wav,/kaggle/working/asr_audio/20260530_140123_asr_live/canary_1b_v2/comp_0/attempt_005/session_285780_q01_qid_637/option_B.wav,/kaggle/working/asr_audio/20260530_140123_asr_live/canary_1b_v2/comp_0/attempt_005/session_285780_q01_qid_637/option_C.wav,/kaggle/working/asr_audio/20260530_140123_asr_live/canary_1b_v2/comp_0/attempt_005/session_285780_q01_qid_637/option_D.wav,230444,203564,188204,195884,184364,4.8,4.24,3.92,4.08,3.84,1.2722318172454834,0.8306665420532227,0.8231446743011475,0.8224830627441406,0.688774585723877,28.072731,3,0.6611936092376709,False,False,True,0,What was the fundamental principle behind Paul McCartney's approach to songwriting in the Beatles?,Option a. Relying on formal musical training.,Option B. Incorporating advanced music theory.,Option C. Using perfect pitch and instinct.,Option D. Focusing on complex chord progressions.,0.45157837867736816,0.2666511535644531,0.2975618839263916,0.29606008529663086,0.2874643802642822,1.599315881729126,,,,,,,,,
20260530_140123_asr_live,2026-05-30 14:11:52,canary_1b_v2,nvidia/canary-1b-v2,nemo_asr,cuda:1,float16,1,candidate,,,False,99.18431162834167,1,Ancient History and Politics,1,1,285785,991,0,,0,,1,,2,,3,,/kaggle/working/asr_audio/20260530_140123_asr_live/canary_1b_v2/comp_1/attempt_001/session_285785_q01_qid_991/question.wav,/kaggle/working/asr_audio/20260530_140123_asr_live/canary_1b_v2/comp_1/attempt_001/session_285785_q01_qid_991/option_A.wav,/kaggle/working/asr_audio/20260530_140123_asr_live/canary_1b_v2/comp_1/attempt_001/session_285785_q01_qid_991/option_B.wav,/kaggle/working/asr_audio/20260530_140123_asr_live/canary_1b_v2/comp_1/attempt_001/session_285785_q01_qid_991/option_C.wav,/kaggle/working/asr_audio/20260530_140123_asr_live/canary_1b_v2/comp_1/attempt_001/session_285785_q01_qid_991/option_D.wav,299564,130604,153644,142124,372524,6.24,2.72,3.2,2.96,7.76,1.279893159866333,0.6885507106781006,0.8219466209411621,0.6846280097961426,0.8404030799865723,59.417996,3,0.6675076484680176,True,False,False,100,"According to the passage, what was one of the main reasons Socrates was accused of impiety?",Option a. For not paying taxes.,Option B. For supporting the thirty tyrants.,Option C. For teaching democracy.,Option D. Poor failing to acknowledge the gods of Athens and introducing new deities.,0.5308573246002197,0.2324676513671875,0.28109073638916016,0.26077771186828613,0.4501316547393799,1.7553250789642334,,,,,,,,,
20260530_140123_asr_live,2026-05-30 14:11:53,canary_1b_v2,nvidia/canary-1b-v2,nemo_asr,cuda:1,float16,selected,selected,1,best_mean_similarity_if_available_else_preferred_beam,False,99.18431162834167,1,Ancient History and Politics,1,1,285785,991,0,,0,,1,,2,,3,,/kaggle/working/asr_audio/20260530_140123_asr_live/canary_1b_v2/comp_1/attempt_001/session_285785_q01_qid_991/question.wav,/kaggle/working/asr_audio/20260530_140123_asr_live/canary_1b_v2/comp_1/attempt_001/session_285785_q01_qid_991/option_A.wav,/kaggle/working/asr_audio/20260530_140123_asr_live/canary_1b_v2/comp_1/attempt_001/session_285785_q01_qid_991/option_B.wav,/kaggle/working/asr_audio/20260530_140123_asr_live/canary_1b_v2/comp_1/attempt_001/session_285785_q01_qid_991/option_C.wav,/kaggle/working/asr_audio/20260530_140123_asr_live/canary_1b_v2/comp_1/attempt_001/session_285785_q01_qid_991/option_D.wav,299564,130604,153644,142124,372524,6.24,2.72,3.2,2.96,7.76,1.279893159866333,0.6885507106781006,0.8219466209411621,0.6846280097961426,0.8404030799865723,59.417996,3,0.6675076484680176,True,False,False,100,"According to the passage, what was one of the main reasons Socrates was accused of impiety?",Option a. For not paying taxes.,Option B. For supporting the thirty tyrants.,Option C. For teaching democracy.,Option D. Poor failing to acknowledge the gods of Athens and introducing new deities.,0.5308573246002197,0.2324676513671875,0.28109073638916016,0.26077771186828613,0.4501316547393799,1.7553250789642334,,,,,,,,,
20260530_140123_asr_live,2026-05-30 14:11:59,canary_1b_v2,nvidia/canary-1b-v2,nemo_asr,cuda:1,float16,1,candidate,,,False,99.18431162834167,1,Ancient History and Politics,1,2,285785,973,0,,0,,1,,2,,3,,/kaggle/working/asr_audio/20260530_140123_asr_live/canary_1b_v2/comp_1/attempt_001/session_285785_q02_qid_973/question.wav,/kaggle/working/asr_audio/20260530_140123_asr_live/canary_1b_v2/comp_1/attempt_001/session_285785_q02_qid_973/option_A.wav,/kaggle/working/asr_audio/20260530_140123_asr_live/canary_1b_v2/comp_1/attempt_001/session_285785_q02_qid_973/option_B.wav,/kaggle/working/asr_audio/20260530_140123_asr_live/canary_1b_v2/comp_1/attempt_001/session_285785_q02_qid_973/option_C.wav,/kaggle/working/asr_audio/20260530_140123_asr_live/canary_1b_v2/comp_1/attempt_001/session_285785_q02_qid_973/option_D.wav,399404,207404,249644,199724,207404,8.32,4.32,5.2,4.16,4.32,1.3010945320129395,0.8201713562011719,1.007866382598877,0.8234021663665771,0.8216876983642578,59.417764,3,0.6667258739471436,True,False,False,200,Which of the following best describes the Eleucinian mysteries in relation to the broader context of Greco-Roman mystery religions?,Option a. A religious practice exclusive to the elite class.,Option B: a relatively unknown and minor cult.,Option C. A form of public religion open to all.,Tops and D. The earliest and most famous of the Mystery Cults.,0.5921809673309326,0.3354339599609375,0.30628442764282227,0.2636101245880127,0.3670804500579834,1.8645899295806885,,,,,,,,,
20260530_140123_asr_live,2026-05-30 14:12:01,canary_1b_v2,nvidia/canary-1b-v2,nemo_asr,cuda:1,float16,selected,selected,1,best_mean_similarity_if_available_else_preferred_beam,False,99.18431162834167,1,Ancient History and Politics,1,2,285785,973,0,,0,,1,,2,,3,,/kaggle/working/asr_audio/20260530_140123_asr_live/canary_1b_v2/comp_1/attempt_001/session_285785_q02_qid_973/question.wav,/kaggle/working/asr_audio/20260530_140123_asr_live/canary_1b_v2/comp_1/attempt_001/session_285785_q02_qid_973/option_A.wav,/kaggle/working/asr_audio/20260530_140123_asr_live/canary_1b_v2/comp_1/attempt_001/session_285785_q02_qid_973/option_B.wav,/kaggle/working/asr_audio/20260530_140123_asr_live/canary_1b_v2/comp_1/attempt_001/session_285785_q02_qid_973/option_C.wav,/kaggle/working/asr_audio/20260530_140123_asr_live/canary_1b_v2/comp_1/attempt_001/session_285785_q02_qid_973/option_D.wav,399404,207404,249644,199724,207404,8.32,4.32,5.2,4.16,4.32,1.3010945320129395,0.8201713562011719,1.007866382598877,0.8234021663665771,0.8216876983642578,59.417764,3,0.6667258739471436,True,False,False,200,Which of the following best describes the Eleucinian mysteries in relation to the broader context of Greco-Roman mystery religions?,Option a. A religious practice exclusive to the elite class.,Option B: a relatively unknown and minor cult.,Option C. A form of public religion open to all.,Tops and D. The earliest and most famous of the Mystery Cults.,0.5921809673309326,0.3354339599609375,0.30628442764282227,0.2636101245880127,0.3670804500579834,1.8645899295806885,,,,,,,,,
20260530_140123_asr_live,2026-05-30 14:12:07,canary_1b_v2,nvidia/canary-1b-v2,nemo_asr,cuda:1,float16,1,candidate,,,False,99.18431162834167,1,Ancient History and Politics,1,3,285785,894,0,,0,,1,,2,,3,,/kaggle/working/asr_audio/20260530_140123_asr_live/canary_1b_v2/comp_1/attempt_001/session_285785_q03_qid_894/question.wav,/kaggle/working/asr_audio/20260530_140123_asr_live/canary_1b_v2/comp_1/attempt_001/session_285785_q03_qid_894/option_A.wav,/kaggle/working/asr_audio/20260530_140123_asr_live/canary_1b_v2/comp_1/attempt_001/session_285785_q03_qid_894/option_B.wav,/kaggle/working/asr_audio/20260530_140123_asr_live/canary_1b_v2/comp_1/attempt_001/session_285785_q03_qid_894/option_C.wav,/kaggle/working/asr_audio/20260530_140123_asr_live/canary_1b_v2/comp_1/attempt_001/session_285785_q03_qid_894/option_D.wav,276524,122924,203564,188204,145964,5.76,2.56,4.24,3.92,3.04,1.2783489227294922,0.6813383102416992,0.8290097713470459,0.8212730884552002,0.6839394569396973,28.077595,3,0.6610634326934814,False,False,True,200,What was the primary purpose of the two large artificial harbors built within the city of Carthage?,Option A. Thisting and laser.,"Option B, military and commercial.","Option C. Ah, tourism and trade.",Option D. Sailing competitions.,0.4821805953979492,0.2357943058013916,0.21577095985412598,0.2392408847808838,0.21822547912597656,1.3912122249603271,,,,,,,,,
20260530_140123_asr_live,2026-05-30 14:12:08,canary_1b_v2,nvidia/canary-1b-v2,nemo_asr,cuda:1,float16,selected,selected,1,best_mean_similarity_if_available_else_preferred_beam,False,99.18431162834167,1,Ancient History and Politics,1,3,285785,894,0,,0,,1,,2,,3,,/kaggle/working/asr_audio/20260530_140123_asr_live/canary_1b_v2/comp_1/attempt_001/session_285785_q03_qid_894/question.wav,/kaggle/working/asr_audio/20260530_140123_asr_live/canary_1b_v2/comp_1/attempt_001/session_285785_q03_qid_894/option_A.wav,/kaggle/working/asr_audio/20260530_140123_asr_live/canary_1b_v2/comp_1/attempt_001/session_285785_q03_qid_894/option_B.wav,/kaggle/working/asr_audio/20260530_140123_asr_live/canary_1b_v2/comp_1/attempt_001/session_285785_q03_qid_894/option_C.wav,/kaggle/working/asr_audio/20260530_140123_asr_live/canary_1b_v2/comp_1/attempt_001/session_285785_q03_qid_894/option_D.wav,276524,122924,203564,188204,145964,5.76,2.56,4.24,3.92,3.04,1.2783489227294922,0.6813383102416992,0.8290097713470459,0.8212730884552002,0.6839394569396973,28.077595,3,0.6610634326934814,False,False,True,200,What was the primary purpose of the two large artificial harbors built within the city of Carthage?,Option A. Thisting and laser.,"Option B, military and commercial.","Option C. Ah, tourism and trade.",Option D. Sailing competitions.,0.4821805953979492,0.2357943058013916,0.21577095985412598,0.2392408847808838,0.21822547912597656,1.3912122249603271,,,,,,,,,
20260530_140123_asr_live,2026-05-30 14:12:15,canary_1b_v2,nvidia/canary-1b-v2,nemo_asr,cuda:1,float16,1,candidate,,,False,99.18431162834167,1,Ancient History and Politics,2,1,285794,1068,0,,0,,1,,2,,3,,/kaggle/working/asr_audio/20260530_140123_asr_live/canary_1b_v2/comp_1/attempt_002/session_285794_q01_qid_1068/question.wav,/kaggle/working/asr_audio/20260530_140123_asr_live/canary_1b_v2/comp_1/attempt_002/session_285794_q01_qid_1068/option_A.wav,/kaggle/working/asr_audio/20260530_140123_asr_live/canary_1b_v2/comp_1/attempt_002/session_285794_q01_qid_1068/option_B.wav,/kaggle/working/asr_audio/20260530_140123_asr_live/canary_1b_v2/comp_1/attempt_002/session_285794_q01_qid_1068/option_C.wav,/kaggle/working/asr_audio/20260530_140123_asr_live/canary_1b_v2/comp_1/attempt_002/session_285794_q01_qid_1068/option_D.wav,257324,337964,253484,464684,299564,5.36,7.04,5.28,9.68,6.24,1.2754337787628174,0.8416993618011475,0.8223345279693604,0.8327970504760742,0.707388162612915,28.053957,3,0.6615958213806152,False,False,True,0,How does the concept of democracy in ancient Greece differ from modern democracies?,"Option A Ancient Greeks had a representative democracy, while modern democracy has direct participation.",Option B. There was no concept of democracy in ancient Greece.,"Option C. Ancient Greeks had a direct democracy where all citizens could participate, while modern democracy often involves representative government.",Toption D Ancient Greeks and modern democracies are identical in their structures.,0.4435296058654785,0.41315436363220215,0.3431711196899414,0.5182375907897949,0.37447333335876465,2.0925660133361816,,,,,,,,,
20260530_140123_asr_live,2026-05-30 14:12:17,canary_1b_v2,nvidia/canary-1b-v2,nemo_asr,cuda:1,float16,selected,selected,1,best_mean_similarity_if_available_else_preferred_beam,False,99.18431162834167,1,Ancient History and Politics,2,1,285794,1068,0,,0,,1,,2,,3,,/kaggle/working/asr_audio/20260530_140123_asr_live/canary_1b_v2/comp_1/attempt_002/session_285794_q01_qid_1068/question.wav,/kaggle/working/asr_audio/20260530_140123_asr_live/canary_1b_v2/comp_1/attempt_002/session_285794_q01_qid_1068/option_A.wav,/kaggle/working/asr_audio/20260530_140123_asr_live/canary_1b_v2/comp_1/attempt_002/session_285794_q01_qid_1068/option_B.wav,/kaggle/working/asr_audio/20260530_140123_asr_live/canary_1b_v2/comp_1/attempt_002/session_285794_q01_qid_1068/option_C.wav,/kaggle/working/asr_audio/20260530_140123_asr_live/canary_1b_v2/comp_1/attempt_002/session_285794_q01_qid_1068/option_D.wav,257324,337964,253484,464684,299564,5.36,7.04,5.28,9.68,6.24,1.2754337787628174,0.8416993618011475,0.8223345279693604,0.8327970504760742,0.707388162612915,28.053957,3,0.6615958213806152,False,False,True,0,How does the concept of democracy in ancient Greece differ from modern democracies?,"Option A Ancient Greeks had a representative democracy, while modern democracy has direct participation.",Option B. There was no concept of democracy in ancient Greece.,"Option C. Ancient Greeks had a direct democracy where all citizens could participate, while modern democracy often involves representative government.",Toption D Ancient Greeks and modern democracies are identical in their structures.,0.4435296058654785,0.41315436363220215,0.3431711196899414,0.5182375907897949,0.37447333335876465,2.0925660133361816,,,,,,,,,
20260530_140123_asr_live,2026-05-30 14:12:24,canary_1b_v2,nvidia/canary-1b-v2,nemo_asr,cuda:1,float16,1,candidate,,,False,99.18431162834167,1,Ancient History and Politics,3,1,285800,894,0,,0,,1,,2,,3,,/kaggle/working/asr_audio/20260530_140123_asr_live/canary_1b_v2/comp_1/attempt_003/session_285800_q01_qid_894/question.wav,/kaggle/working/asr_audio/20260530_140123_asr_live/canary_1b_v2/comp_1/attempt_003/session_285800_q01_qid_894/option_A.wav,/kaggle/working/asr_audio/20260530_140123_asr_live/canary_1b_v2/comp_1/attempt_003/session_285800_q01_qid_894/option_B.wav,/kaggle/working/asr_audio/20260530_140123_asr_live/canary_1b_v2/comp_1/attempt_003/session_285800_q01_qid_894/option_C.wav,/kaggle/working/asr_audio/20260530_140123_asr_live/canary_1b_v2/comp_1/attempt_003/session_285800_q01_qid_894/option_D.wav,276524,122924,203564,142124,192044,5.76,2.56,4.24,2.96,4.0,1.27689790725708,0.6817400455474854,0.8297703266143799,0.6845653057098389,0.8262937068939209,27.935943,3,0.6615419387817383,False,False,True,0,What was the primary purpose of the two large artificial harbors built within the city of Carthage?,Option A. Thisting and laser.,"Option B, military and commercial.",Option c. Sailing competitions.,"Option D. Ah, tourism and trade.",0.47762012481689453,0.231583833694458,0.218796968460083,0.21666479110717773,0.24918150901794434,1.3938472270965576,,,,,,,,,
20260530_140123_asr_live,2026-05-30 14:12:26,canary_1b_v2,nvidia/canary-1b-v2,nemo_asr,cuda:1,float16,selected,selected,1,best_mean_similarity_if_available_else_preferred_beam,False,99.18431162834167,1,Ancient History and Politics,3,1,285800,894,0,,0,,1,,2,,3,,/kaggle/working/asr_audio/20260530_140123_asr_live/canary_1b_v2/comp_1/attempt_003/session_285800_q01_qid_894/question.wav,/kaggle/working/asr_audio/20260530_140123_asr_live/canary_1b_v2/comp_1/attempt_003/session_285800_q01_qid_894/option_A.wav,/kaggle/working/asr_audio/20260530_140123_asr_live/canary_1b_v2/comp_1/attempt_003/session_285800_q01_qid_894/option_B.wav,/kaggle/working/asr_audio/20260530_140123_asr_live/canary_1b_v2/comp_1/attempt_003/session_285800_q01_qid_894/option_C.wav,/kaggle/working/asr_audio/20260530_140123_asr_live/canary_1b_v2/comp_1/attempt_003/session_285800_q01_qid_894/option_D.wav,276524,122924,203564,142124,192044,5.76,2.56,4.24,2.96,4.0,1.27689790725708,0.6817400455474854,0.8297703266143799,0.6845653057098389,0.8262937068939209,27.935943,3,0.6615419387817383,False,False,True,0,What was the primary purpose of the two large artificial harbors built within the city of Carthage?,Option A. Thisting and laser.,"Option B, military and commercial.",Option c. Sailing competitions.,"Option D. Ah, tourism and trade.",0.47762012481689453,0.231583833694458,0.218796968460083,0.21666479110717773,0.24918150901794434,1.3938472270965576,,,,,,,,,
20260530_140123_asr_live,2026-05-30 14:12:33,canary_1b_v2,nvidia/canary-1b-v2,nemo_asr,cuda:1,float16,1,candidate,,,False,99.18431162834167,1,Ancient History and Politics,4,1,285805,1007,0,,0,,1,,2,,3,,/kaggle/working/asr_audio/20260530_140123_asr_live/canary_1b_v2/comp_1/attempt_004/session_285805_q01_qid_1007/question.wav,/kaggle/working/asr_audio/20260530_140123_asr_live/canary_1b_v2/comp_1/attempt_004/session_285805_q01_qid_1007/option_A.wav,/kaggle/working/asr_audio/20260530_140123_asr_live/canary_1b_v2/comp_1/attempt_004/session_285805_q01_qid_1007/option_B.wav,/kaggle/working/asr_audio/20260530_140123_asr_live/canary_1b_v2/comp_1/attempt_004/session_285805_q01_qid_1007/option_C.wav,/kaggle/working/asr_audio/20260530_140123_asr_live/canary_1b_v2/comp_1/attempt_004/session_285805_q01_qid_1007/option_D.wav,241964,284204,265004,272684,326444,5.04,5.92,5.52,5.68,6.8,1.2735040187835693,0.840247392654419,0.8270080089569092,0.8249094486236572,0.8252565860748291,59.417755,3,0.6672344207763672,True,False,False,100,How did the ancient Egyptians view the relationship between the pharaoh and the gods?,"Option a. The pharaoh was considered a mere human, with no special connection to the gods.",Option B. The pharaoh was viewed as a servant of the gods with no special privileges.,Option C. The pharaoh was considered an enemy of the gods and had to be watched closely to prevent.,Option D. The Pharaoh was seen as a divine being and a direct representative of the gods on earth.,0.39786291122436523,0.39628124237060547,0.42285895347595215,0.4451181888580322,0.4313218593597412,2.0934431552886963,,,,,,,,,
20260530_140123_asr_live,2026-05-30 14:12:35,canary_1b_v2,nvidia/canary-1b-v2,nemo_asr,cuda:1,float16,selected,selected,1,best_mean_similarity_if_available_else_preferred_beam,False,99.18431162834167,1,Ancient History and Politics,4,1,285805,1007,0,,0,,1,,2,,3,,/kaggle/working/asr_audio/20260530_140123_asr_live/canary_1b_v2/comp_1/attempt_004/session_285805_q01_qid_1007/question.wav,/kaggle/working/asr_audio/20260530_140123_asr_live/canary_1b_v2/comp_1/attempt_004/session_285805_q01_qid_1007/option_A.wav,/kaggle/working/asr_audio/20260530_140123_asr_live/canary_1b_v2/comp_1/attempt_004/session_285805_q01_qid_1007/option_B.wav,/kaggle/working/asr_audio/20260530_140123_asr_live/canary_1b_v2/comp_1/attempt_004/session_285805_q01_qid_1007/option_C.wav,/kaggle/working/asr_audio/20260530_140123_asr_live/canary_1b_v2/comp_1/attempt_004/session_285805_q01_qid_1007/option_D.wav,241964,284204,265004,272684,326444,5.04,5.92,5.52,5.68,6.8,1.2735040187835693,0.840247392654419,0.8270080089569092,0.8249094486236572,0.8252565860748291,59.417755,3,0.6672344207763672,True,False,False,100,How did the ancient Egyptians view the relationship between the pharaoh and the gods?,"Option a. The pharaoh was considered a mere human, with no special connection to the gods.",Option B. The pharaoh was viewed as a servant of the gods with no special privileges.,Option C. The pharaoh was considered an enemy of the gods and had to be watched closely to prevent.,Option D. The Pharaoh was seen as a divine being and a direct representative of the gods on earth.,0.39786291122436523,0.39628124237060547,0.42285895347595215,0.4451181888580322,0.4313218593597412,2.0934431552886963,,,,,,,,,
20260530_140123_asr_live,2026-05-30 14:12:40,canary_1b_v2,nvidia/canary-1b-v2,nemo_asr,cuda:1,float16,1,candidate,,,False,99.18431162834167,1,Ancient History and Politics,4,2,285805,1263,0,,0,,1,,2,,3,,/kaggle/working/asr_audio/20260530_140123_asr_live/canary_1b_v2/comp_1/attempt_004/session_285805_q02_qid_1263/question.wav,/kaggle/working/asr_audio/20260530_140123_asr_live/canary_1b_v2/comp_1/attempt_004/session_285805_q02_qid_1263/option_A.wav,/kaggle/working/asr_audio/20260530_140123_asr_live/canary_1b_v2/comp_1/attempt_004/session_285805_q02_qid_1263/option_B.wav,/kaggle/working/asr_audio/20260530_140123_asr_live/canary_1b_v2/comp_1/attempt_004/session_285805_q02_qid_1263/option_C.wav,/kaggle/working/asr_audio/20260530_140123_asr_live/canary_1b_v2/comp_1/attempt_004/session_285805_q02_qid_1263/option_D.wav,318764,84524,103724,96044,88364,6.64,1.76,2.16,2.0,1.84,1.2876784801483154,0.6780807971954346,0.8223333358764648,0.820404052734375,0.6774516105651855,28.083782,3,0.6620407104492188,False,False,True,100,"Which city was considered second in importance to Alexandria and the Roman Empire, according to Rhodian?",Option A. Antioch.,Ops and B. Carthage.,Option c. Athens.,Tops and D. Rome.,0.4858970642089844,0.2044541835784912,0.2048015594482422,0.1878194808959961,0.21646738052368164,1.2994396686553955,,,,,,,,,
20260530_140123_asr_live,2026-05-30 14:12:42,canary_1b_v2,nvidia/canary-1b-v2,nemo_asr,cuda:1,float16,selected,selected,1,best_mean_similarity_if_available_else_preferred_beam,False,99.18431162834167,1,Ancient History and Politics,4,2,285805,1263,0,,0,,1,,2,,3,,/kaggle/working/asr_audio/20260530_140123_asr_live/canary_1b_v2/comp_1/attempt_004/session_285805_q02_qid_1263/question.wav,/kaggle/working/asr_audio/20260530_140123_asr_live/canary_1b_v2/comp_1/attempt_004/session_285805_q02_qid_1263/option_A.wav,/kaggle/working/asr_audio/20260530_140123_asr_live/canary_1b_v2/comp_1/attempt_004/session_285805_q02_qid_1263/option_B.wav,/kaggle/working/asr_audio/20260530_140123_asr_live/canary_1b_v2/comp_1/attempt_004/session_285805_q02_qid_1263/option_C.wav,/kaggle/working/asr_audio/20260530_140123_asr_live/canary_1b_v2/comp_1/attempt_004/session_285805_q02_qid_1263/option_D.wav,318764,84524,103724,96044,88364,6.64,1.76,2.16,2.0,1.84,1.2876784801483154,0.6780807971954346,0.8223333358764648,0.820404052734375,0.6774516105651855,28.083782,3,0.6620407104492188,False,False,True,100,"Which city was considered second in importance to Alexandria and the Roman Empire, according to Rhodian?",Option A. Antioch.,Ops and B. Carthage.,Option c. Athens.,Tops and D. Rome.,0.4858970642089844,0.2044541835784912,0.2048015594482422,0.1878194808959961,0.21646738052368164,1.2994396686553955,,,,,,,,,
20260530_140123_asr_live,2026-05-30 14:12:49,canary_1b_v2,nvidia/canary-1b-v2,nemo_asr,cuda:1,float16,1,candidate,,,False,99.18431162834167,1,Ancient History and Politics,5,1,285821,947,0,,0,,1,,2,,3,,/kaggle/working/asr_audio/20260530_140123_asr_live/canary_1b_v2/comp_1/attempt_005/session_285821_q01_qid_947/question.wav,/kaggle/working/asr_audio/20260530_140123_asr_live/canary_1b_v2/comp_1/attempt_005/session_285821_q01_qid_947/option_A.wav,/kaggle/working/asr_audio/20260530_140123_asr_live/canary_1b_v2/comp_1/attempt_005/session_285821_q01_qid_947/option_B.wav,/kaggle/working/asr_audio/20260530_140123_asr_live/canary_1b_v2/comp_1/attempt_005/session_285821_q01_qid_947/option_C.wav,/kaggle/working/asr_audio/20260530_140123_asr_live/canary_1b_v2/comp_1/attempt_005/session_285821_q01_qid_947/option_D.wav,307244,111404,245804,92204,111404,6.4,2.32,5.12,1.92,2.32,1.2800426483154297,0.6844925880432129,0.8348867893218994,0.6786952018737793,0.8214097023010254,27.940373,3,0.6611852645874023,False,False,True,0,Which ancient Greek poet is traditionally credited with writing the epic poems The Iliad and The Odyssey?,Option a. Sophocles.,Option B. Askalus.,Option C. Hmm.,Option D Euripides.,0.5403308868408203,0.21921086311340332,0.21503019332885742,0.19176220893859863,0.19576644897460938,1.362100601196289,,,,,,,,,
20260530_140123_asr_live,2026-05-30 14:12:50,canary_1b_v2,nvidia/canary-1b-v2,nemo_asr,cuda:1,float16,selected,selected,1,best_mean_similarity_if_available_else_preferred_beam,False,99.18431162834167,1,Ancient History and Politics,5,1,285821,947,0,,0,,1,,2,,3,,/kaggle/working/asr_audio/20260530_140123_asr_live/canary_1b_v2/comp_1/attempt_005/session_285821_q01_qid_947/question.wav,/kaggle/working/asr_audio/20260530_140123_asr_live/canary_1b_v2/comp_1/attempt_005/session_285821_q01_qid_947/option_A.wav,/kaggle/working/asr_audio/20260530_140123_asr_live/canary_1b_v2/comp_1/attempt_005/session_285821_q01_qid_947/option_B.wav,/kaggle/working/asr_audio/20260530_140123_asr_live/canary_1b_v2/comp_1/attempt_005/session_285821_q01_qid_947/option_C.wav,/kaggle/working/asr_audio/20260530_140123_asr_live/canary_1b_v2/comp_1/attempt_005/session_285821_q01_qid_947/option_D.wav,307244,111404,245804,92204,111404,6.4,2.32,5.12,1.92,2.32,1.2800426483154297,0.6844925880432129,0.8348867893218994,0.6786952018737793,0.8214097023010254,27.940373,3,0.6611852645874023,False,False,True,0,Which ancient Greek poet is traditionally credited with writing the epic poems The Iliad and The Odyssey?,Option a. Sophocles.,Option B. Askalus.,Option C. Hmm.,Option D Euripides.,0.5403308868408203,0.21921086311340332,0.21503019332885742,0.19176220893859863,0.19576644897460938,1.362100601196289,,,,,,,,,
20260530_140123_asr_live,2026-05-30 14:12:56,canary_1b_v2,nvidia/canary-1b-v2,nemo_asr,cuda:1,float16,1,candidate,,,False,99.18431162834167,2,Science and Nature,1,1,285827,4832,0,,0,,1,,2,,3,,/kaggle/working/asr_audio/20260530_140123_asr_live/canary_1b_v2/comp_2/attempt_001/session_285827_q01_qid_4832/question.wav,/kaggle/working/asr_audio/20260530_140123_asr_live/canary_1b_v2/comp_2/attempt_001/session_285827_q01_qid_4832/option_A.wav,/kaggle/working/asr_audio/20260530_140123_asr_live/canary_1b_v2/comp_2/attempt_001/session_285827_q01_qid_4832/option_B.wav,/kaggle/working/asr_audio/20260530_140123_asr_live/canary_1b_v2/comp_2/attempt_001/session_285827_q01_qid_4832/option_C.wav,/kaggle/working/asr_audio/20260530_140123_asr_live/canary_1b_v2/comp_2/attempt_001/session_285827_q01_qid_4832/option_D.wav,218924,119084,115244,111404,119084,4.56,2.48,2.4,2.32,2.48,1.271364688873291,0.8200061321258545,0.6802191734313965,0.6800098419189453,0.8209753036499023,59.416103,3,0.6696312427520752,True,False,False,100,Where would animals and plants be most affected by a flood? Fort.,Option a. Cold areas.,Ops and B. Eye areas.,Option C. Warm areas?,Option D. Low areas.,0.34513306617736816,0.20386290550231934,0.22444796562194824,0.20983529090881348,0.20845341682434082,1.19173264503479,,,,,,,,,
20260530_140123_asr_live,2026-05-30 14:12:57,canary_1b_v2,nvidia/canary-1b-v2,nemo_asr,cuda:1,float16,selected,selected,1,best_mean_similarity_if_available_else_preferred_beam,False,99.18431162834167,2,Science and Nature,1,1,285827,4832,0,,0,,1,,2,,3,,/kaggle/working/asr_audio/20260530_140123_asr_live/canary_1b_v2/comp_2/attempt_001/session_285827_q01_qid_4832/question.wav,/kaggle/working/asr_audio/20260530_140123_asr_live/canary_1b_v2/comp_2/attempt_001/session_285827_q01_qid_4832/option_A.wav,/kaggle/working/asr_audio/20260530_140123_asr_live/canary_1b_v2/comp_2/attempt_001/session_285827_q01_qid_4832/option_B.wav,/kaggle/working/asr_audio/20260530_140123_asr_live/canary_1b_v2/comp_2/attempt_001/session_285827_q01_qid_4832/option_C.wav,/kaggle/working/asr_audio/20260530_140123_asr_live/canary_1b_v2/comp_2/attempt_001/session_285827_q01_qid_4832/option_D.wav,218924,119084,115244,111404,119084,4.56,2.48,2.4,2.32,2.48,1.271364688873291,0.8200061321258545,0.6802191734313965,0.6800098419189453,0.8209753036499023,59.416103,3,0.6696312427520752,True,False,False,100,Where would animals and plants be most affected by a flood? Fort.,Option a. Cold areas.,Ops and B. Eye areas.,Option C. Warm areas?,Option D. Low areas.,0.34513306617736816,0.20386290550231934,0.22444796562194824,0.20983529090881348,0.20845341682434082,1.19173264503479,,,,,,,,,
20260530_140123_asr_live,2026-05-30 14:13:03,canary_1b_v2,nvidia/canary-1b-v2,nemo_asr,cuda:1,float16,1,candidate,,,False,99.18431162834167,2,Science and Nature,1,2,285827,6615,0,,0,,1,,2,,3,,/kaggle/working/asr_audio/20260530_140123_asr_live/canary_1b_v2/comp_2/attempt_001/session_285827_q02_qid_6615/question.wav,/kaggle/working/asr_audio/20260530_140123_asr_live/canary_1b_v2/comp_2/attempt_001/session_285827_q02_qid_6615/option_A.wav,/kaggle/working/asr_audio/20260530_140123_asr_live/canary_1b_v2/comp_2/attempt_001/session_285827_q02_qid_6615/option_B.wav,/kaggle/working/asr_audio/20260530_140123_asr_live/canary_1b_v2/comp_2/attempt_001/session_285827_q02_qid_6615/option_C.wav,/kaggle/working/asr_audio/20260530_140123_asr_live/canary_1b_v2/comp_2/attempt_001/session_285827_q02_qid_6615/option_D.wav,218924,122924,138284,103724,115244,4.56,2.56,2.88,2.16,2.4,1.270117998123169,0.8194105625152588,0.8210694789886475,0.6804623603820801,0.8204824924468994,27.939885,3,0.6617858409881592,False,False,True,100,Which characteristic will a baby chimpanzee inherit from its parents?,Option a. Sleeping routine.,Option B. Hunting skills.,"Option C. Fur, Color.",Tops and D. Eating behavior.,0.375607967376709,0.24121880531311035,0.22374200820922852,0.21708059310913086,0.24161744117736816,1.2992668151855469,,,,,,,,,
20260530_140123_asr_live,2026-05-30 14:13:04,canary_1b_v2,nvidia/canary-1b-v2,nemo_asr,cuda:1,float16,selected,selected,1,best_mean_similarity_if_available_else_preferred_beam,False,99.18431162834167,2,Science and Nature,1,2,285827,6615,0,,0,,1,,2,,3,,/kaggle/working/asr_audio/20260530_140123_asr_live/canary_1b_v2/comp_2/attempt_001/session_285827_q02_qid_6615/question.wav,/kaggle/working/asr_audio/20260530_140123_asr_live/canary_1b_v2/comp_2/attempt_001/session_285827_q02_qid_6615/option_A.wav,/kaggle/working/asr_audio/20260530_140123_asr_live/canary_1b_v2/comp_2/attempt_001/session_285827_q02_qid_6615/option_B.wav,/kaggle/working/asr_audio/20260530_140123_asr_live/canary_1b_v2/comp_2/attempt_001/session_285827_q02_qid_6615/option_C.wav,/kaggle/working/asr_audio/20260530_140123_asr_live/canary_1b_v2/comp_2/attempt_001/session_285827_q02_qid_6615/option_D.wav,218924,122924,138284,103724,115244,4.56,2.56,2.88,2.16,2.4,1.270117998123169,0.8194105625152588,0.8210694789886475,0.6804623603820801,0.8204824924468994,27.939885,3,0.6617858409881592,False,False,True,100,Which characteristic will a baby chimpanzee inherit from its parents?,Option a. Sleeping routine.,Option B. Hunting skills.,"Option C. Fur, Color.",Tops and D. Eating behavior.,0.375607967376709,0.24121880531311035,0.22374200820922852,0.21708059310913086,0.24161744117736816,1.2992668151855469,,,,,,,,,
20260530_140123_asr_live,2026-05-30 14:13:11,canary_1b_v2,nvidia/canary-1b-v2,nemo_asr,cuda:1,float16,1,candidate,,,False,99.18431162834167,2,Science and Nature,2,1,285833,5268,0,,0,,1,,2,,3,,/kaggle/working/asr_audio/20260530_140123_asr_live/canary_1b_v2/comp_2/attempt_002/session_285833_q01_qid_5268/question.wav,/kaggle/working/asr_audio/20260530_140123_asr_live/canary_1b_v2/comp_2/attempt_002/session_285833_q01_qid_5268/option_A.wav,/kaggle/working/asr_audio/20260530_140123_asr_live/canary_1b_v2/comp_2/attempt_002/session_285833_q01_qid_5268/option_B.wav,/kaggle/working/asr_audio/20260530_140123_asr_live/canary_1b_v2/comp_2/attempt_002/session_285833_q01_qid_5268/option_C.wav,/kaggle/working/asr_audio/20260530_140123_asr_live/canary_1b_v2/comp_2/attempt_002/session_285833_q01_qid_5268/option_D.wav,345644,122924,119084,195884,130604,7.2,2.56,2.48,4.08,2.72,1.282482385635376,0.6855306625366211,0.6797430515289307,0.8285160064697266,0.6818358898162842,28.079167,3,0.6614177227020264,False,False,True,0,Heart cells have fibers that slide up and down and cause contractions. Which types of specialized cells can contract?,Option a. White blood cells.,"Option B, bone cells.",Option C. Muscle cells.,Option D. Nerve cells.,0.5565850734710693,0.23676490783691406,0.2381584644317627,0.21155953407287598,0.20698761940002441,1.4500555992126465,,,,,,,,,
20260530_140123_asr_live,2026-05-30 14:13:13,canary_1b_v2,nvidia/canary-1b-v2,nemo_asr,cuda:1,float16,selected,selected,1,best_mean_similarity_if_available_else_preferred_beam,False,99.18431162834167,2,Science and Nature,2,1,285833,5268,0,,0,,1,,2,,3,,/kaggle/working/asr_audio/20260530_140123_asr_live/canary_1b_v2/comp_2/attempt_002/session_285833_q01_qid_5268/question.wav,/kaggle/working/asr_audio/20260530_140123_asr_live/canary_1b_v2/comp_2/attempt_002/session_285833_q01_qid_5268/option_A.wav,/kaggle/working/asr_audio/20260530_140123_asr_live/canary_1b_v2/comp_2/attempt_002/session_285833_q01_qid_5268/option_B.wav,/kaggle/working/asr_audio/20260530_140123_asr_live/canary_1b_v2/comp_2/attempt_002/session_285833_q01_qid_5268/option_C.wav,/kaggle/working/asr_audio/20260530_140123_asr_live/canary_1b_v2/comp_2/attempt_002/session_285833_q01_qid_5268/option_D.wav,345644,122924,119084,195884,130604,7.2,2.56,2.48,4.08,2.72,1.282482385635376,0.6855306625366211,0.6797430515289307,0.8285160064697266,0.6818358898162842,28.079167,3,0.6614177227020264,False,False,True,0,Heart cells have fibers that slide up and down and cause contractions. Which types of specialized cells can contract?,Option a. White blood cells.,"Option B, bone cells.",Option C. Muscle cells.,Option D. Nerve cells.,0.5565850734710693,0.23676490783691406,0.2381584644317627,0.21155953407287598,0.20698761940002441,1.4500555992126465,,,,,,,,,
20260530_140123_asr_live,2026-05-30 14:13:19,canary_1b_v2,nvidia/canary-1b-v2,nemo_asr,cuda:1,float16,1,candidate,,,False,99.18431162834167,2,Science and Nature,3,1,285838,5478,0,,0,,1,,2,,3,,/kaggle/working/asr_audio/20260530_140123_asr_live/canary_1b_v2/comp_2/attempt_003/session_285838_q01_qid_5478/question.wav,/kaggle/working/asr_audio/20260530_140123_asr_live/canary_1b_v2/comp_2/attempt_003/session_285838_q01_qid_5478/option_A.wav,/kaggle/working/asr_audio/20260530_140123_asr_live/canary_1b_v2/comp_2/attempt_003/session_285838_q01_qid_5478/option_B.wav,/kaggle/working/asr_audio/20260530_140123_asr_live/canary_1b_v2/comp_2/attempt_003/session_285838_q01_qid_5478/option_C.wav,/kaggle/working/asr_audio/20260530_140123_asr_live/canary_1b_v2/comp_2/attempt_003/session_285838_q01_qid_5478/option_D.wav,257324,119084,238124,107564,138284,5.36,2.48,4.96,2.24,2.88,1.2755687236785889,0.682093620300293,0.8353021144866943,0.6796243190765381,0.8230772018432617,27.937439,3,0.6615257263183594,False,False,True,0,Which discovery revealed that the universe contains many structures composed of millions of stars?,Option a black holes.,Option B. No fuss?,Option C. Galaxies?,Option D. Solar systems.,0.49837160110473633,0.20015501976013184,0.20751166343688965,0.21419358253479004,0.21047043800354004,1.330702304840088,,,,,,,,,
20260530_140123_asr_live,2026-05-30 14:13:21,canary_1b_v2,nvidia/canary-1b-v2,nemo_asr,cuda:1,float16,selected,selected,1,best_mean_similarity_if_available_else_preferred_beam,False,99.18431162834167,2,Science and Nature,3,1,285838,5478,0,,0,,1,,2,,3,,/kaggle/working/asr_audio/20260530_140123_asr_live/canary_1b_v2/comp_2/attempt_003/session_285838_q01_qid_5478/question.wav,/kaggle/working/asr_audio/20260530_140123_asr_live/canary_1b_v2/comp_2/attempt_003/session_285838_q01_qid_5478/option_A.wav,/kaggle/working/asr_audio/20260530_140123_asr_live/canary_1b_v2/comp_2/attempt_003/session_285838_q01_qid_5478/option_B.wav,/kaggle/working/asr_audio/20260530_140123_asr_live/canary_1b_v2/comp_2/attempt_003/session_285838_q01_qid_5478/option_C.wav,/kaggle/working/asr_audio/20260530_140123_asr_live/canary_1b_v2/comp_2/attempt_003/session_285838_q01_qid_5478/option_D.wav,257324,119084,238124,107564,138284,5.36,2.48,4.96,2.24,2.88,1.2755687236785889,0.682093620300293,0.8353021144866943,0.6796243190765381,0.8230772018432617,27.937439,3,0.6615257263183594,False,False,True,0,Which discovery revealed that the universe contains many structures composed of millions of stars?,Option a black holes.,Option B. No fuss?,Option C. Galaxies?,Option D. Solar systems.,0.49837160110473633,0.20015501976013184,0.20751166343688965,0.21419358253479004,0.21047043800354004,1.330702304840088,,,,,,,,,
20260530_140123_asr_live,2026-05-30 14:13:28,canary_1b_v2,nvidia/canary-1b-v2,nemo_asr,cuda:1,float16,1,candidate,,,False,99.18431162834167,2,Science and Nature,4,1,285843,4301,0,,0,,1,,2,,3,,/kaggle/working/asr_audio/20260530_140123_asr_live/canary_1b_v2/comp_2/attempt_004/session_285843_q01_qid_4301/question.wav,/kaggle/working/asr_audio/20260530_140123_asr_live/canary_1b_v2/comp_2/attempt_004/session_285843_q01_qid_4301/option_A.wav,/kaggle/working/asr_audio/20260530_140123_asr_live/canary_1b_v2/comp_2/attempt_004/session_285843_q01_qid_4301/option_B.wav,/kaggle/working/asr_audio/20260530_140123_asr_live/canary_1b_v2/comp_2/attempt_004/session_285843_q01_qid_4301/option_C.wav,/kaggle/working/asr_audio/20260530_140123_asr_live/canary_1b_v2/comp_2/attempt_004/session_285843_q01_qid_4301/option_D.wav,1405484,253484,218924,184364,368684,29.28,5.28,4.56,3.84,7.68,1.588634967803955,0.6970517635345459,0.6749262809753418,0.6903746128082275,0.8299474716186523,27.931278,3,0.6612374782562256,False,False,True,0,"A group of students compared the effects of fertilizer on the growth of tomato plants. The students gave six tomato plants fertilizer one and six other tomato plants fertilizer two. They grew the plants under the same conditions. After several weeks, the students concluded that the tomato plants that received fertilizer one grew taller than those that received fertilizer two. Which of the following actions would have increased the accuracy of the results of this investigation?","Option A, using different growing conditions for a group of the plants.",Option B. Growing different types of plants with each fertilizer?,Option C. Growing a group of tomato plants without fertilizer.,Option D. Applying a combination of fertilizers to all the plants.,1.9062371253967285,0.31986498832702637,0.3417191505432129,0.33587026596069336,0.36136293411254883,3.26505446434021,,,,,,,,,
20260530_140123_asr_live,2026-05-30 14:13:31,canary_1b_v2,nvidia/canary-1b-v2,nemo_asr,cuda:1,float16,selected,selected,1,best_mean_similarity_if_available_else_preferred_beam,False,99.18431162834167,2,Science and Nature,4,1,285843,4301,0,,0,,1,,2,,3,,/kaggle/working/asr_audio/20260530_140123_asr_live/canary_1b_v2/comp_2/attempt_004/session_285843_q01_qid_4301/question.wav,/kaggle/working/asr_audio/20260530_140123_asr_live/canary_1b_v2/comp_2/attempt_004/session_285843_q01_qid_4301/option_A.wav,/kaggle/working/asr_audio/20260530_140123_asr_live/canary_1b_v2/comp_2/attempt_004/session_285843_q01_qid_4301/option_B.wav,/kaggle/working/asr_audio/20260530_140123_asr_live/canary_1b_v2/comp_2/attempt_004/session_285843_q01_qid_4301/option_C.wav,/kaggle/working/asr_audio/20260530_140123_asr_live/canary_1b_v2/comp_2/attempt_004/session_285843_q01_qid_4301/option_D.wav,1405484,253484,218924,184364,368684,29.28,5.28,4.56,3.84,7.68,1.588634967803955,0.6970517635345459,0.6749262809753418,0.6903746128082275,0.8299474716186523,27.931278,3,0.6612374782562256,False,False,True,0,"A group of students compared the effects of fertilizer on the growth of tomato plants. The students gave six tomato plants fertilizer one and six other tomato plants fertilizer two. They grew the plants under the same conditions. After several weeks, the students concluded that the tomato plants that received fertilizer one grew taller than those that received fertilizer two. Which of the following actions would have increased the accuracy of the results of this investigation?","Option A, using different growing conditions for a group of the plants.",Option B. Growing different types of plants with each fertilizer?,Option C. Growing a group of tomato plants without fertilizer.,Option D. Applying a combination of fertilizers to all the plants.,1.9062371253967285,0.31986498832702637,0.3417191505432129,0.33587026596069336,0.36136293411254883,3.26505446434021,,,,,,,,,
20260530_140123_asr_live,2026-05-30 14:13:38,canary_1b_v2,nvidia/canary-1b-v2,nemo_asr,cuda:1,float16,1,candidate,,,False,99.18431162834167,2,Science and Nature,5,1,285849,5281,0,,0,,1,,2,,3,,/kaggle/working/asr_audio/20260530_140123_asr_live/canary_1b_v2/comp_2/attempt_005/session_285849_q01_qid_5281/question.wav,/kaggle/working/asr_audio/20260530_140123_asr_live/canary_1b_v2/comp_2/attempt_005/session_285849_q01_qid_5281/option_A.wav,/kaggle/working/asr_audio/20260530_140123_asr_live/canary_1b_v2/comp_2/attempt_005/session_285849_q01_qid_5281/option_B.wav,/kaggle/working/asr_audio/20260530_140123_asr_live/canary_1b_v2/comp_2/attempt_005/session_285849_q01_qid_5281/option_C.wav,/kaggle/working/asr_audio/20260530_140123_asr_live/canary_1b_v2/comp_2/attempt_005/session_285849_q01_qid_5281/option_D.wav,503084,134444,180524,149804,579884,10.48,2.8,3.76,3.12,12.08,1.4286909103393555,0.684382438659668,0.8265261650085449,0.6836731433868408,0.9803192615509033,27.780003,3,0.6615948677062988,False,False,True,0,Some dairy farmers want their cows to produce greater amounts of milk than average cows. Which process will help dairy farmers develop cows with this trait?,Option a. Ecological succession.,Option B. Selective breeding.,Option c. Behavioral modification.,Option D. Geographical isolation.,0.735584020614624,0.22484588623046875,0.2484896183013916,0.2508237361907959,0.29878854751586914,1.7585318088531494,,,,,,,,,
20260530_140123_asr_live,2026-05-30 14:13:40,canary_1b_v2,nvidia/canary-1b-v2,nemo_asr,cuda:1,float16,selected,selected,1,best_mean_similarity_if_available_else_preferred_beam,False,99.18431162834167,2,Science and Nature,5,1,285849,5281,0,,0,,1,,2,,3,,/kaggle/working/asr_audio/20260530_140123_asr_live/canary_1b_v2/comp_2/attempt_005/session_285849_q01_qid_5281/question.wav,/kaggle/working/asr_audio/20260530_140123_asr_live/canary_1b_v2/comp_2/attempt_005/session_285849_q01_qid_5281/option_A.wav,/kaggle/working/asr_audio/20260530_140123_asr_live/canary_1b_v2/comp_2/attempt_005/session_285849_q01_qid_5281/option_B.wav,/kaggle/working/asr_audio/20260530_140123_asr_live/canary_1b_v2/comp_2/attempt_005/session_285849_q01_qid_5281/option_C.wav,/kaggle/working/asr_audio/20260530_140123_asr_live/canary_1b_v2/comp_2/attempt_005/session_285849_q01_qid_5281/option_D.wav,503084,134444,180524,149804,579884,10.48,2.8,3.76,3.12,12.08,1.4286909103393555,0.684382438659668,0.8265261650085449,0.6836731433868408,0.9803192615509033,27.780003,3,0.6615948677062988,False,False,True,0,Some dairy farmers want their cows to produce greater amounts of milk than average cows. Which process will help dairy farmers develop cows with this trait?,Option a. Ecological succession.,Option B. Selective breeding.,Option c. Behavioral modification.,Option D. Geographical isolation.,0.735584020614624,0.22484588623046875,0.2484896183013916,0.2508237361907959,0.29878854751586914,1.7585318088531494,,,,,,,,,
20260530_140123_asr_live,2026-05-30 14:13:46,canary_1b_v2,nvidia/canary-1b-v2,nemo_asr,cuda:1,float16,1,candidate,,,False,99.18431162834167,3,Maths,1,1,285854,6727,0,,0,,1,,2,,3,,/kaggle/working/asr_audio/20260530_140123_asr_live/canary_1b_v2/comp_3/attempt_001/session_285854_q01_qid_6727/question.wav,/kaggle/working/asr_audio/20260530_140123_asr_live/canary_1b_v2/comp_3/attempt_001/session_285854_q01_qid_6727/option_A.wav,/kaggle/working/asr_audio/20260530_140123_asr_live/canary_1b_v2/comp_3/attempt_001/session_285854_q01_qid_6727/option_B.wav,/kaggle/working/asr_audio/20260530_140123_asr_live/canary_1b_v2/comp_3/attempt_001/session_285854_q01_qid_6727/option_C.wav,/kaggle/working/asr_audio/20260530_140123_asr_live/canary_1b_v2/comp_3/attempt_001/session_285854_q01_qid_6727/option_D.wav,322604,80684,88364,84524,111404,6.72,1.68,1.84,1.76,2.32,1.2868516445159912,0.6783246994018555,0.8204848766326904,0.6781492233276367,0.8225512504577637,27.937711,3,0.6615715026855469,False,False,True,0,Find the degree for the given field extension Q in squared SOP NUST the squared two over Q.,Option A. Two.,Hopsin B. four.,Option C. Zero.,"Tops and D, six.",0.5222790241241455,0.18149065971374512,0.18658065795898438,0.1813521385192871,0.19394612312316895,1.265648603439331,,,,,,,,,
20260530_140123_asr_live,2026-05-30 14:13:47,canary_1b_v2,nvidia/canary-1b-v2,nemo_asr,cuda:1,float16,selected,selected,1,best_mean_similarity_if_available_else_preferred_beam,False,99.18431162834167,3,Maths,1,1,285854,6727,0,,0,,1,,2,,3,,/kaggle/working/asr_audio/20260530_140123_asr_live/canary_1b_v2/comp_3/attempt_001/session_285854_q01_qid_6727/question.wav,/kaggle/working/asr_audio/20260530_140123_asr_live/canary_1b_v2/comp_3/attempt_001/session_285854_q01_qid_6727/option_A.wav,/kaggle/working/asr_audio/20260530_140123_asr_live/canary_1b_v2/comp_3/attempt_001/session_285854_q01_qid_6727/option_B.wav,/kaggle/working/asr_audio/20260530_140123_asr_live/canary_1b_v2/comp_3/attempt_001/session_285854_q01_qid_6727/option_C.wav,/kaggle/working/asr_audio/20260530_140123_asr_live/canary_1b_v2/comp_3/attempt_001/session_285854_q01_qid_6727/option_D.wav,322604,80684,88364,84524,111404,6.72,1.68,1.84,1.76,2.32,1.2868516445159912,0.6783246994018555,0.8204848766326904,0.6781492233276367,0.8225512504577637,27.937711,3,0.6615715026855469,False,False,True,0,Find the degree for the given field extension Q in squared SOP NUST the squared two over Q.,Option A. Two.,Hopsin B. four.,Option C. Zero.,"Tops and D, six.",0.5222790241241455,0.18149065971374512,0.18658065795898438,0.1813521385192871,0.19394612312316895,1.265648603439331,,,,,,,,,
20260530_140123_asr_live,2026-05-30 14:13:54,canary_1b_v2,nvidia/canary-1b-v2,nemo_asr,cuda:1,float16,1,candidate,,,False,99.18431162834167,3,Maths,2,1,285856,6918,0,,0,,1,,2,,3,,/kaggle/working/asr_audio/20260530_140123_asr_live/canary_1b_v2/comp_3/attempt_002/session_285856_q01_qid_6918/question.wav,/kaggle/working/asr_audio/20260530_140123_asr_live/canary_1b_v2/comp_3/attempt_002/session_285856_q01_qid_6918/option_A.wav,/kaggle/working/asr_audio/20260530_140123_asr_live/canary_1b_v2/comp_3/attempt_002/session_285856_q01_qid_6918/option_B.wav,/kaggle/working/asr_audio/20260530_140123_asr_live/canary_1b_v2/comp_3/attempt_002/session_285856_q01_qid_6918/option_C.wav,/kaggle/working/asr_audio/20260530_140123_asr_live/canary_1b_v2/comp_3/attempt_002/session_285856_q01_qid_6918/option_D.wav,737324,215084,207404,142124,134444,15.36,4.48,4.32,2.96,2.8,1.4375827312469482,0.6933708190917969,0.6775672435760498,0.6836588382720947,0.6871752738952637,59.417662,3,0.6675601005554199,True,False,False,100,A school committee member is lobbying for an increase in the gasoline tax to support the county school system. The local newspaper conducted a survey of county residents to assess their support for such an increase. What is the population of interest here?,Option A. All county residents with children in the county school system.,Option B. All county residents with school age children.,Option C. All school-age children.,Option D. All county residents.,1.0178534984588623,0.32453179359436035,0.2756490707397461,0.2218165397644043,0.24161624908447266,2.0814671516418457,,,,,,,,,
20260530_140123_asr_live,2026-05-30 14:13:56,canary_1b_v2,nvidia/canary-1b-v2,nemo_asr,cuda:1,float16,selected,selected,1,best_mean_similarity_if_available_else_preferred_beam,False,99.18431162834167,3,Maths,2,1,285856,6918,0,,0,,1,,2,,3,,/kaggle/working/asr_audio/20260530_140123_asr_live/canary_1b_v2/comp_3/attempt_002/session_285856_q01_qid_6918/question.wav,/kaggle/working/asr_audio/20260530_140123_asr_live/canary_1b_v2/comp_3/attempt_002/session_285856_q01_qid_6918/option_A.wav,/kaggle/working/asr_audio/20260530_140123_asr_live/canary_1b_v2/comp_3/attempt_002/session_285856_q01_qid_6918/option_B.wav,/kaggle/working/asr_audio/20260530_140123_asr_live/canary_1b_v2/comp_3/attempt_002/session_285856_q01_qid_6918/option_C.wav,/kaggle/working/asr_audio/20260530_140123_asr_live/canary_1b_v2/comp_3/attempt_002/session_285856_q01_qid_6918/option_D.wav,737324,215084,207404,142124,134444,15.36,4.48,4.32,2.96,2.8,1.4375827312469482,0.6933708190917969,0.6775672435760498,0.6836588382720947,0.6871752738952637,59.417662,3,0.6675601005554199,True,False,False,100,A school committee member is lobbying for an increase in the gasoline tax to support the county school system. The local newspaper conducted a survey of county residents to assess their support for such an increase. What is the population of interest here?,Option A. All county residents with children in the county school system.,Option B. All county residents with school age children.,Option C. All school-age children.,Option D. All county residents.,1.0178534984588623,0.32453179359436035,0.2756490707397461,0.2218165397644043,0.24161624908447266,2.0814671516418457,,,,,,,,,
20260530_140123_asr_live,2026-05-30 14:14:02,canary_1b_v2,nvidia/canary-1b-v2,nemo_asr,cuda:1,float16,1,candidate,,,False,99.18431162834167,3,Maths,2,2,285856,6763,0,,0,,1,,2,,3,,/kaggle/working/asr_audio/20260530_140123_asr_live/canary_1b_v2/comp_3/attempt_002/session_285856_q02_qid_6763/question.wav,/kaggle/working/asr_audio/20260530_140123_asr_live/canary_1b_v2/comp_3/attempt_002/session_285856_q02_qid_6763/option_A.wav,/kaggle/working/asr_audio/20260530_140123_asr_live/canary_1b_v2/comp_3/attempt_002/session_285856_q02_qid_6763/option_B.wav,/kaggle/working/asr_audio/20260530_140123_asr_live/canary_1b_v2/comp_3/attempt_002/session_285856_q02_qid_6763/option_C.wav,/kaggle/working/asr_audio/20260530_140123_asr_live/canary_1b_v2/comp_3/attempt_002/session_285856_q02_qid_6763/option_D.wav,399404,103724,115244,96044,115244,8.32,2.16,2.4,2.0,2.4,1.2838492393493652,0.6808054447174072,0.8196282386779785,0.6770031452178955,0.8222038745880127,27.939903,3,0.6607518196105957,False,False,True,100,"A group G in which a bay to B two for all A, B and G is necessarily a group.",Option A. Fine eat.,Option B. Cyclic!,Option C. A billion.,Option D of Order two.,0.48701000213623047,0.20194387435913086,0.20446276664733887,0.19259929656982422,0.19953060150146484,1.2855465412139893,,,,,,,,,
20260530_140123_asr_live,2026-05-30 14:14:03,canary_1b_v2,nvidia/canary-1b-v2,nemo_asr,cuda:1,float16,selected,selected,1,best_mean_similarity_if_available_else_preferred_beam,False,99.18431162834167,3,Maths,2,2,285856,6763,0,,0,,1,,2,,3,,/kaggle/working/asr_audio/20260530_140123_asr_live/canary_1b_v2/comp_3/attempt_002/session_285856_q02_qid_6763/question.wav,/kaggle/working/asr_audio/20260530_140123_asr_live/canary_1b_v2/comp_3/attempt_002/session_285856_q02_qid_6763/option_A.wav,/kaggle/working/asr_audio/20260530_140123_asr_live/canary_1b_v2/comp_3/attempt_002/session_285856_q02_qid_6763/option_B.wav,/kaggle/working/asr_audio/20260530_140123_asr_live/canary_1b_v2/comp_3/attempt_002/session_285856_q02_qid_6763/option_C.wav,/kaggle/working/asr_audio/20260530_140123_asr_live/canary_1b_v2/comp_3/attempt_002/session_285856_q02_qid_6763/option_D.wav,399404,103724,115244,96044,115244,8.32,2.16,2.4,2.0,2.4,1.2838492393493652,0.6808054447174072,0.8196282386779785,0.6770031452178955,0.8222038745880127,27.939903,3,0.6607518196105957,False,False,True,100,"A group G in which a bay to B two for all A, B and G is necessarily a group.",Option A. Fine eat.,Option B. Cyclic!,Option C. A billion.,Option D of Order two.,0.48701000213623047,0.20194387435913086,0.20446276664733887,0.19259929656982422,0.19953060150146484,1.2855465412139893,,,,,,,,,
20260530_140123_asr_live,2026-05-30 14:14:10,canary_1b_v2,nvidia/canary-1b-v2,nemo_asr,cuda:1,float16,1,candidate,,,False,99.18431162834167,3,Maths,3,1,285861,7018,0,,0,,1,,2,,3,,/kaggle/working/asr_audio/20260530_140123_asr_live/canary_1b_v2/comp_3/attempt_003/session_285861_q01_qid_7018/question.wav,/kaggle/working/asr_audio/20260530_140123_asr_live/canary_1b_v2/comp_3/attempt_003/session_285861_q01_qid_7018/option_A.wav,/kaggle/working/asr_audio/20260530_140123_asr_live/canary_1b_v2/comp_3/attempt_003/session_285861_q01_qid_7018/option_B.wav,/kaggle/working/asr_audio/20260530_140123_asr_live/canary_1b_v2/comp_3/attempt_003/session_285861_q01_qid_7018/option_C.wav,/kaggle/working/asr_audio/20260530_140123_asr_live/canary_1b_v2/comp_3/attempt_003/session_285861_q01_qid_7018/option_D.wav,714284,245804,76844,245804,207404,14.88,5.12,1.6,5.12,4.32,1.4360897541046143,0.6982593536376953,0.6726632118225098,0.8413348197937012,0.8219344615936279,27.939003,3,0.6613671779632568,False,False,True,0,"Let f of x be thought a bloody dollar the trum. The equation dirg yf at f of x is graphed, and the x and y intercepts of the graph are connected to form a polygon. What is the area of that polygon?","Option A, twenty five?",Hopsin B. Five.,Option C. Two.,"Option D. The square root of 246,5 at mine",0.8955302238464355,0.19243288040161133,0.20653939247131348,0.18094754219055176,0.3100714683532715,1.7855215072631836,,,,,,,,,
20260530_140123_asr_live,2026-05-30 14:14:12,canary_1b_v2,nvidia/canary-1b-v2,nemo_asr,cuda:1,float16,selected,selected,1,best_mean_similarity_if_available_else_preferred_beam,False,99.18431162834167,3,Maths,3,1,285861,7018,0,,0,,1,,2,,3,,/kaggle/working/asr_audio/20260530_140123_asr_live/canary_1b_v2/comp_3/attempt_003/session_285861_q01_qid_7018/question.wav,/kaggle/working/asr_audio/20260530_140123_asr_live/canary_1b_v2/comp_3/attempt_003/session_285861_q01_qid_7018/option_A.wav,/kaggle/working/asr_audio/20260530_140123_asr_live/canary_1b_v2/comp_3/attempt_003/session_285861_q01_qid_7018/option_B.wav,/kaggle/working/asr_audio/20260530_140123_asr_live/canary_1b_v2/comp_3/attempt_003/session_285861_q01_qid_7018/option_C.wav,/kaggle/working/asr_audio/20260530_140123_asr_live/canary_1b_v2/comp_3/attempt_003/session_285861_q01_qid_7018/option_D.wav,714284,245804,76844,245804,207404,14.88,5.12,1.6,5.12,4.32,1.4360897541046143,0.6982593536376953,0.6726632118225098,0.8413348197937012,0.8219344615936279,27.939003,3,0.6613671779632568,False,False,True,0,"Let f of x be thought a bloody dollar the trum. The equation dirg yf at f of x is graphed, and the x and y intercepts of the graph are connected to form a polygon. What is the area of that polygon?","Option A, twenty five?",Hopsin B. Five.,Option C. Two.,"Option D. The square root of 246,5 at mine",0.8955302238464355,0.19243288040161133,0.20653939247131348,0.18094754219055176,0.3100714683532715,1.7855215072631836,,,,,,,,,
20260530_140123_asr_live,2026-05-30 14:14:19,canary_1b_v2,nvidia/canary-1b-v2,nemo_asr,cuda:1,float16,1,candidate,,,False,99.18431162834167,3,Maths,4,1,285864,6654,0,,0,,1,,2,,3,,/kaggle/working/asr_audio/20260530_140123_asr_live/canary_1b_v2/comp_3/attempt_004/session_285864_q01_qid_6654/question.wav,/kaggle/working/asr_audio/20260530_140123_asr_live/canary_1b_v2/comp_3/attempt_004/session_285864_q01_qid_6654/option_A.wav,/kaggle/working/asr_audio/20260530_140123_asr_live/canary_1b_v2/comp_3/attempt_004/session_285864_q01_qid_6654/option_B.wav,/kaggle/working/asr_audio/20260530_140123_asr_live/canary_1b_v2/comp_3/attempt_004/session_285864_q01_qid_6654/option_C.wav,/kaggle/working/asr_audio/20260530_140123_asr_live/canary_1b_v2/comp_3/attempt_004/session_285864_q01_qid_6654/option_D.wav,1017644,272684,614444,188204,234284,21.2,5.68,12.8,3.92,4.88,1.5773773193359375,0.6989586353302002,0.8285183906555176,0.6894798278808594,0.8199329376220703,27.9409,3,0.6616048812866211,False,False,True,0,"To study the effect of alcohol on reaction time, subjects were randomly selected and given three beers to consume. Their reaction time to a simple stimulus was measured before and after drinking the alcohol. Which of the following is a correct statement?",Option A This study was an experiment in which the subjects were used as their own controls.,Option B. Brag good god. The placebo effect is irrelevant in this type of study.,Option C. This study was an observational study.,Option D. Lack of blocking makes this a poorly designed study.,1.192765712738037,0.3592233657836914,0.4497196674346924,0.2778632640838623,0.3524963855743408,2.632068395614624,,,,,,,,,
20260530_140123_asr_live,2026-05-30 14:14:22,canary_1b_v2,nvidia/canary-1b-v2,nemo_asr,cuda:1,float16,selected,selected,1,best_mean_similarity_if_available_else_preferred_beam,False,99.18431162834167,3,Maths,4,1,285864,6654,0,,0,,1,,2,,3,,/kaggle/working/asr_audio/20260530_140123_asr_live/canary_1b_v2/comp_3/attempt_004/session_285864_q01_qid_6654/question.wav,/kaggle/working/asr_audio/20260530_140123_asr_live/canary_1b_v2/comp_3/attempt_004/session_285864_q01_qid_6654/option_A.wav,/kaggle/working/asr_audio/20260530_140123_asr_live/canary_1b_v2/comp_3/attempt_004/session_285864_q01_qid_6654/option_B.wav,/kaggle/working/asr_audio/20260530_140123_asr_live/canary_1b_v2/comp_3/attempt_004/session_285864_q01_qid_6654/option_C.wav,/kaggle/working/asr_audio/20260530_140123_asr_live/canary_1b_v2/comp_3/attempt_004/session_285864_q01_qid_6654/option_D.wav,1017644,272684,614444,188204,234284,21.2,5.68,12.8,3.92,4.88,1.5773773193359375,0.6989586353302002,0.8285183906555176,0.6894798278808594,0.8199329376220703,27.9409,3,0.6616048812866211,False,False,True,0,"To study the effect of alcohol on reaction time, subjects were randomly selected and given three beers to consume. Their reaction time to a simple stimulus was measured before and after drinking the alcohol. Which of the following is a correct statement?",Option A This study was an experiment in which the subjects were used as their own controls.,Option B. Brag good god. The placebo effect is irrelevant in this type of study.,Option C. This study was an observational study.,Option D. Lack of blocking makes this a poorly designed study.,1.192765712738037,0.3592233657836914,0.4497196674346924,0.2778632640838623,0.3524963855743408,2.632068395614624,,,,,,,,,
20260530_140123_asr_live,2026-05-30 14:14:29,canary_1b_v2,nvidia/canary-1b-v2,nemo_asr,cuda:1,float16,1,candidate,,,False,99.18431162834167,3,Maths,5,1,285869,6992,0,,0,,1,,2,,3,,/kaggle/working/asr_audio/20260530_140123_asr_live/canary_1b_v2/comp_3/attempt_005/session_285869_q01_qid_6992/question.wav,/kaggle/working/asr_audio/20260530_140123_asr_live/canary_1b_v2/comp_3/attempt_005/session_285869_q01_qid_6992/option_A.wav,/kaggle/working/asr_audio/20260530_140123_asr_live/canary_1b_v2/comp_3/attempt_005/session_285869_q01_qid_6992/option_B.wav,/kaggle/working/asr_audio/20260530_140123_asr_live/canary_1b_v2/comp_3/attempt_005/session_285869_q01_qid_6992/option_C.wav,/kaggle/working/asr_audio/20260530_140123_asr_live/canary_1b_v2/comp_3/attempt_005/session_285869_q01_qid_6992/option_D.wav,1332524,115244,372524,165164,157484,27.76,2.4,7.76,3.44,3.28,1.6457626819610596,0.682891845703125,0.8219194412231445,0.6912224292755127,0.6903359889984131,28.071939,3,0.6616029739379883,False,False,True,0,"Which of the following statements is true I In order to use a Ukrite two procedure, the expected value for each cell of a one or two way table must be at least five point two I In order to use Ukrite two procedures, you must have at least two degrees of freedom three. In a four Tambods two Sue Xedo, the number of degrees of freedom is three.",Option A. I only...,Ops and B. Only.,"Option C, I and three I only.",Tops and D. I and a I only.,1.5001373291015625,0.2042369842529297,0.20668888092041016,0.22286486625671387,0.24021291732788086,2.374140977859497,,,,,,,,,
20260530_140123_asr_live,2026-05-30 14:14:31,canary_1b_v2,nvidia/canary-1b-v2,nemo_asr,cuda:1,float16,selected,selected,1,best_mean_similarity_if_available_else_preferred_beam,False,99.18431162834167,3,Maths,5,1,285869,6992,0,,0,,1,,2,,3,,/kaggle/working/asr_audio/20260530_140123_asr_live/canary_1b_v2/comp_3/attempt_005/session_285869_q01_qid_6992/question.wav,/kaggle/working/asr_audio/20260530_140123_asr_live/canary_1b_v2/comp_3/attempt_005/session_285869_q01_qid_6992/option_A.wav,/kaggle/working/asr_audio/20260530_140123_asr_live/canary_1b_v2/comp_3/attempt_005/session_285869_q01_qid_6992/option_B.wav,/kaggle/working/asr_audio/20260530_140123_asr_live/canary_1b_v2/comp_3/attempt_005/session_285869_q01_qid_6992/option_C.wav,/kaggle/working/asr_audio/20260530_140123_asr_live/canary_1b_v2/comp_3/attempt_005/session_285869_q01_qid_6992/option_D.wav,1332524,115244,372524,165164,157484,27.76,2.4,7.76,3.44,3.28,1.6457626819610596,0.682891845703125,0.8219194412231445,0.6912224292755127,0.6903359889984131,28.071939,3,0.6616029739379883,False,False,True,0,"Which of the following statements is true I In order to use a Ukrite two procedure, the expected value for each cell of a one or two way table must be at least five point two I In order to use Ukrite two procedures, you must have at least two degrees of freedom three. In a four Tambods two Sue Xedo, the number of degrees of freedom is three.",Option A. I only...,Ops and B. Only.,"Option C, I and three I only.",Tops and D. I and a I only.,1.5001373291015625,0.2042369842529297,0.20668888092041016,0.22286486625671387,0.24021291732788086,2.374140977859497,,,,,,,,,
20260530_140123_asr_live,2026-05-30 14:14:37,canary_1b_v2,nvidia/canary-1b-v2,nemo_asr,cuda:1,float16,1,candidate,,,False,99.18431162834167,4,Philosophy and Psychology,1,1,285871,9179,0,,0,,1,,2,,3,,/kaggle/working/asr_audio/20260530_140123_asr_live/canary_1b_v2/comp_4/attempt_001/session_285871_q01_qid_9179/question.wav,/kaggle/working/asr_audio/20260530_140123_asr_live/canary_1b_v2/comp_4/attempt_001/session_285871_q01_qid_9179/option_A.wav,/kaggle/working/asr_audio/20260530_140123_asr_live/canary_1b_v2/comp_4/attempt_001/session_285871_q01_qid_9179/option_B.wav,/kaggle/working/asr_audio/20260530_140123_asr_live/canary_1b_v2/comp_4/attempt_001/session_285871_q01_qid_9179/option_C.wav,/kaggle/working/asr_audio/20260530_140123_asr_live/canary_1b_v2/comp_4/attempt_001/session_285871_q01_qid_9179/option_D.wav,149804,207404,226604,322604,241964,3.12,4.32,4.72,6.72,5.04,1.1234500408172607,0.8339788913726807,0.8313753604888916,0.8358728885650635,0.7039084434509277,59.416474,3,0.6718156337738037,True,False,False,100,Which of the following best describes a neurotransmitter?,Option a. A type of hormone that regulates metabolism.,Option B. A type of enzyme that breaks down proteins.,"Option C. Uh, a type of brain cell that processes thoughts.","Toption D, a signaling molecule that affects another cell across a synapse.",0.3243851661682129,0.3029170036315918,0.29859089851379395,0.32902050018310547,0.39226675033569336,1.6471803188323975,,,,,,,,,
20260530_140123_asr_live,2026-05-30 14:14:39,canary_1b_v2,nvidia/canary-1b-v2,nemo_asr,cuda:1,float16,selected,selected,1,best_mean_similarity_if_available_else_preferred_beam,False,99.18431162834167,4,Philosophy and Psychology,1,1,285871,9179,0,,0,,1,,2,,3,,/kaggle/working/asr_audio/20260530_140123_asr_live/canary_1b_v2/comp_4/attempt_001/session_285871_q01_qid_9179/question.wav,/kaggle/working/asr_audio/20260530_140123_asr_live/canary_1b_v2/comp_4/attempt_001/session_285871_q01_qid_9179/option_A.wav,/kaggle/working/asr_audio/20260530_140123_asr_live/canary_1b_v2/comp_4/attempt_001/session_285871_q01_qid_9179/option_B.wav,/kaggle/working/asr_audio/20260530_140123_asr_live/canary_1b_v2/comp_4/attempt_001/session_285871_q01_qid_9179/option_C.wav,/kaggle/working/asr_audio/20260530_140123_asr_live/canary_1b_v2/comp_4/attempt_001/session_285871_q01_qid_9179/option_D.wav,149804,207404,226604,322604,241964,3.12,4.32,4.72,6.72,5.04,1.1234500408172607,0.8339788913726807,0.8313753604888916,0.8358728885650635,0.7039084434509277,59.416474,3,0.6718156337738037,True,False,False,100,Which of the following best describes a neurotransmitter?,Option a. A type of hormone that regulates metabolism.,Option B. A type of enzyme that breaks down proteins.,"Option C. Uh, a type of brain cell that processes thoughts.","Toption D, a signaling molecule that affects another cell across a synapse.",0.3243851661682129,0.3029170036315918,0.29859089851379395,0.32902050018310547,0.39226675033569336,1.6471803188323975,,,,,,,,,
20260530_140123_asr_live,2026-05-30 14:14:44,canary_1b_v2,nvidia/canary-1b-v2,nemo_asr,cuda:1,float16,1,candidate,,,False,99.18431162834167,4,Philosophy and Psychology,1,2,285871,10258,0,,0,,1,,2,,3,,/kaggle/working/asr_audio/20260530_140123_asr_live/canary_1b_v2/comp_4/attempt_001/session_285871_q02_qid_10258/question.wav,/kaggle/working/asr_audio/20260530_140123_asr_live/canary_1b_v2/comp_4/attempt_001/session_285871_q02_qid_10258/option_A.wav,/kaggle/working/asr_audio/20260530_140123_asr_live/canary_1b_v2/comp_4/attempt_001/session_285871_q02_qid_10258/option_B.wav,/kaggle/working/asr_audio/20260530_140123_asr_live/canary_1b_v2/comp_4/attempt_001/session_285871_q02_qid_10258/option_C.wav,/kaggle/working/asr_audio/20260530_140123_asr_live/canary_1b_v2/comp_4/attempt_001/session_285871_q02_qid_10258/option_D.wav,322604,119084,138284,122924,107564,6.72,2.48,2.88,2.56,2.24,1.280691385269165,0.6854052543640137,0.8223474025726318,0.6829051971435547,0.6806509494781494,28.080174,3,0.6618785858154297,False,False,True,100,What term refers to the philosophical study of ethical conduct and the fundamental principles of morality?,Option a Applied Ethics.,Option B. Descriptive ethics.,Option C. Normative ethics.,Option D. Meta ethics.,0.5155832767486572,0.21791291236877441,0.23950457572937012,0.2302258014678955,0.20696544647216797,1.4101920127868652,,,,,,,,,
20260530_140123_asr_live,2026-05-30 14:14:46,canary_1b_v2,nvidia/canary-1b-v2,nemo_asr,cuda:1,float16,selected,selected,1,best_mean_similarity_if_available_else_preferred_beam,False,99.18431162834167,4,Philosophy and Psychology,1,2,285871,10258,0,,0,,1,,2,,3,,/kaggle/working/asr_audio/20260530_140123_asr_live/canary_1b_v2/comp_4/attempt_001/session_285871_q02_qid_10258/question.wav,/kaggle/working/asr_audio/20260530_140123_asr_live/canary_1b_v2/comp_4/attempt_001/session_285871_q02_qid_10258/option_A.wav,/kaggle/working/asr_audio/20260530_140123_asr_live/canary_1b_v2/comp_4/attempt_001/session_285871_q02_qid_10258/option_B.wav,/kaggle/working/asr_audio/20260530_140123_asr_live/canary_1b_v2/comp_4/attempt_001/session_285871_q02_qid_10258/option_C.wav,/kaggle/working/asr_audio/20260530_140123_asr_live/canary_1b_v2/comp_4/attempt_001/session_285871_q02_qid_10258/option_D.wav,322604,119084,138284,122924,107564,6.72,2.48,2.88,2.56,2.24,1.280691385269165,0.6854052543640137,0.8223474025726318,0.6829051971435547,0.6806509494781494,28.080174,3,0.6618785858154297,False,False,True,100,What term refers to the philosophical study of ethical conduct and the fundamental principles of morality?,Option a Applied Ethics.,Option B. Descriptive ethics.,Option C. Normative ethics.,Option D. Meta ethics.,0.5155832767486572,0.21791291236877441,0.23950457572937012,0.2302258014678955,0.20696544647216797,1.4101920127868652,,,,,,,,,
20260530_140123_asr_live,2026-05-30 14:14:53,canary_1b_v2,nvidia/canary-1b-v2,nemo_asr,cuda:1,float16,1,candidate,,,False,99.18431162834167,4,Philosophy and Psychology,2,1,285881,9236,0,,0,,1,,2,,3,,/kaggle/working/asr_audio/20260530_140123_asr_live/canary_1b_v2/comp_4/attempt_002/session_285881_q01_qid_9236/question.wav,/kaggle/working/asr_audio/20260530_140123_asr_live/canary_1b_v2/comp_4/attempt_002/session_285881_q01_qid_9236/option_A.wav,/kaggle/working/asr_audio/20260530_140123_asr_live/canary_1b_v2/comp_4/attempt_002/session_285881_q01_qid_9236/option_B.wav,/kaggle/working/asr_audio/20260530_140123_asr_live/canary_1b_v2/comp_4/attempt_002/session_285881_q01_qid_9236/option_C.wav,/kaggle/working/asr_audio/20260530_140123_asr_live/canary_1b_v2/comp_4/attempt_002/session_285881_q01_qid_9236/option_D.wav,234284,272684,222764,195884,180524,4.88,5.68,4.64,4.08,3.76,1.2736036777496338,0.8387155532836914,0.8238685131072998,0.6901710033416748,0.6888201236724854,28.07229,3,0.6619086265563965,False,False,True,0,Which of the following best describes the purpose of proof theory within mathematical logic?,Option A. To analyze the deductive power and consistency of logical systems.,"Option B, to understand the computational limits of algorithms.",Option C. To study the expressive power of logical systems.,Option D to categorize the types of geometries.,0.438678503036499,0.36736226081848145,0.2974891662597656,0.29776954650878906,0.2711784839630127,1.6724779605865479,,,,,,,,,
20260530_140123_asr_live,2026-05-30 14:14:54,canary_1b_v2,nvidia/canary-1b-v2,nemo_asr,cuda:1,float16,selected,selected,1,best_mean_similarity_if_available_else_preferred_beam,False,99.18431162834167,4,Philosophy and Psychology,2,1,285881,9236,0,,0,,1,,2,,3,,/kaggle/working/asr_audio/20260530_140123_asr_live/canary_1b_v2/comp_4/attempt_002/session_285881_q01_qid_9236/question.wav,/kaggle/working/asr_audio/20260530_140123_asr_live/canary_1b_v2/comp_4/attempt_002/session_285881_q01_qid_9236/option_A.wav,/kaggle/working/asr_audio/20260530_140123_asr_live/canary_1b_v2/comp_4/attempt_002/session_285881_q01_qid_9236/option_B.wav,/kaggle/working/asr_audio/20260530_140123_asr_live/canary_1b_v2/comp_4/attempt_002/session_285881_q01_qid_9236/option_C.wav,/kaggle/working/asr_audio/20260530_140123_asr_live/canary_1b_v2/comp_4/attempt_002/session_285881_q01_qid_9236/option_D.wav,234284,272684,222764,195884,180524,4.88,5.68,4.64,4.08,3.76,1.2736036777496338,0.8387155532836914,0.8238685131072998,0.6901710033416748,0.6888201236724854,28.07229,3,0.6619086265563965,False,False,True,0,Which of the following best describes the purpose of proof theory within mathematical logic?,Option A. To analyze the deductive power and consistency of logical systems.,"Option B, to understand the computational limits of algorithms.",Option C. To study the expressive power of logical systems.,Option D to categorize the types of geometries.,0.438678503036499,0.36736226081848145,0.2974891662597656,0.29776954650878906,0.2711784839630127,1.6724779605865479,,,,,,,,,
20260530_140123_asr_live,2026-05-30 14:15:01,canary_1b_v2,nvidia/canary-1b-v2,nemo_asr,cuda:1,float16,1,candidate,,,False,99.18431162834167,4,Philosophy and Psychology,3,1,285884,9211,0,,0,,1,,2,,3,,/kaggle/working/asr_audio/20260530_140123_asr_live/canary_1b_v2/comp_4/attempt_003/session_285884_q01_qid_9211/question.wav,/kaggle/working/asr_audio/20260530_140123_asr_live/canary_1b_v2/comp_4/attempt_003/session_285884_q01_qid_9211/option_A.wav,/kaggle/working/asr_audio/20260530_140123_asr_live/canary_1b_v2/comp_4/attempt_003/session_285884_q01_qid_9211/option_B.wav,/kaggle/working/asr_audio/20260530_140123_asr_live/canary_1b_v2/comp_4/attempt_003/session_285884_q01_qid_9211/option_C.wav,/kaggle/working/asr_audio/20260530_140123_asr_live/canary_1b_v2/comp_4/attempt_003/session_285884_q01_qid_9211/option_D.wav,184364,276524,222764,203564,249644,3.84,5.76,4.64,4.24,5.2,1.128901720046997,0.8423862457275391,0.8250162601470947,0.6914398670196533,0.8264288902282715,27.933645,3,0.6619348526000977,False,False,True,0,Which of the following best describes the concept of pacifism?,"Option A, a movement advocating for the expansion of nuclear arsenals.",Option B. A belief in the use of violence to resolve conflicts.,Option C. An opposition to war and violence.,"Option D, a philosophy that supports the use of military force and self defense.",0.331378698348999,0.38769102096557617,0.3590545654296875,0.25800037384033203,0.39684343338012695,1.7329680919647217,,,,,,,,,
20260530_140123_asr_live,2026-05-30 14:15:03,canary_1b_v2,nvidia/canary-1b-v2,nemo_asr,cuda:1,float16,selected,selected,1,best_mean_similarity_if_available_else_preferred_beam,False,99.18431162834167,4,Philosophy and Psychology,3,1,285884,9211,0,,0,,1,,2,,3,,/kaggle/working/asr_audio/20260530_140123_asr_live/canary_1b_v2/comp_4/attempt_003/session_285884_q01_qid_9211/question.wav,/kaggle/working/asr_audio/20260530_140123_asr_live/canary_1b_v2/comp_4/attempt_003/session_285884_q01_qid_9211/option_A.wav,/kaggle/working/asr_audio/20260530_140123_asr_live/canary_1b_v2/comp_4/attempt_003/session_285884_q01_qid_9211/option_B.wav,/kaggle/working/asr_audio/20260530_140123_asr_live/canary_1b_v2/comp_4/attempt_003/session_285884_q01_qid_9211/option_C.wav,/kaggle/working/asr_audio/20260530_140123_asr_live/canary_1b_v2/comp_4/attempt_003/session_285884_q01_qid_9211/option_D.wav,184364,276524,222764,203564,249644,3.84,5.76,4.64,4.24,5.2,1.128901720046997,0.8423862457275391,0.8250162601470947,0.6914398670196533,0.8264288902282715,27.933645,3,0.6619348526000977,False,False,True,0,Which of the following best describes the concept of pacifism?,"Option A, a movement advocating for the expansion of nuclear arsenals.",Option B. A belief in the use of violence to resolve conflicts.,Option C. An opposition to war and violence.,"Option D, a philosophy that supports the use of military force and self defense.",0.331378698348999,0.38769102096557617,0.3590545654296875,0.25800037384033203,0.39684343338012695,1.7329680919647217,,,,,,,,,
20260530_140123_asr_live,2026-05-30 14:15:10,canary_1b_v2,nvidia/canary-1b-v2,nemo_asr,cuda:1,float16,1,candidate,,,False,99.18431162834167,4,Philosophy and Psychology,4,1,285889,8947,0,,0,,1,,2,,3,,/kaggle/working/asr_audio/20260530_140123_asr_live/canary_1b_v2/comp_4/attempt_004/session_285889_q01_qid_8947/question.wav,/kaggle/working/asr_audio/20260530_140123_asr_live/canary_1b_v2/comp_4/attempt_004/session_285889_q01_qid_8947/option_A.wav,/kaggle/working/asr_audio/20260530_140123_asr_live/canary_1b_v2/comp_4/attempt_004/session_285889_q01_qid_8947/option_B.wav,/kaggle/working/asr_audio/20260530_140123_asr_live/canary_1b_v2/comp_4/attempt_004/session_285889_q01_qid_8947/option_C.wav,/kaggle/working/asr_audio/20260530_140123_asr_live/canary_1b_v2/comp_4/attempt_004/session_285889_q01_qid_8947/option_D.wav,211244,226604,142124,203564,199724,4.4,4.72,2.96,4.24,4.16,1.1338105201721191,0.8346481323242188,0.6843395233154297,0.8278598785400391,0.8232481479644775,27.936009,3,0.6619150638580322,False,False,True,0,What does the term scholasticism primarily refer to?,Option A. A form of religious art.,Option B. A type of medieval literature.,Option C. A method of teaching and learning in medieval schools.,Toption D. A political movement in the Renaissance.,0.2963888645172119,0.23487448692321777,0.256976842880249,0.33301615715026855,0.28529882431030273,1.40655517578125,,,,,,,,,
20260530_140123_asr_live,2026-05-30 14:15:11,canary_1b_v2,nvidia/canary-1b-v2,nemo_asr,cuda:1,float16,selected,selected,1,best_mean_similarity_if_available_else_preferred_beam,False,99.18431162834167,4,Philosophy and Psychology,4,1,285889,8947,0,,0,,1,,2,,3,,/kaggle/working/asr_audio/20260530_140123_asr_live/canary_1b_v2/comp_4/attempt_004/session_285889_q01_qid_8947/question.wav,/kaggle/working/asr_audio/20260530_140123_asr_live/canary_1b_v2/comp_4/attempt_004/session_285889_q01_qid_8947/option_A.wav,/kaggle/working/asr_audio/20260530_140123_asr_live/canary_1b_v2/comp_4/attempt_004/session_285889_q01_qid_8947/option_B.wav,/kaggle/working/asr_audio/20260530_140123_asr_live/canary_1b_v2/comp_4/attempt_004/session_285889_q01_qid_8947/option_C.wav,/kaggle/working/asr_audio/20260530_140123_asr_live/canary_1b_v2/comp_4/attempt_004/session_285889_q01_qid_8947/option_D.wav,211244,226604,142124,203564,199724,4.4,4.72,2.96,4.24,4.16,1.1338105201721191,0.8346481323242188,0.6843395233154297,0.8278598785400391,0.8232481479644775,27.936009,3,0.6619150638580322,False,False,True,0,What does the term scholasticism primarily refer to?,Option A. A form of religious art.,Option B. A type of medieval literature.,Option C. A method of teaching and learning in medieval schools.,Toption D. A political movement in the Renaissance.,0.2963888645172119,0.23487448692321777,0.256976842880249,0.33301615715026855,0.28529882431030273,1.40655517578125,,,,,,,,,
20260530_140123_asr_live,2026-05-30 14:15:18,canary_1b_v2,nvidia/canary-1b-v2,nemo_asr,cuda:1,float16,1,candidate,,,False,99.18431162834167,4,Philosophy and Psychology,5,1,285892,8618,0,,0,,1,,2,,3,,/kaggle/working/asr_audio/20260530_140123_asr_live/canary_1b_v2/comp_4/attempt_005/session_285892_q01_qid_8618/question.wav,/kaggle/working/asr_audio/20260530_140123_asr_live/canary_1b_v2/comp_4/attempt_005/session_285892_q01_qid_8618/option_A.wav,/kaggle/working/asr_audio/20260530_140123_asr_live/canary_1b_v2/comp_4/attempt_005/session_285892_q01_qid_8618/option_B.wav,/kaggle/working/asr_audio/20260530_140123_asr_live/canary_1b_v2/comp_4/attempt_005/session_285892_q01_qid_8618/option_C.wav,/kaggle/working/asr_audio/20260530_140123_asr_live/canary_1b_v2/comp_4/attempt_005/session_285892_q01_qid_8618/option_D.wav,215084,157484,265004,230444,203564,4.48,3.28,5.52,4.8,4.24,1.1328814029693604,0.826033353805542,0.8362135887145996,0.8236515522003174,0.6915771961212158,28.067844,3,0.6627118587493896,False,False,True,0,"In Greek mythology, which of the following best describes the Achis?",Option A. A magical sword carried by Poseidon.,Option b. An animal skin or shield carried by Athena and Zeus.,Option c. A helmet worn by Hermes.,Tops and D A chariot driven by Apollo.,0.34520888328552246,0.29935669898986816,0.35601067543029785,0.24637889862060547,0.28418517112731934,1.5311403274536133,,,,,,,,,
20260530_140123_asr_live,2026-05-30 14:15:19,canary_1b_v2,nvidia/canary-1b-v2,nemo_asr,cuda:1,float16,selected,selected,1,best_mean_similarity_if_available_else_preferred_beam,False,99.18431162834167,4,Philosophy and Psychology,5,1,285892,8618,0,,0,,1,,2,,3,,/kaggle/working/asr_audio/20260530_140123_asr_live/canary_1b_v2/comp_4/attempt_005/session_285892_q01_qid_8618/question.wav,/kaggle/working/asr_audio/20260530_140123_asr_live/canary_1b_v2/comp_4/attempt_005/session_285892_q01_qid_8618/option_A.wav,/kaggle/working/asr_audio/20260530_140123_asr_live/canary_1b_v2/comp_4/attempt_005/session_285892_q01_qid_8618/option_B.wav,/kaggle/working/asr_audio/20260530_140123_asr_live/canary_1b_v2/comp_4/attempt_005/session_285892_q01_qid_8618/option_C.wav,/kaggle/working/asr_audio/20260530_140123_asr_live/canary_1b_v2/comp_4/attempt_005/session_285892_q01_qid_8618/option_D.wav,215084,157484,265004,230444,203564,4.48,3.28,5.52,4.8,4.24,1.1328814029693604,0.826033353805542,0.8362135887145996,0.8236515522003174,0.6915771961212158,28.067844,3,0.6627118587493896,False,False,True,0,"In Greek mythology, which of the following best describes the Achis?",Option A. A magical sword carried by Poseidon.,Option b. An animal skin or shield carried by Athena and Zeus.,Option c. A helmet worn by Hermes.,Tops and D A chariot driven by Apollo.,0.34520888328552246,0.29935669898986816,0.35601067543029785,0.24637889862060547,0.28418517112731934,1.5311403274536133,,,,,,,,,
20260530_140123_asr_live,2026-05-30 14:15:26,canary_1b_v2,nvidia/canary-1b-v2,nemo_asr,cuda:1,float16,1,candidate,,,False,99.18431162834167,5,News,1,1,285898,11725,0,,0,,1,,2,,3,,/kaggle/working/asr_audio/20260530_140123_asr_live/canary_1b_v2/comp_5/attempt_001/session_285898_q01_qid_11725/question.wav,/kaggle/working/asr_audio/20260530_140123_asr_live/canary_1b_v2/comp_5/attempt_001/session_285898_q01_qid_11725/option_A.wav,/kaggle/working/asr_audio/20260530_140123_asr_live/canary_1b_v2/comp_5/attempt_001/session_285898_q01_qid_11725/option_B.wav,/kaggle/working/asr_audio/20260530_140123_asr_live/canary_1b_v2/comp_5/attempt_001/session_285898_q01_qid_11725/option_C.wav,/kaggle/working/asr_audio/20260530_140123_asr_live/canary_1b_v2/comp_5/attempt_001/session_285898_q01_qid_11725/option_D.wav,522284,199724,199724,153644,199724,10.88,4.16,4.16,3.2,4.16,1.427588701248169,0.6916811466217041,0.69834303855896,0.6847176551818848,0.8248536586761475,27.935162,3,0.661548376083374,False,False,True,0,"What event occurred on 2026, Article 5.16, according to the article involving a drone strike?",Option A. A missile strike on a military base in Iraq.,Option B. An attack on a nuclear power plant in Abu Dhabi.,Option C. A terrorist attack in London.,Option D. An attack on a hospital in Gaza.,0.6106128692626953,0.32083749771118164,0.34677648544311523,0.23932647705078125,0.2711501121520996,1.788703441619873,,,,,,,,,
20260530_140123_asr_live,2026-05-30 14:15:28,canary_1b_v2,nvidia/canary-1b-v2,nemo_asr,cuda:1,float16,selected,selected,1,best_mean_similarity_if_available_else_preferred_beam,False,99.18431162834167,5,News,1,1,285898,11725,0,,0,,1,,2,,3,,/kaggle/working/asr_audio/20260530_140123_asr_live/canary_1b_v2/comp_5/attempt_001/session_285898_q01_qid_11725/question.wav,/kaggle/working/asr_audio/20260530_140123_asr_live/canary_1b_v2/comp_5/attempt_001/session_285898_q01_qid_11725/option_A.wav,/kaggle/working/asr_audio/20260530_140123_asr_live/canary_1b_v2/comp_5/attempt_001/session_285898_q01_qid_11725/option_B.wav,/kaggle/working/asr_audio/20260530_140123_asr_live/canary_1b_v2/comp_5/attempt_001/session_285898_q01_qid_11725/option_C.wav,/kaggle/working/asr_audio/20260530_140123_asr_live/canary_1b_v2/comp_5/attempt_001/session_285898_q01_qid_11725/option_D.wav,522284,199724,199724,153644,199724,10.88,4.16,4.16,3.2,4.16,1.427588701248169,0.6916811466217041,0.69834303855896,0.6847176551818848,0.8248536586761475,27.935162,3,0.661548376083374,False,False,True,0,"What event occurred on 2026, Article 5.16, according to the article involving a drone strike?",Option A. A missile strike on a military base in Iraq.,Option B. An attack on a nuclear power plant in Abu Dhabi.,Option C. A terrorist attack in London.,Option D. An attack on a hospital in Gaza.,0.6106128692626953,0.32083749771118164,0.34677648544311523,0.23932647705078125,0.2711501121520996,1.788703441619873,,,,,,,,,
20260530_140123_asr_live,2026-05-30 14:15:34,canary_1b_v2,nvidia/canary-1b-v2,nemo_asr,cuda:1,float16,1,candidate,,,False,99.18431162834167,5,News,2,1,285902,10604,0,,0,,1,,2,,3,,/kaggle/working/asr_audio/20260530_140123_asr_live/canary_1b_v2/comp_5/attempt_002/session_285902_q01_qid_10604/question.wav,/kaggle/working/asr_audio/20260530_140123_asr_live/canary_1b_v2/comp_5/attempt_002/session_285902_q01_qid_10604/option_A.wav,/kaggle/working/asr_audio/20260530_140123_asr_live/canary_1b_v2/comp_5/attempt_002/session_285902_q01_qid_10604/option_B.wav,/kaggle/working/asr_audio/20260530_140123_asr_live/canary_1b_v2/comp_5/attempt_002/session_285902_q01_qid_10604/option_C.wav,/kaggle/working/asr_audio/20260530_140123_asr_live/canary_1b_v2/comp_5/attempt_002/session_285902_q01_qid_10604/option_D.wav,380204,130604,115244,88364,96044,7.92,2.72,2.4,1.84,2.0,1.283423662185669,0.6859190464019775,0.6826303005218506,0.6784443855285645,0.8214716911315918,27.939836,3,0.6621615886688232,False,False,True,0,"According to the news article published on twenty twenty six oh five twelve, which company paid hackers to delete stolen student data?",Option A. Instructure.,Option B! Microsoft.,"Option C, Google.",Toption D? Amazon.,0.6006791591644287,0.19959425926208496,0.21792984008789062,0.1753230094909668,0.18617558479309082,1.379701852798462,,,,,,,,,
20260530_140123_asr_live,2026-05-30 14:15:36,canary_1b_v2,nvidia/canary-1b-v2,nemo_asr,cuda:1,float16,selected,selected,1,best_mean_similarity_if_available_else_preferred_beam,False,99.18431162834167,5,News,2,1,285902,10604,0,,0,,1,,2,,3,,/kaggle/working/asr_audio/20260530_140123_asr_live/canary_1b_v2/comp_5/attempt_002/session_285902_q01_qid_10604/question.wav,/kaggle/working/asr_audio/20260530_140123_asr_live/canary_1b_v2/comp_5/attempt_002/session_285902_q01_qid_10604/option_A.wav,/kaggle/working/asr_audio/20260530_140123_asr_live/canary_1b_v2/comp_5/attempt_002/session_285902_q01_qid_10604/option_B.wav,/kaggle/working/asr_audio/20260530_140123_asr_live/canary_1b_v2/comp_5/attempt_002/session_285902_q01_qid_10604/option_C.wav,/kaggle/working/asr_audio/20260530_140123_asr_live/canary_1b_v2/comp_5/attempt_002/session_285902_q01_qid_10604/option_D.wav,380204,130604,115244,88364,96044,7.92,2.72,2.4,1.84,2.0,1.283423662185669,0.6859190464019775,0.6826303005218506,0.6784443855285645,0.8214716911315918,27.939836,3,0.6621615886688232,False,False,True,0,"According to the news article published on twenty twenty six oh five twelve, which company paid hackers to delete stolen student data?",Option A. Instructure.,Option B! Microsoft.,"Option C, Google.",Toption D? Amazon.,0.6006791591644287,0.19959425926208496,0.21792984008789062,0.1753230094909668,0.18617558479309082,1.379701852798462,,,,,,,,,
20260530_140123_asr_live,2026-05-30 14:15:42,canary_1b_v2,nvidia/canary-1b-v2,nemo_asr,cuda:1,float16,1,candidate,,,False,99.18431162834167,5,News,3,1,285906,11089,0,,0,,1,,2,,3,,/kaggle/working/asr_audio/20260530_140123_asr_live/canary_1b_v2/comp_5/attempt_003/session_285906_q01_qid_11089/question.wav,/kaggle/working/asr_audio/20260530_140123_asr_live/canary_1b_v2/comp_5/attempt_003/session_285906_q01_qid_11089/option_A.wav,/kaggle/working/asr_audio/20260530_140123_asr_live/canary_1b_v2/comp_5/attempt_003/session_285906_q01_qid_11089/option_B.wav,/kaggle/working/asr_audio/20260530_140123_asr_live/canary_1b_v2/comp_5/attempt_003/session_285906_q01_qid_11089/option_C.wav,/kaggle/working/asr_audio/20260530_140123_asr_live/canary_1b_v2/comp_5/attempt_003/session_285906_q01_qid_11089/option_D.wav,583724,111404,107564,84524,119084,12.16,2.32,2.24,1.76,2.48,1.4320812225341797,0.6803874969482422,0.6788251399993896,0.6749420166015625,0.8246047496795654,27.936253,3,0.6613943576812744,False,False,True,0,What organization claimed responsibility for the Canvas ransomware attack as reported on 2026-05-16?,Option A. Shiny Hunters.,"Ops and B, Lazarus grouped.",Option C. Revel.,Tops and D. Dark side.,0.6132161617279053,0.2089228630065918,0.24122309684753418,0.18690037727355957,0.21150755882263184,1.4617700576782227,,,,,,,,,
20260530_140123_asr_live,2026-05-30 14:15:44,canary_1b_v2,nvidia/canary-1b-v2,nemo_asr,cuda:1,float16,selected,selected,1,best_mean_similarity_if_available_else_preferred_beam,False,99.18431162834167,5,News,3,1,285906,11089,0,,0,,1,,2,,3,,/kaggle/working/asr_audio/20260530_140123_asr_live/canary_1b_v2/comp_5/attempt_003/session_285906_q01_qid_11089/question.wav,/kaggle/working/asr_audio/20260530_140123_asr_live/canary_1b_v2/comp_5/attempt_003/session_285906_q01_qid_11089/option_A.wav,/kaggle/working/asr_audio/20260530_140123_asr_live/canary_1b_v2/comp_5/attempt_003/session_285906_q01_qid_11089/option_B.wav,/kaggle/working/asr_audio/20260530_140123_asr_live/canary_1b_v2/comp_5/attempt_003/session_285906_q01_qid_11089/option_C.wav,/kaggle/working/asr_audio/20260530_140123_asr_live/canary_1b_v2/comp_5/attempt_003/session_285906_q01_qid_11089/option_D.wav,583724,111404,107564,84524,119084,12.16,2.32,2.24,1.76,2.48,1.4320812225341797,0.6803874969482422,0.6788251399993896,0.6749420166015625,0.8246047496795654,27.936253,3,0.6613943576812744,False,False,True,0,What organization claimed responsibility for the Canvas ransomware attack as reported on 2026-05-16?,Option A. Shiny Hunters.,"Ops and B, Lazarus grouped.",Option C. Revel.,Tops and D. Dark side.,0.6132161617279053,0.2089228630065918,0.24122309684753418,0.18690037727355957,0.21150755882263184,1.4617700576782227,,,,,,,,,
20260530_140123_asr_live,2026-05-30 14:15:51,canary_1b_v2,nvidia/canary-1b-v2,nemo_asr,cuda:1,float16,1,candidate,,,False,99.18431162834167,5,News,4,1,285909,11906,0,,0,,1,,2,,3,,/kaggle/working/asr_audio/20260530_140123_asr_live/canary_1b_v2/comp_5/attempt_004/session_285909_q01_qid_11906/question.wav,/kaggle/working/asr_audio/20260530_140123_asr_live/canary_1b_v2/comp_5/attempt_004/session_285909_q01_qid_11906/option_A.wav,/kaggle/working/asr_audio/20260530_140123_asr_live/canary_1b_v2/comp_5/attempt_004/session_285909_q01_qid_11906/option_B.wav,/kaggle/working/asr_audio/20260530_140123_asr_live/canary_1b_v2/comp_5/attempt_004/session_285909_q01_qid_11906/option_C.wav,/kaggle/working/asr_audio/20260530_140123_asr_live/canary_1b_v2/comp_5/attempt_004/session_285909_q01_qid_11906/option_D.wav,560684,103724,88364,92204,92204,11.68,2.16,1.84,1.92,1.92,1.429661750793457,0.6799206733703613,0.6763999462127686,0.8189442157745361,0.8199467658996582,27.940019,3,0.6622436046600342,False,False,True,0,"As reported on 2026 0513, which company's takeover of the AI startup Manny's was blocked by Chinese authorities on national security grounds?",Option a. Meta.,Hops and bee! Apple.,Option c. Tesla.,Topson D Microsoft.,0.7831346988677979,0.17403578758239746,0.21236228942871094,0.22795414924621582,0.21198105812072754,1.6094679832458496,,,,,,,,,
20260530_140123_asr_live,2026-05-30 14:15:52,canary_1b_v2,nvidia/canary-1b-v2,nemo_asr,cuda:1,float16,selected,selected,1,best_mean_similarity_if_available_else_preferred_beam,False,99.18431162834167,5,News,4,1,285909,11906,0,,0,,1,,2,,3,,/kaggle/working/asr_audio/20260530_140123_asr_live/canary_1b_v2/comp_5/attempt_004/session_285909_q01_qid_11906/question.wav,/kaggle/working/asr_audio/20260530_140123_asr_live/canary_1b_v2/comp_5/attempt_004/session_285909_q01_qid_11906/option_A.wav,/kaggle/working/asr_audio/20260530_140123_asr_live/canary_1b_v2/comp_5/attempt_004/session_285909_q01_qid_11906/option_B.wav,/kaggle/working/asr_audio/20260530_140123_asr_live/canary_1b_v2/comp_5/attempt_004/session_285909_q01_qid_11906/option_C.wav,/kaggle/working/asr_audio/20260530_140123_asr_live/canary_1b_v2/comp_5/attempt_004/session_285909_q01_qid_11906/option_D.wav,560684,103724,88364,92204,92204,11.68,2.16,1.84,1.92,1.92,1.429661750793457,0.6799206733703613,0.6763999462127686,0.8189442157745361,0.8199467658996582,27.940019,3,0.6622436046600342,False,False,True,0,"As reported on 2026 0513, which company's takeover of the AI startup Manny's was blocked by Chinese authorities on national security grounds?",Option a. Meta.,Hops and bee! Apple.,Option c. Tesla.,Topson D Microsoft.,0.7831346988677979,0.17403578758239746,0.21236228942871094,0.22795414924621582,0.21198105812072754,1.6094679832458496,,,,,,,,,
20260530_140123_asr_live,2026-05-30 14:15:59,canary_1b_v2,nvidia/canary-1b-v2,nemo_asr,cuda:1,float16,1,candidate,,,False,99.18431162834167,5,News,5,1,285912,10650,0,,0,,1,,2,,3,,/kaggle/working/asr_audio/20260530_140123_asr_live/canary_1b_v2/comp_5/attempt_005/session_285912_q01_qid_10650/question.wav,/kaggle/working/asr_audio/20260530_140123_asr_live/canary_1b_v2/comp_5/attempt_005/session_285912_q01_qid_10650/option_A.wav,/kaggle/working/asr_audio/20260530_140123_asr_live/canary_1b_v2/comp_5/attempt_005/session_285912_q01_qid_10650/option_B.wav,/kaggle/working/asr_audio/20260530_140123_asr_live/canary_1b_v2/comp_5/attempt_005/session_285912_q01_qid_10650/option_C.wav,/kaggle/working/asr_audio/20260530_140123_asr_live/canary_1b_v2/comp_5/attempt_005/session_285912_q01_qid_10650/option_D.wav,929324,122924,192044,130604,253484,19.36,2.56,4.0,2.72,5.28,1.57468581199646,0.6830432415008545,0.6877708435058594,0.6835043430328369,0.8265466690063477,59.417598,3,0.6675674915313721,True,False,False,100,"According to the article published on 2026-05-11, which former coal mining site in Scotland is being transformed into a renewable energy hub?",Option a. The Blackpool Colliery.,Option B. The Glasgow Coal Mine.,Option c. The Aberdeen Coal Mine.,Option D The Lady Victoria Colliery at Newton Grange,0.8338360786437988,0.23717260360717773,0.27733826637268066,0.2546420097351074,0.29258036613464355,1.8955693244934082,,,,,,,,,
20260530_140123_asr_live,2026-05-30 14:16:01,canary_1b_v2,nvidia/canary-1b-v2,nemo_asr,cuda:1,float16,selected,selected,1,best_mean_similarity_if_available_else_preferred_beam,False,99.18431162834167,5,News,5,1,285912,10650,0,,0,,1,,2,,3,,/kaggle/working/asr_audio/20260530_140123_asr_live/canary_1b_v2/comp_5/attempt_005/session_285912_q01_qid_10650/question.wav,/kaggle/working/asr_audio/20260530_140123_asr_live/canary_1b_v2/comp_5/attempt_005/session_285912_q01_qid_10650/option_A.wav,/kaggle/working/asr_audio/20260530_140123_asr_live/canary_1b_v2/comp_5/attempt_005/session_285912_q01_qid_10650/option_B.wav,/kaggle/working/asr_audio/20260530_140123_asr_live/canary_1b_v2/comp_5/attempt_005/session_285912_q01_qid_10650/option_C.wav,/kaggle/working/asr_audio/20260530_140123_asr_live/canary_1b_v2/comp_5/attempt_005/session_285912_q01_qid_10650/option_D.wav,929324,122924,192044,130604,253484,19.36,2.56,4.0,2.72,5.28,1.57468581199646,0.6830432415008545,0.6877708435058594,0.6835043430328369,0.8265466690063477,59.417598,3,0.6675674915313721,True,False,False,100,"According to the article published on 2026-05-11, which former coal mining site in Scotland is being transformed into a renewable energy hub?",Option a. The Blackpool Colliery.,Option B. The Glasgow Coal Mine.,Option c. The Aberdeen Coal Mine.,Option D The Lady Victoria Colliery at Newton Grange,0.8338360786437988,0.23717260360717773,0.27733826637268066,0.2546420097351074,0.29258036613464355,1.8955693244934082,,,,,,,,,
20260530_140123_asr_live,2026-05-30 14:16:07,canary_1b_v2,nvidia/canary-1b-v2,nemo_asr,cuda:1,float16,1,candidate,,,False,99.18431162834167,5,News,5,2,285912,10827,0,,0,,1,,2,,3,,/kaggle/working/asr_audio/20260530_140123_asr_live/canary_1b_v2/comp_5/attempt_005/session_285912_q02_qid_10827/question.wav,/kaggle/working/asr_audio/20260530_140123_asr_live/canary_1b_v2/comp_5/attempt_005/session_285912_q02_qid_10827/option_A.wav,/kaggle/working/asr_audio/20260530_140123_asr_live/canary_1b_v2/comp_5/attempt_005/session_285912_q02_qid_10827/option_B.wav,/kaggle/working/asr_audio/20260530_140123_asr_live/canary_1b_v2/comp_5/attempt_005/session_285912_q02_qid_10827/option_C.wav,/kaggle/working/asr_audio/20260530_140123_asr_live/canary_1b_v2/comp_5/attempt_005/session_285912_q02_qid_10827/option_D.wav,449324,161324,149804,130604,134444,9.36,3.36,3.12,2.72,2.8,1.4235970973968506,0.68843674659729,0.684098482131958,0.6834275722503662,0.8202524185180664,27.940329,3,0.6618368625640869,False,False,True,100,"According to the article published on twenty twenty six to zero five fifteen, where did the highest temperature of the year in the United States occur on that day?","Option A Phoenix, Arizona.","Hopson B. Death Valley, California.","Option c. Furnace Creek, California.","Option D. Las Vegas, Nevada.",0.6398570537567139,0.24830031394958496,0.25037455558776855,0.2643272876739502,0.23980975151062012,1.6426689624786377,,,,,,,,,
20260530_140123_asr_live,2026-05-30 14:16:09,canary_1b_v2,nvidia/canary-1b-v2,nemo_asr,cuda:1,float16,selected,selected,1,best_mean_similarity_if_available_else_preferred_beam,False,99.18431162834167,5,News,5,2,285912,10827,0,,0,,1,,2,,3,,/kaggle/working/asr_audio/20260530_140123_asr_live/canary_1b_v2/comp_5/attempt_005/session_285912_q02_qid_10827/question.wav,/kaggle/working/asr_audio/20260530_140123_asr_live/canary_1b_v2/comp_5/attempt_005/session_285912_q02_qid_10827/option_A.wav,/kaggle/working/asr_audio/20260530_140123_asr_live/canary_1b_v2/comp_5/attempt_005/session_285912_q02_qid_10827/option_B.wav,/kaggle/working/asr_audio/20260530_140123_asr_live/canary_1b_v2/comp_5/attempt_005/session_285912_q02_qid_10827/option_C.wav,/kaggle/working/asr_audio/20260530_140123_asr_live/canary_1b_v2/comp_5/attempt_005/session_285912_q02_qid_10827/option_D.wav,449324,161324,149804,130604,134444,9.36,3.36,3.12,2.72,2.8,1.4235970973968506,0.68843674659729,0.684098482131958,0.6834275722503662,0.8202524185180664,27.940329,3,0.6618368625640869,False,False,True,100,"According to the article published on twenty twenty six to zero five fifteen, where did the highest temperature of the year in the United States occur on that day?","Option A Phoenix, Arizona.","Hopson B. Death Valley, California.","Option c. Furnace Creek, California.","Option D. Las Vegas, Nevada.",0.6398570537567139,0.24830031394958496,0.25037455558776855,0.2643272876739502,0.23980975151062012,1.6426689624786377,,,,,,,,,
20260530_140123_asr_live,2026-05-30 14:17:08,nemotron_streaming_0_6b,nvidia/nemotron-speech-streaming-en-0.6b,nemo_asr,cuda:1,float16,1,candidate,,,False,49.743738651275635,0,Entertainment,1,1,285944,680,0,,0,,1,,2,,3,,/kaggle/working/asr_audio/20260530_140123_asr_live/nemotron_streaming_0_6b/comp_0/attempt_001/session_285944_q01_qid_680/question.wav,/kaggle/working/asr_audio/20260530_140123_asr_live/nemotron_streaming_0_6b/comp_0/attempt_001/session_285944_q01_qid_680/option_A.wav,/kaggle/working/asr_audio/20260530_140123_asr_live/nemotron_streaming_0_6b/comp_0/attempt_001/session_285944_q01_qid_680/option_B.wav,/kaggle/working/asr_audio/20260530_140123_asr_live/nemotron_streaming_0_6b/comp_0/attempt_001/session_285944_q01_qid_680/option_C.wav,/kaggle/working/asr_audio/20260530_140123_asr_live/nemotron_streaming_0_6b/comp_0/attempt_001/session_285944_q01_qid_680/option_D.wav,199724,222764,138284,180524,126764,4.16,4.64,2.88,3.76,2.64,1.2705342769622803,0.8330667018890381,0.6845364570617676,0.8233785629272461,0.6823530197143555,28.07775,3,0.6627602577209473,False,False,True,0,Which of the following films was Stanley Kubrick known for pioneering the use of?,Option A High Speed F zero point seven lenses.,Option B three D technology,Option C three hundred sixty degree camera rotations.,Option D digital cinematography.,0.4701509475708008,0.11476349830627441,0.10193586349487305,0.09580111503601074,0.08957576751708984,0.8722271919250488,,,,,,,,,
20260530_140123_asr_live,2026-05-30 14:17:09,nemotron_streaming_0_6b,nvidia/nemotron-speech-streaming-en-0.6b,nemo_asr,cuda:1,float16,selected,selected,1,best_mean_similarity_if_available_else_preferred_beam,False,49.743738651275635,0,Entertainment,1,1,285944,680,0,,0,,1,,2,,3,,/kaggle/working/asr_audio/20260530_140123_asr_live/nemotron_streaming_0_6b/comp_0/attempt_001/session_285944_q01_qid_680/question.wav,/kaggle/working/asr_audio/20260530_140123_asr_live/nemotron_streaming_0_6b/comp_0/attempt_001/session_285944_q01_qid_680/option_A.wav,/kaggle/working/asr_audio/20260530_140123_asr_live/nemotron_streaming_0_6b/comp_0/attempt_001/session_285944_q01_qid_680/option_B.wav,/kaggle/working/asr_audio/20260530_140123_asr_live/nemotron_streaming_0_6b/comp_0/attempt_001/session_285944_q01_qid_680/option_C.wav,/kaggle/working/asr_audio/20260530_140123_asr_live/nemotron_streaming_0_6b/comp_0/attempt_001/session_285944_q01_qid_680/option_D.wav,199724,222764,138284,180524,126764,4.16,4.64,2.88,3.76,2.64,1.2705342769622803,0.8330667018890381,0.6845364570617676,0.8233785629272461,0.6823530197143555,28.07775,3,0.6627602577209473,False,False,True,0,Which of the following films was Stanley Kubrick known for pioneering the use of?,Option A High Speed F zero point seven lenses.,Option B three D technology,Option C three hundred sixty degree camera rotations.,Option D digital cinematography.,0.4701509475708008,0.11476349830627441,0.10193586349487305,0.09580111503601074,0.08957576751708984,0.8722271919250488,,,,,,,,,
20260530_140123_asr_live,2026-05-30 14:17:16,nemotron_streaming_0_6b,nvidia/nemotron-speech-streaming-en-0.6b,nemo_asr,cuda:1,float16,1,candidate,,,False,49.743738651275635,0,Entertainment,2,1,285953,624,0,,0,,1,,2,,3,,/kaggle/working/asr_audio/20260530_140123_asr_live/nemotron_streaming_0_6b/comp_0/attempt_002/session_285953_q01_qid_624/question.wav,/kaggle/working/asr_audio/20260530_140123_asr_live/nemotron_streaming_0_6b/comp_0/attempt_002/session_285953_q01_qid_624/option_A.wav,/kaggle/working/asr_audio/20260530_140123_asr_live/nemotron_streaming_0_6b/comp_0/attempt_002/session_285953_q01_qid_624/option_B.wav,/kaggle/working/asr_audio/20260530_140123_asr_live/nemotron_streaming_0_6b/comp_0/attempt_002/session_285953_q01_qid_624/option_C.wav,/kaggle/working/asr_audio/20260530_140123_asr_live/nemotron_streaming_0_6b/comp_0/attempt_002/session_285953_q01_qid_624/option_D.wav,311084,253484,253484,303404,234284,6.48,5.28,5.28,6.32,4.88,1.2797856330871582,0.8347916603088379,0.825918436050415,0.8278951644897461,0.7070541381835938,28.056892,3,0.6610586643218994,False,False,True,0,Which of the following best describes the connection between Tom Hanks' early life and his later career in acting?,Option A kids parents divorced led him to pursue a career in acting.,Option B his decision to drop out of college was the turning point in his acting career.,Option C his frequent moves as a child provided him with diverse life experiences,Option D his shy and unpopular nature in school helped him become an actor.,0.15844202041625977,0.13569855690002441,0.10625100135803223,0.10708951950073242,0.0986330509185791,0.6061141490936279,,,,,,,,,
20260530_140123_asr_live,2026-05-30 14:17:17,nemotron_streaming_0_6b,nvidia/nemotron-speech-streaming-en-0.6b,nemo_asr,cuda:1,float16,selected,selected,1,best_mean_similarity_if_available_else_preferred_beam,False,49.743738651275635,0,Entertainment,2,1,285953,624,0,,0,,1,,2,,3,,/kaggle/working/asr_audio/20260530_140123_asr_live/nemotron_streaming_0_6b/comp_0/attempt_002/session_285953_q01_qid_624/question.wav,/kaggle/working/asr_audio/20260530_140123_asr_live/nemotron_streaming_0_6b/comp_0/attempt_002/session_285953_q01_qid_624/option_A.wav,/kaggle/working/asr_audio/20260530_140123_asr_live/nemotron_streaming_0_6b/comp_0/attempt_002/session_285953_q01_qid_624/option_B.wav,/kaggle/working/asr_audio/20260530_140123_asr_live/nemotron_streaming_0_6b/comp_0/attempt_002/session_285953_q01_qid_624/option_C.wav,/kaggle/working/asr_audio/20260530_140123_asr_live/nemotron_streaming_0_6b/comp_0/attempt_002/session_285953_q01_qid_624/option_D.wav,311084,253484,253484,303404,234284,6.48,5.28,5.28,6.32,4.88,1.2797856330871582,0.8347916603088379,0.825918436050415,0.8278951644897461,0.7070541381835938,28.056892,3,0.6610586643218994,False,False,True,0,Which of the following best describes the connection between Tom Hanks' early life and his later career in acting?,Option A kids parents divorced led him to pursue a career in acting.,Option B his decision to drop out of college was the turning point in his acting career.,Option C his frequent moves as a child provided him with diverse life experiences,Option D his shy and unpopular nature in school helped him become an actor.,0.15844202041625977,0.13569855690002441,0.10625100135803223,0.10708951950073242,0.0986330509185791,0.6061141490936279,,,,,,,,,
20260530_140123_asr_live,2026-05-30 14:17:24,nemotron_streaming_0_6b,nvidia/nemotron-speech-streaming-en-0.6b,nemo_asr,cuda:1,float16,1,candidate,,,False,49.743738651275635,0,Entertainment,3,1,285965,156,0,,0,,1,,2,,3,,/kaggle/working/asr_audio/20260530_140123_asr_live/nemotron_streaming_0_6b/comp_0/attempt_003/session_285965_q01_qid_156/question.wav,/kaggle/working/asr_audio/20260530_140123_asr_live/nemotron_streaming_0_6b/comp_0/attempt_003/session_285965_q01_qid_156/option_A.wav,/kaggle/working/asr_audio/20260530_140123_asr_live/nemotron_streaming_0_6b/comp_0/attempt_003/session_285965_q01_qid_156/option_B.wav,/kaggle/working/asr_audio/20260530_140123_asr_live/nemotron_streaming_0_6b/comp_0/attempt_003/session_285965_q01_qid_156/option_C.wav,/kaggle/working/asr_audio/20260530_140123_asr_live/nemotron_streaming_0_6b/comp_0/attempt_003/session_285965_q01_qid_156/option_D.wav,399404,322604,272684,169004,460844,8.32,6.72,5.68,3.52,9.6,1.2844114303588867,0.8411633968353271,0.8199625015258789,0.684973955154419,0.8404867649078369,59.418274,3,0.6664247512817383,True,False,False,100,"How does the concept of absence as a lyrical theme manifest in Pink Floyd's music, particularly in the song Have a Cigar from Wish You Were Here?",Option A through the explicit use of space and silence in the song structure.,Option B by focusing on the physical absence of band members during performances.,Option C through the direct mention of missing loved ones.,Option D by portraying the absence of a person or feeling through metaphor and suggestion.,0.17284703254699707,0.14571285247802734,0.10503697395324707,0.08807897567749023,0.12232255935668945,0.6339983940124512,,,,,,,,,
20260530_140123_asr_live,2026-05-30 14:17:24,nemotron_streaming_0_6b,nvidia/nemotron-speech-streaming-en-0.6b,nemo_asr,cuda:1,float16,selected,selected,1,best_mean_similarity_if_available_else_preferred_beam,False,49.743738651275635,0,Entertainment,3,1,285965,156,0,,0,,1,,2,,3,,/kaggle/working/asr_audio/20260530_140123_asr_live/nemotron_streaming_0_6b/comp_0/attempt_003/session_285965_q01_qid_156/question.wav,/kaggle/working/asr_audio/20260530_140123_asr_live/nemotron_streaming_0_6b/comp_0/attempt_003/session_285965_q01_qid_156/option_A.wav,/kaggle/working/asr_audio/20260530_140123_asr_live/nemotron_streaming_0_6b/comp_0/attempt_003/session_285965_q01_qid_156/option_B.wav,/kaggle/working/asr_audio/20260530_140123_asr_live/nemotron_streaming_0_6b/comp_0/attempt_003/session_285965_q01_qid_156/option_C.wav,/kaggle/working/asr_audio/20260530_140123_asr_live/nemotron_streaming_0_6b/comp_0/attempt_003/session_285965_q01_qid_156/option_D.wav,399404,322604,272684,169004,460844,8.32,6.72,5.68,3.52,9.6,1.2844114303588867,0.8411633968353271,0.8199625015258789,0.684973955154419,0.8404867649078369,59.418274,3,0.6664247512817383,True,False,False,100,"How does the concept of absence as a lyrical theme manifest in Pink Floyd's music, particularly in the song Have a Cigar from Wish You Were Here?",Option A through the explicit use of space and silence in the song structure.,Option B by focusing on the physical absence of band members during performances.,Option C through the direct mention of missing loved ones.,Option D by portraying the absence of a person or feeling through metaphor and suggestion.,0.17284703254699707,0.14571285247802734,0.10503697395324707,0.08807897567749023,0.12232255935668945,0.6339983940124512,,,,,,,,,
20260530_140123_asr_live,2026-05-30 14:17:30,nemotron_streaming_0_6b,nvidia/nemotron-speech-streaming-en-0.6b,nemo_asr,cuda:1,float16,1,candidate,,,False,49.743738651275635,0,Entertainment,3,2,285965,630,0,,0,,1,,2,,3,,/kaggle/working/asr_audio/20260530_140123_asr_live/nemotron_streaming_0_6b/comp_0/attempt_003/session_285965_q02_qid_630/question.wav,/kaggle/working/asr_audio/20260530_140123_asr_live/nemotron_streaming_0_6b/comp_0/attempt_003/session_285965_q02_qid_630/option_A.wav,/kaggle/working/asr_audio/20260530_140123_asr_live/nemotron_streaming_0_6b/comp_0/attempt_003/session_285965_q02_qid_630/option_B.wav,/kaggle/working/asr_audio/20260530_140123_asr_live/nemotron_streaming_0_6b/comp_0/attempt_003/session_285965_q02_qid_630/option_C.wav,/kaggle/working/asr_audio/20260530_140123_asr_live/nemotron_streaming_0_6b/comp_0/attempt_003/session_285965_q02_qid_630/option_D.wav,284204,134444,145964,533804,126764,5.92,2.8,3.04,11.12,2.64,1.2714192867279053,0.6844496726989746,0.8217175006866455,0.9796028137207031,0.6812222003936768,28.081081,3,0.6604704856872559,False,False,True,100,Which of the following best describes Humphrey Bogart's relationship with his father Belmont Bogart?,Option A formal and distant.,Option B very close and loving.,Option C indifferent and dist,Option D close and affectionate.,0.15864038467407227,0.10744452476501465,0.0946187973022461,0.15138649940490723,0.08388066291809082,0.595970869064331,,,,,,,,,
20260530_140123_asr_live,2026-05-30 14:17:31,nemotron_streaming_0_6b,nvidia/nemotron-speech-streaming-en-0.6b,nemo_asr,cuda:1,float16,selected,selected,1,best_mean_similarity_if_available_else_preferred_beam,False,49.743738651275635,0,Entertainment,3,2,285965,630,0,,0,,1,,2,,3,,/kaggle/working/asr_audio/20260530_140123_asr_live/nemotron_streaming_0_6b/comp_0/attempt_003/session_285965_q02_qid_630/question.wav,/kaggle/working/asr_audio/20260530_140123_asr_live/nemotron_streaming_0_6b/comp_0/attempt_003/session_285965_q02_qid_630/option_A.wav,/kaggle/working/asr_audio/20260530_140123_asr_live/nemotron_streaming_0_6b/comp_0/attempt_003/session_285965_q02_qid_630/option_B.wav,/kaggle/working/asr_audio/20260530_140123_asr_live/nemotron_streaming_0_6b/comp_0/attempt_003/session_285965_q02_qid_630/option_C.wav,/kaggle/working/asr_audio/20260530_140123_asr_live/nemotron_streaming_0_6b/comp_0/attempt_003/session_285965_q02_qid_630/option_D.wav,284204,134444,145964,533804,126764,5.92,2.8,3.04,11.12,2.64,1.2714192867279053,0.6844496726989746,0.8217175006866455,0.9796028137207031,0.6812222003936768,28.081081,3,0.6604704856872559,False,False,True,100,Which of the following best describes Humphrey Bogart's relationship with his father Belmont Bogart?,Option A formal and distant.,Option B very close and loving.,Option C indifferent and dist,Option D close and affectionate.,0.15864038467407227,0.10744452476501465,0.0946187973022461,0.15138649940490723,0.08388066291809082,0.595970869064331,,,,,,,,,
20260530_140123_asr_live,2026-05-30 14:17:37,nemotron_streaming_0_6b,nvidia/nemotron-speech-streaming-en-0.6b,nemo_asr,cuda:1,float16,1,candidate,,,False,49.743738651275635,0,Entertainment,4,1,285985,448,0,,0,,1,,2,,3,,/kaggle/working/asr_audio/20260530_140123_asr_live/nemotron_streaming_0_6b/comp_0/attempt_004/session_285985_q01_qid_448/question.wav,/kaggle/working/asr_audio/20260530_140123_asr_live/nemotron_streaming_0_6b/comp_0/attempt_004/session_285985_q01_qid_448/option_A.wav,/kaggle/working/asr_audio/20260530_140123_asr_live/nemotron_streaming_0_6b/comp_0/attempt_004/session_285985_q01_qid_448/option_B.wav,/kaggle/working/asr_audio/20260530_140123_asr_live/nemotron_streaming_0_6b/comp_0/attempt_004/session_285985_q01_qid_448/option_C.wav,/kaggle/working/asr_audio/20260530_140123_asr_live/nemotron_streaming_0_6b/comp_0/attempt_004/session_285985_q01_qid_448/option_D.wav,311084,115244,130604,249644,130604,6.48,2.4,2.72,5.2,2.72,1.2845590114593506,0.6807682514190674,0.8208179473876953,0.834550142288208,0.6828925609588623,28.072942,3,0.661005973815918,False,False,True,0,What was the primary reason for Johnny Cash's induction into the country music Hall of Fame in nineteen eighty?,Option A his television show.,Option B is record sales.,Option C his longstanding influence and contributions to the genre.,Option D his Grammy Awards.,0.16205739974975586,0.09132933616638184,0.09609556198120117,0.11690068244934082,0.08951902389526367,0.5559020042419434,,,,,,,,,
20260530_140123_asr_live,2026-05-30 14:17:38,nemotron_streaming_0_6b,nvidia/nemotron-speech-streaming-en-0.6b,nemo_asr,cuda:1,float16,selected,selected,1,best_mean_similarity_if_available_else_preferred_beam,False,49.743738651275635,0,Entertainment,4,1,285985,448,0,,0,,1,,2,,3,,/kaggle/working/asr_audio/20260530_140123_asr_live/nemotron_streaming_0_6b/comp_0/attempt_004/session_285985_q01_qid_448/question.wav,/kaggle/working/asr_audio/20260530_140123_asr_live/nemotron_streaming_0_6b/comp_0/attempt_004/session_285985_q01_qid_448/option_A.wav,/kaggle/working/asr_audio/20260530_140123_asr_live/nemotron_streaming_0_6b/comp_0/attempt_004/session_285985_q01_qid_448/option_B.wav,/kaggle/working/asr_audio/20260530_140123_asr_live/nemotron_streaming_0_6b/comp_0/attempt_004/session_285985_q01_qid_448/option_C.wav,/kaggle/working/asr_audio/20260530_140123_asr_live/nemotron_streaming_0_6b/comp_0/attempt_004/session_285985_q01_qid_448/option_D.wav,311084,115244,130604,249644,130604,6.48,2.4,2.72,5.2,2.72,1.2845590114593506,0.6807682514190674,0.8208179473876953,0.834550142288208,0.6828925609588623,28.072942,3,0.661005973815918,False,False,True,0,What was the primary reason for Johnny Cash's induction into the country music Hall of Fame in nineteen eighty?,Option A his television show.,Option B is record sales.,Option C his longstanding influence and contributions to the genre.,Option D his Grammy Awards.,0.16205739974975586,0.09132933616638184,0.09609556198120117,0.11690068244934082,0.08951902389526367,0.5559020042419434,,,,,,,,,
20260530_140123_asr_live,2026-05-30 14:17:45,nemotron_streaming_0_6b,nvidia/nemotron-speech-streaming-en-0.6b,nemo_asr,cuda:1,float16,1,candidate,,,False,49.743738651275635,0,Entertainment,5,1,285997,376,0,,0,,1,,2,,3,,/kaggle/working/asr_audio/20260530_140123_asr_live/nemotron_streaming_0_6b/comp_0/attempt_005/session_285997_q01_qid_376/question.wav,/kaggle/working/asr_audio/20260530_140123_asr_live/nemotron_streaming_0_6b/comp_0/attempt_005/session_285997_q01_qid_376/option_A.wav,/kaggle/working/asr_audio/20260530_140123_asr_live/nemotron_streaming_0_6b/comp_0/attempt_005/session_285997_q01_qid_376/option_B.wav,/kaggle/working/asr_audio/20260530_140123_asr_live/nemotron_streaming_0_6b/comp_0/attempt_005/session_285997_q01_qid_376/option_C.wav,/kaggle/working/asr_audio/20260530_140123_asr_live/nemotron_streaming_0_6b/comp_0/attempt_005/session_285997_q01_qid_376/option_D.wav,341804,322604,169004,169004,153644,7.12,6.72,3.52,3.52,3.2,1.2814369201660156,0.8443245887756348,0.6859257221221924,0.6863181591033936,0.6845641136169434,28.075995,3,0.6611313819885254,False,False,True,0,"According to Robert Greenfield, how did the Beatles influence popular music in a unique way compared to other artists?",Option A by breaking through the constraints of their time period to come up with something unique and original.,Option B by writing the first rap song.,Option C by creating the first rock and roll song.,Option D by singing in multiple languages.,0.16615605354309082,0.15575528144836426,0.09526586532592773,0.09197568893432617,0.09527850151062012,0.6044313907623291,,,,,,,,,
20260530_140123_asr_live,2026-05-30 14:17:45,nemotron_streaming_0_6b,nvidia/nemotron-speech-streaming-en-0.6b,nemo_asr,cuda:1,float16,selected,selected,1,best_mean_similarity_if_available_else_preferred_beam,False,49.743738651275635,0,Entertainment,5,1,285997,376,0,,0,,1,,2,,3,,/kaggle/working/asr_audio/20260530_140123_asr_live/nemotron_streaming_0_6b/comp_0/attempt_005/session_285997_q01_qid_376/question.wav,/kaggle/working/asr_audio/20260530_140123_asr_live/nemotron_streaming_0_6b/comp_0/attempt_005/session_285997_q01_qid_376/option_A.wav,/kaggle/working/asr_audio/20260530_140123_asr_live/nemotron_streaming_0_6b/comp_0/attempt_005/session_285997_q01_qid_376/option_B.wav,/kaggle/working/asr_audio/20260530_140123_asr_live/nemotron_streaming_0_6b/comp_0/attempt_005/session_285997_q01_qid_376/option_C.wav,/kaggle/working/asr_audio/20260530_140123_asr_live/nemotron_streaming_0_6b/comp_0/attempt_005/session_285997_q01_qid_376/option_D.wav,341804,322604,169004,169004,153644,7.12,6.72,3.52,3.52,3.2,1.2814369201660156,0.8443245887756348,0.6859257221221924,0.6863181591033936,0.6845641136169434,28.075995,3,0.6611313819885254,False,False,True,0,"According to Robert Greenfield, how did the Beatles influence popular music in a unique way compared to other artists?",Option A by breaking through the constraints of their time period to come up with something unique and original.,Option B by writing the first rap song.,Option C by creating the first rock and roll song.,Option D by singing in multiple languages.,0.16615605354309082,0.15575528144836426,0.09526586532592773,0.09197568893432617,0.09527850151062012,0.6044313907623291,,,,,,,,,
20260530_140123_asr_live,2026-05-30 14:17:52,nemotron_streaming_0_6b,nvidia/nemotron-speech-streaming-en-0.6b,nemo_asr,cuda:1,float16,1,candidate,,,False,49.743738651275635,1,Ancient History and Politics,1,1,286008,1187,0,,0,,1,,2,,3,,/kaggle/working/asr_audio/20260530_140123_asr_live/nemotron_streaming_0_6b/comp_1/attempt_001/session_286008_q01_qid_1187/question.wav,/kaggle/working/asr_audio/20260530_140123_asr_live/nemotron_streaming_0_6b/comp_1/attempt_001/session_286008_q01_qid_1187/option_A.wav,/kaggle/working/asr_audio/20260530_140123_asr_live/nemotron_streaming_0_6b/comp_1/attempt_001/session_286008_q01_qid_1187/option_B.wav,/kaggle/working/asr_audio/20260530_140123_asr_live/nemotron_streaming_0_6b/comp_1/attempt_001/session_286008_q01_qid_1187/option_C.wav,/kaggle/working/asr_audio/20260530_140123_asr_live/nemotron_streaming_0_6b/comp_1/attempt_001/session_286008_q01_qid_1187/option_D.wav,361004,192044,180524,184364,215084,7.52,4.0,3.76,3.84,4.48,1.2836368083953857,0.820338249206543,0.6881766319274902,0.8205788135528564,0.8234508037567139,27.938751,3,0.6602342128753662,False,False,True,0,What was the primary characteristic of Greco Roman mystery religions that set them apart from other religious practices of the time?,Option A secretive practices and initiation rights.,Option B public rituals and open participation.,Option C focus on philosophical teachings and reasoning.,Option D emphasis on sacrifices and offerings to the gods.,0.16790771484375,0.11189079284667969,0.09033703804016113,0.13563108444213867,0.09666776657104492,0.6024343967437744,,,,,,,,,
20260530_140123_asr_live,2026-05-30 14:17:52,nemotron_streaming_0_6b,nvidia/nemotron-speech-streaming-en-0.6b,nemo_asr,cuda:1,float16,selected,selected,1,best_mean_similarity_if_available_else_preferred_beam,False,49.743738651275635,1,Ancient History and Politics,1,1,286008,1187,0,,0,,1,,2,,3,,/kaggle/working/asr_audio/20260530_140123_asr_live/nemotron_streaming_0_6b/comp_1/attempt_001/session_286008_q01_qid_1187/question.wav,/kaggle/working/asr_audio/20260530_140123_asr_live/nemotron_streaming_0_6b/comp_1/attempt_001/session_286008_q01_qid_1187/option_A.wav,/kaggle/working/asr_audio/20260530_140123_asr_live/nemotron_streaming_0_6b/comp_1/attempt_001/session_286008_q01_qid_1187/option_B.wav,/kaggle/working/asr_audio/20260530_140123_asr_live/nemotron_streaming_0_6b/comp_1/attempt_001/session_286008_q01_qid_1187/option_C.wav,/kaggle/working/asr_audio/20260530_140123_asr_live/nemotron_streaming_0_6b/comp_1/attempt_001/session_286008_q01_qid_1187/option_D.wav,361004,192044,180524,184364,215084,7.52,4.0,3.76,3.84,4.48,1.2836368083953857,0.820338249206543,0.6881766319274902,0.8205788135528564,0.8234508037567139,27.938751,3,0.6602342128753662,False,False,True,0,What was the primary characteristic of Greco Roman mystery religions that set them apart from other religious practices of the time?,Option A secretive practices and initiation rights.,Option B public rituals and open participation.,Option C focus on philosophical teachings and reasoning.,Option D emphasis on sacrifices and offerings to the gods.,0.16790771484375,0.11189079284667969,0.09033703804016113,0.13563108444213867,0.09666776657104492,0.6024343967437744,,,,,,,,,
20260530_140123_asr_live,2026-05-30 14:17:59,nemotron_streaming_0_6b,nvidia/nemotron-speech-streaming-en-0.6b,nemo_asr,cuda:1,float16,1,candidate,,,False,49.743738651275635,1,Ancient History and Politics,2,1,286014,1077,0,,0,,1,,2,,3,,/kaggle/working/asr_audio/20260530_140123_asr_live/nemotron_streaming_0_6b/comp_1/attempt_002/session_286014_q01_qid_1077/question.wav,/kaggle/working/asr_audio/20260530_140123_asr_live/nemotron_streaming_0_6b/comp_1/attempt_002/session_286014_q01_qid_1077/option_A.wav,/kaggle/working/asr_audio/20260530_140123_asr_live/nemotron_streaming_0_6b/comp_1/attempt_002/session_286014_q01_qid_1077/option_B.wav,/kaggle/working/asr_audio/20260530_140123_asr_live/nemotron_streaming_0_6b/comp_1/attempt_002/session_286014_q01_qid_1077/option_C.wav,/kaggle/working/asr_audio/20260530_140123_asr_live/nemotron_streaming_0_6b/comp_1/attempt_002/session_286014_q01_qid_1077/option_D.wav,272684,157484,161324,222764,169004,5.68,3.28,3.36,4.64,3.52,1.277247667312622,0.8216278553009033,0.8226664066314697,0.8278353214263916,0.6855335235595703,28.076455,3,0.6612548828125,False,False,True,0,What's significant event marked the end of the Tetrarchy and led to civil war in the Roman Empire?,Option A The assassination of Diocletian,Option B The death of Constantine the Great.,Option C The death of Constantius Chlorus and the subsequent power struggle.,Option D The Fall of Rome to the Visigoths.,0.1574099063873291,0.09663772583007812,0.09693479537963867,0.09749054908752441,0.09204602241516113,0.5405189990997314,,,,,,,,,
20260530_140123_asr_live,2026-05-30 14:18:00,nemotron_streaming_0_6b,nvidia/nemotron-speech-streaming-en-0.6b,nemo_asr,cuda:1,float16,selected,selected,1,best_mean_similarity_if_available_else_preferred_beam,False,49.743738651275635,1,Ancient History and Politics,2,1,286014,1077,0,,0,,1,,2,,3,,/kaggle/working/asr_audio/20260530_140123_asr_live/nemotron_streaming_0_6b/comp_1/attempt_002/session_286014_q01_qid_1077/question.wav,/kaggle/working/asr_audio/20260530_140123_asr_live/nemotron_streaming_0_6b/comp_1/attempt_002/session_286014_q01_qid_1077/option_A.wav,/kaggle/working/asr_audio/20260530_140123_asr_live/nemotron_streaming_0_6b/comp_1/attempt_002/session_286014_q01_qid_1077/option_B.wav,/kaggle/working/asr_audio/20260530_140123_asr_live/nemotron_streaming_0_6b/comp_1/attempt_002/session_286014_q01_qid_1077/option_C.wav,/kaggle/working/asr_audio/20260530_140123_asr_live/nemotron_streaming_0_6b/comp_1/attempt_002/session_286014_q01_qid_1077/option_D.wav,272684,157484,161324,222764,169004,5.68,3.28,3.36,4.64,3.52,1.277247667312622,0.8216278553009033,0.8226664066314697,0.8278353214263916,0.6855335235595703,28.076455,3,0.6612548828125,False,False,True,0,What's significant event marked the end of the Tetrarchy and led to civil war in the Roman Empire?,Option A The assassination of Diocletian,Option B The death of Constantine the Great.,Option C The death of Constantius Chlorus and the subsequent power struggle.,Option D The Fall of Rome to the Visigoths.,0.1574099063873291,0.09663772583007812,0.09693479537963867,0.09749054908752441,0.09204602241516113,0.5405189990997314,,,,,,,,,
20260530_140123_asr_live,2026-05-30 14:18:06,nemotron_streaming_0_6b,nvidia/nemotron-speech-streaming-en-0.6b,nemo_asr,cuda:1,float16,1,candidate,,,False,49.743738651275635,1,Ancient History and Politics,3,1,286024,1212,0,,0,,1,,2,,3,,/kaggle/working/asr_audio/20260530_140123_asr_live/nemotron_streaming_0_6b/comp_1/attempt_003/session_286024_q01_qid_1212/question.wav,/kaggle/working/asr_audio/20260530_140123_asr_live/nemotron_streaming_0_6b/comp_1/attempt_003/session_286024_q01_qid_1212/option_A.wav,/kaggle/working/asr_audio/20260530_140123_asr_live/nemotron_streaming_0_6b/comp_1/attempt_003/session_286024_q01_qid_1212/option_B.wav,/kaggle/working/asr_audio/20260530_140123_asr_live/nemotron_streaming_0_6b/comp_1/attempt_003/session_286024_q01_qid_1212/option_C.wav,/kaggle/working/asr_audio/20260530_140123_asr_live/nemotron_streaming_0_6b/comp_1/attempt_003/session_286024_q01_qid_1212/option_D.wav,149804,180524,115244,199724,157484,3.12,3.76,2.4,4.16,3.28,1.1235404014587402,0.8304753303527832,0.681143045425415,0.8299434185028076,0.6852033138275146,28.074386,3,0.6635100841522217,False,False,True,0,What is the chemical formula for Egyptian blue?,Option A SKU uses four one nine.,Option B PSI O two.,Option C Q two O two C O three.,Option D face it two oh three,0.11414432525634766,0.10632848739624023,0.0888054370880127,0.09739089012145996,0.09048628807067871,0.49715542793273926,,,,,,,,,
20260530_140123_asr_live,2026-05-30 14:18:07,nemotron_streaming_0_6b,nvidia/nemotron-speech-streaming-en-0.6b,nemo_asr,cuda:1,float16,selected,selected,1,best_mean_similarity_if_available_else_preferred_beam,False,49.743738651275635,1,Ancient History and Politics,3,1,286024,1212,0,,0,,1,,2,,3,,/kaggle/working/asr_audio/20260530_140123_asr_live/nemotron_streaming_0_6b/comp_1/attempt_003/session_286024_q01_qid_1212/question.wav,/kaggle/working/asr_audio/20260530_140123_asr_live/nemotron_streaming_0_6b/comp_1/attempt_003/session_286024_q01_qid_1212/option_A.wav,/kaggle/working/asr_audio/20260530_140123_asr_live/nemotron_streaming_0_6b/comp_1/attempt_003/session_286024_q01_qid_1212/option_B.wav,/kaggle/working/asr_audio/20260530_140123_asr_live/nemotron_streaming_0_6b/comp_1/attempt_003/session_286024_q01_qid_1212/option_C.wav,/kaggle/working/asr_audio/20260530_140123_asr_live/nemotron_streaming_0_6b/comp_1/attempt_003/session_286024_q01_qid_1212/option_D.wav,149804,180524,115244,199724,157484,3.12,3.76,2.4,4.16,3.28,1.1235404014587402,0.8304753303527832,0.681143045425415,0.8299434185028076,0.6852033138275146,28.074386,3,0.6635100841522217,False,False,True,0,What is the chemical formula for Egyptian blue?,Option A SKU uses four one nine.,Option B PSI O two.,Option C Q two O two C O three.,Option D face it two oh three,0.11414432525634766,0.10632848739624023,0.0888054370880127,0.09739089012145996,0.09048628807067871,0.49715542793273926,,,,,,,,,
20260530_140123_asr_live,2026-05-30 14:18:14,nemotron_streaming_0_6b,nvidia/nemotron-speech-streaming-en-0.6b,nemo_asr,cuda:1,float16,1,candidate,,,False,49.743738651275635,1,Ancient History and Politics,4,1,286030,1290,0,,0,,1,,2,,3,,/kaggle/working/asr_audio/20260530_140123_asr_live/nemotron_streaming_0_6b/comp_1/attempt_004/session_286030_q01_qid_1290/question.wav,/kaggle/working/asr_audio/20260530_140123_asr_live/nemotron_streaming_0_6b/comp_1/attempt_004/session_286030_q01_qid_1290/option_A.wav,/kaggle/working/asr_audio/20260530_140123_asr_live/nemotron_streaming_0_6b/comp_1/attempt_004/session_286030_q01_qid_1290/option_B.wav,/kaggle/working/asr_audio/20260530_140123_asr_live/nemotron_streaming_0_6b/comp_1/attempt_004/session_286030_q01_qid_1290/option_C.wav,/kaggle/working/asr_audio/20260530_140123_asr_live/nemotron_streaming_0_6b/comp_1/attempt_004/session_286030_q01_qid_1290/option_D.wav,499244,145964,103724,130604,138284,10.4,3.04,2.16,2.72,2.88,1.423710584640503,0.6843338012695312,0.6801111698150635,0.8216733932495117,0.8214168548583984,27.940268,3,0.6609983444213867,False,False,True,0,"Which concept refers to the division of the Roman Republic into two parts, each with its own consul and governing body.",Option A bicameralism.,Option B petr,Option C bicameralism.,Option D bicameralism.,0.2010655403137207,0.08352994918823242,0.08486437797546387,0.08198380470275879,0.08240103721618652,0.5338447093963623,,,,,,,,,
20260530_140123_asr_live,2026-05-30 14:18:14,nemotron_streaming_0_6b,nvidia/nemotron-speech-streaming-en-0.6b,nemo_asr,cuda:1,float16,selected,selected,1,best_mean_similarity_if_available_else_preferred_beam,False,49.743738651275635,1,Ancient History and Politics,4,1,286030,1290,0,,0,,1,,2,,3,,/kaggle/working/asr_audio/20260530_140123_asr_live/nemotron_streaming_0_6b/comp_1/attempt_004/session_286030_q01_qid_1290/question.wav,/kaggle/working/asr_audio/20260530_140123_asr_live/nemotron_streaming_0_6b/comp_1/attempt_004/session_286030_q01_qid_1290/option_A.wav,/kaggle/working/asr_audio/20260530_140123_asr_live/nemotron_streaming_0_6b/comp_1/attempt_004/session_286030_q01_qid_1290/option_B.wav,/kaggle/working/asr_audio/20260530_140123_asr_live/nemotron_streaming_0_6b/comp_1/attempt_004/session_286030_q01_qid_1290/option_C.wav,/kaggle/working/asr_audio/20260530_140123_asr_live/nemotron_streaming_0_6b/comp_1/attempt_004/session_286030_q01_qid_1290/option_D.wav,499244,145964,103724,130604,138284,10.4,3.04,2.16,2.72,2.88,1.423710584640503,0.6843338012695312,0.6801111698150635,0.8216733932495117,0.8214168548583984,27.940268,3,0.6609983444213867,False,False,True,0,"Which concept refers to the division of the Roman Republic into two parts, each with its own consul and governing body.",Option A bicameralism.,Option B petr,Option C bicameralism.,Option D bicameralism.,0.2010655403137207,0.08352994918823242,0.08486437797546387,0.08198380470275879,0.08240103721618652,0.5338447093963623,,,,,,,,,
20260530_140123_asr_live,2026-05-30 14:18:22,nemotron_streaming_0_6b,nvidia/nemotron-speech-streaming-en-0.6b,nemo_asr,cuda:1,float16,1,candidate,,,False,49.743738651275635,1,Ancient History and Politics,5,1,286035,1185,0,,0,,1,,2,,3,,/kaggle/working/asr_audio/20260530_140123_asr_live/nemotron_streaming_0_6b/comp_1/attempt_005/session_286035_q01_qid_1185/question.wav,/kaggle/working/asr_audio/20260530_140123_asr_live/nemotron_streaming_0_6b/comp_1/attempt_005/session_286035_q01_qid_1185/option_A.wav,/kaggle/working/asr_audio/20260530_140123_asr_live/nemotron_streaming_0_6b/comp_1/attempt_005/session_286035_q01_qid_1185/option_B.wav,/kaggle/working/asr_audio/20260530_140123_asr_live/nemotron_streaming_0_6b/comp_1/attempt_005/session_286035_q01_qid_1185/option_C.wav,/kaggle/working/asr_audio/20260530_140123_asr_live/nemotron_streaming_0_6b/comp_1/attempt_005/session_286035_q01_qid_1185/option_D.wav,284204,107564,119084,153644,161324,5.92,2.24,2.48,3.2,3.36,1.2774074077606201,0.6809639930725098,0.8206343650817871,0.8246402740478516,0.8234429359436035,59.417325,3,0.6674854755401611,True,False,False,100,What term describes the location of Carthage on a promontory with C inlets to the north and south?,Option A flat plane.,Option B mountain range.,Option C Island U.,Option D Peninsula.,0.1556243896484375,0.09985852241516113,0.09276151657104492,0.08838677406311035,0.11133384704589844,0.5479650497436523,,,,,,,,,
20260530_140123_asr_live,2026-05-30 14:18:22,nemotron_streaming_0_6b,nvidia/nemotron-speech-streaming-en-0.6b,nemo_asr,cuda:1,float16,selected,selected,1,best_mean_similarity_if_available_else_preferred_beam,False,49.743738651275635,1,Ancient History and Politics,5,1,286035,1185,0,,0,,1,,2,,3,,/kaggle/working/asr_audio/20260530_140123_asr_live/nemotron_streaming_0_6b/comp_1/attempt_005/session_286035_q01_qid_1185/question.wav,/kaggle/working/asr_audio/20260530_140123_asr_live/nemotron_streaming_0_6b/comp_1/attempt_005/session_286035_q01_qid_1185/option_A.wav,/kaggle/working/asr_audio/20260530_140123_asr_live/nemotron_streaming_0_6b/comp_1/attempt_005/session_286035_q01_qid_1185/option_B.wav,/kaggle/working/asr_audio/20260530_140123_asr_live/nemotron_streaming_0_6b/comp_1/attempt_005/session_286035_q01_qid_1185/option_C.wav,/kaggle/working/asr_audio/20260530_140123_asr_live/nemotron_streaming_0_6b/comp_1/attempt_005/session_286035_q01_qid_1185/option_D.wav,284204,107564,119084,153644,161324,5.92,2.24,2.48,3.2,3.36,1.2774074077606201,0.6809639930725098,0.8206343650817871,0.8246402740478516,0.8234429359436035,59.417325,3,0.6674854755401611,True,False,False,100,What term describes the location of Carthage on a promontory with C inlets to the north and south?,Option A flat plane.,Option B mountain range.,Option C Island U.,Option D Peninsula.,0.1556243896484375,0.09985852241516113,0.09276151657104492,0.08838677406311035,0.11133384704589844,0.5479650497436523,,,,,,,,,
20260530_140123_asr_live,2026-05-30 14:18:28,nemotron_streaming_0_6b,nvidia/nemotron-speech-streaming-en-0.6b,nemo_asr,cuda:1,float16,1,candidate,,,False,49.743738651275635,1,Ancient History and Politics,5,2,286035,1255,0,,0,,1,,2,,3,,/kaggle/working/asr_audio/20260530_140123_asr_live/nemotron_streaming_0_6b/comp_1/attempt_005/session_286035_q02_qid_1255/question.wav,/kaggle/working/asr_audio/20260530_140123_asr_live/nemotron_streaming_0_6b/comp_1/attempt_005/session_286035_q02_qid_1255/option_A.wav,/kaggle/working/asr_audio/20260530_140123_asr_live/nemotron_streaming_0_6b/comp_1/attempt_005/session_286035_q02_qid_1255/option_B.wav,/kaggle/working/asr_audio/20260530_140123_asr_live/nemotron_streaming_0_6b/comp_1/attempt_005/session_286035_q02_qid_1255/option_C.wav,/kaggle/working/asr_audio/20260530_140123_asr_live/nemotron_streaming_0_6b/comp_1/attempt_005/session_286035_q02_qid_1255/option_D.wav,457004,180524,165164,165164,153644,9.52,3.76,3.44,3.44,3.2,1.4223649501800537,0.6888248920440674,0.6861615180969238,0.6865992546081543,0.6855483055114746,28.071904,3,0.665283203125,False,False,True,100,What is the primary basis for moral and social obligation in Plato's Republic?,Option A power and control over others.,Option B The knowledge of the form of the good.,Option C following the laws and customs of society.,Option D The pursuit of pleasure and happiness.,0.1665651798248291,0.0962827205657959,0.09760093688964844,0.09575104713439941,0.10233044624328613,0.558530330657959,,,,,,,,,
20260530_140123_asr_live,2026-05-30 14:18:28,nemotron_streaming_0_6b,nvidia/nemotron-speech-streaming-en-0.6b,nemo_asr,cuda:1,float16,selected,selected,1,best_mean_similarity_if_available_else_preferred_beam,False,49.743738651275635,1,Ancient History and Politics,5,2,286035,1255,0,,0,,1,,2,,3,,/kaggle/working/asr_audio/20260530_140123_asr_live/nemotron_streaming_0_6b/comp_1/attempt_005/session_286035_q02_qid_1255/question.wav,/kaggle/working/asr_audio/20260530_140123_asr_live/nemotron_streaming_0_6b/comp_1/attempt_005/session_286035_q02_qid_1255/option_A.wav,/kaggle/working/asr_audio/20260530_140123_asr_live/nemotron_streaming_0_6b/comp_1/attempt_005/session_286035_q02_qid_1255/option_B.wav,/kaggle/working/asr_audio/20260530_140123_asr_live/nemotron_streaming_0_6b/comp_1/attempt_005/session_286035_q02_qid_1255/option_C.wav,/kaggle/working/asr_audio/20260530_140123_asr_live/nemotron_streaming_0_6b/comp_1/attempt_005/session_286035_q02_qid_1255/option_D.wav,457004,180524,165164,165164,153644,9.52,3.76,3.44,3.44,3.2,1.4223649501800537,0.6888248920440674,0.6861615180969238,0.6865992546081543,0.6855483055114746,28.071904,3,0.665283203125,False,False,True,100,What is the primary basis for moral and social obligation in Plato's Republic?,Option A power and control over others.,Option B The knowledge of the form of the good.,Option C following the laws and customs of society.,Option D The pursuit of pleasure and happiness.,0.1665651798248291,0.0962827205657959,0.09760093688964844,0.09575104713439941,0.10233044624328613,0.558530330657959,,,,,,,,,
20260530_140123_asr_live,2026-05-30 14:18:35,nemotron_streaming_0_6b,nvidia/nemotron-speech-streaming-en-0.6b,nemo_asr,cuda:1,float16,1,candidate,,,False,49.743738651275635,2,Science and Nature,1,1,286040,5589,0,,0,,1,,2,,3,,/kaggle/working/asr_audio/20260530_140123_asr_live/nemotron_streaming_0_6b/comp_2/attempt_001/session_286040_q01_qid_5589/question.wav,/kaggle/working/asr_audio/20260530_140123_asr_live/nemotron_streaming_0_6b/comp_2/attempt_001/session_286040_q01_qid_5589/option_A.wav,/kaggle/working/asr_audio/20260530_140123_asr_live/nemotron_streaming_0_6b/comp_2/attempt_001/session_286040_q01_qid_5589/option_B.wav,/kaggle/working/asr_audio/20260530_140123_asr_live/nemotron_streaming_0_6b/comp_2/attempt_001/session_286040_q01_qid_5589/option_C.wav,/kaggle/working/asr_audio/20260530_140123_asr_live/nemotron_streaming_0_6b/comp_2/attempt_001/session_286040_q01_qid_5589/option_D.wav,284204,702764,142124,165164,142124,5.92,14.64,2.96,3.44,2.96,1.2773606777191162,1.2544431686401367,0.6820733547210693,0.689744234085083,0.6858208179473877,28.07441,3,0.6622021198272705,False,False,True,0,Which of the following is changed over the last two hundred years primarily due to human activity?,Option A sig we's and then they bende uh red uh created upon doys exacter and I chungishu had me,Option B Earth's magnetic field.,Option C Earth's tectonic plate activity.,Option D the frequency of earthquakes.,0.15256643295288086,0.2039041519165039,0.10120534896850586,0.0875098705291748,0.0846092700958252,0.6297950744628906,,,,,,,,,
20260530_140123_asr_live,2026-05-30 14:18:35,nemotron_streaming_0_6b,nvidia/nemotron-speech-streaming-en-0.6b,nemo_asr,cuda:1,float16,selected,selected,1,best_mean_similarity_if_available_else_preferred_beam,False,49.743738651275635,2,Science and Nature,1,1,286040,5589,0,,0,,1,,2,,3,,/kaggle/working/asr_audio/20260530_140123_asr_live/nemotron_streaming_0_6b/comp_2/attempt_001/session_286040_q01_qid_5589/question.wav,/kaggle/working/asr_audio/20260530_140123_asr_live/nemotron_streaming_0_6b/comp_2/attempt_001/session_286040_q01_qid_5589/option_A.wav,/kaggle/working/asr_audio/20260530_140123_asr_live/nemotron_streaming_0_6b/comp_2/attempt_001/session_286040_q01_qid_5589/option_B.wav,/kaggle/working/asr_audio/20260530_140123_asr_live/nemotron_streaming_0_6b/comp_2/attempt_001/session_286040_q01_qid_5589/option_C.wav,/kaggle/working/asr_audio/20260530_140123_asr_live/nemotron_streaming_0_6b/comp_2/attempt_001/session_286040_q01_qid_5589/option_D.wav,284204,702764,142124,165164,142124,5.92,14.64,2.96,3.44,2.96,1.2773606777191162,1.2544431686401367,0.6820733547210693,0.689744234085083,0.6858208179473877,28.07441,3,0.6622021198272705,False,False,True,0,Which of the following is changed over the last two hundred years primarily due to human activity?,Option A sig we's and then they bende uh red uh created upon doys exacter and I chungishu had me,Option B Earth's magnetic field.,Option C Earth's tectonic plate activity.,Option D the frequency of earthquakes.,0.15256643295288086,0.2039041519165039,0.10120534896850586,0.0875098705291748,0.0846092700958252,0.6297950744628906,,,,,,,,,
20260530_140123_asr_live,2026-05-30 14:18:42,nemotron_streaming_0_6b,nvidia/nemotron-speech-streaming-en-0.6b,nemo_asr,cuda:1,float16,1,candidate,,,False,49.743738651275635,2,Science and Nature,2,1,286045,6625,0,,0,,1,,2,,3,,/kaggle/working/asr_audio/20260530_140123_asr_live/nemotron_streaming_0_6b/comp_2/attempt_002/session_286045_q01_qid_6625/question.wav,/kaggle/working/asr_audio/20260530_140123_asr_live/nemotron_streaming_0_6b/comp_2/attempt_002/session_286045_q01_qid_6625/option_A.wav,/kaggle/working/asr_audio/20260530_140123_asr_live/nemotron_streaming_0_6b/comp_2/attempt_002/session_286045_q01_qid_6625/option_B.wav,/kaggle/working/asr_audio/20260530_140123_asr_live/nemotron_streaming_0_6b/comp_2/attempt_002/session_286045_q01_qid_6625/option_C.wav,/kaggle/working/asr_audio/20260530_140123_asr_live/nemotron_streaming_0_6b/comp_2/attempt_002/session_286045_q01_qid_6625/option_D.wav,245804,115244,157484,130604,119084,5.12,2.4,3.28,2.72,2.48,1.273665189743042,0.6804330348968506,0.824559211730957,0.6819751262664795,0.6825072765350342,59.416946,3,0.6688723564147949,True,False,False,100,"When a light bulb is lit, electrical energy is changed into light energy and",Option A magnetic energy.,Option B mechanical energy,Option C chemical energy.,Option D heat energy.,0.16826391220092773,0.08560490608215332,0.08959841728210449,0.08748650550842285,0.08672904968261719,0.5176827907562256,,,,,,,,,
20260530_140123_asr_live,2026-05-30 14:18:43,nemotron_streaming_0_6b,nvidia/nemotron-speech-streaming-en-0.6b,nemo_asr,cuda:1,float16,selected,selected,1,best_mean_similarity_if_available_else_preferred_beam,False,49.743738651275635,2,Science and Nature,2,1,286045,6625,0,,0,,1,,2,,3,,/kaggle/working/asr_audio/20260530_140123_asr_live/nemotron_streaming_0_6b/comp_2/attempt_002/session_286045_q01_qid_6625/question.wav,/kaggle/working/asr_audio/20260530_140123_asr_live/nemotron_streaming_0_6b/comp_2/attempt_002/session_286045_q01_qid_6625/option_A.wav,/kaggle/working/asr_audio/20260530_140123_asr_live/nemotron_streaming_0_6b/comp_2/attempt_002/session_286045_q01_qid_6625/option_B.wav,/kaggle/working/asr_audio/20260530_140123_asr_live/nemotron_streaming_0_6b/comp_2/attempt_002/session_286045_q01_qid_6625/option_C.wav,/kaggle/working/asr_audio/20260530_140123_asr_live/nemotron_streaming_0_6b/comp_2/attempt_002/session_286045_q01_qid_6625/option_D.wav,245804,115244,157484,130604,119084,5.12,2.4,3.28,2.72,2.48,1.273665189743042,0.6804330348968506,0.824559211730957,0.6819751262664795,0.6825072765350342,59.416946,3,0.6688723564147949,True,False,False,100,"When a light bulb is lit, electrical energy is changed into light energy and",Option A magnetic energy.,Option B mechanical energy,Option C chemical energy.,Option D heat energy.,0.16826391220092773,0.08560490608215332,0.08959841728210449,0.08748650550842285,0.08672904968261719,0.5176827907562256,,,,,,,,,
20260530_140123_asr_live,2026-05-30 14:18:48,nemotron_streaming_0_6b,nvidia/nemotron-speech-streaming-en-0.6b,nemo_asr,cuda:1,float16,1,candidate,,,False,49.743738651275635,2,Science and Nature,2,2,286045,1758,0,,0,,1,,2,,3,,/kaggle/working/asr_audio/20260530_140123_asr_live/nemotron_streaming_0_6b/comp_2/attempt_002/session_286045_q02_qid_1758/question.wav,/kaggle/working/asr_audio/20260530_140123_asr_live/nemotron_streaming_0_6b/comp_2/attempt_002/session_286045_q02_qid_1758/option_A.wav,/kaggle/working/asr_audio/20260530_140123_asr_live/nemotron_streaming_0_6b/comp_2/attempt_002/session_286045_q02_qid_1758/option_B.wav,/kaggle/working/asr_audio/20260530_140123_asr_live/nemotron_streaming_0_6b/comp_2/attempt_002/session_286045_q02_qid_1758/option_C.wav,/kaggle/working/asr_audio/20260530_140123_asr_live/nemotron_streaming_0_6b/comp_2/attempt_002/session_286045_q02_qid_1758/option_D.wav,480044,142124,153644,119084,122924,10.0,2.96,3.2,2.48,2.56,1.423647403717041,0.6842327117919922,0.8206477165222168,0.6807174682617188,0.8197376728057861,59.416881,3,0.6686747074127197,True,False,False,200,The ultraviolet catastrophe refers to the failure of witch theory to accurately predict the energy emitted by a black body in the ultraviolet range,Option A Newtonian mechanics.,Option Bu want them electrodynamics.,Option C Maxwell's equations.,Option D Rayleigh Jean's law.,0.17748308181762695,0.09298872947692871,0.09056997299194336,0.08365368843078613,0.08614063262939453,0.5308361053466797,,,,,,,,,
20260530_140123_asr_live,2026-05-30 14:18:49,nemotron_streaming_0_6b,nvidia/nemotron-speech-streaming-en-0.6b,nemo_asr,cuda:1,float16,selected,selected,1,best_mean_similarity_if_available_else_preferred_beam,False,49.743738651275635,2,Science and Nature,2,2,286045,1758,0,,0,,1,,2,,3,,/kaggle/working/asr_audio/20260530_140123_asr_live/nemotron_streaming_0_6b/comp_2/attempt_002/session_286045_q02_qid_1758/question.wav,/kaggle/working/asr_audio/20260530_140123_asr_live/nemotron_streaming_0_6b/comp_2/attempt_002/session_286045_q02_qid_1758/option_A.wav,/kaggle/working/asr_audio/20260530_140123_asr_live/nemotron_streaming_0_6b/comp_2/attempt_002/session_286045_q02_qid_1758/option_B.wav,/kaggle/working/asr_audio/20260530_140123_asr_live/nemotron_streaming_0_6b/comp_2/attempt_002/session_286045_q02_qid_1758/option_C.wav,/kaggle/working/asr_audio/20260530_140123_asr_live/nemotron_streaming_0_6b/comp_2/attempt_002/session_286045_q02_qid_1758/option_D.wav,480044,142124,153644,119084,122924,10.0,2.96,3.2,2.48,2.56,1.423647403717041,0.6842327117919922,0.8206477165222168,0.6807174682617188,0.8197376728057861,59.416881,3,0.6686747074127197,True,False,False,200,The ultraviolet catastrophe refers to the failure of witch theory to accurately predict the energy emitted by a black body in the ultraviolet range,Option A Newtonian mechanics.,Option Bu want them electrodynamics.,Option C Maxwell's equations.,Option D Rayleigh Jean's law.,0.17748308181762695,0.09298872947692871,0.09056997299194336,0.08365368843078613,0.08614063262939453,0.5308361053466797,,,,,,,,,
20260530_140123_asr_live,2026-05-30 14:18:55,nemotron_streaming_0_6b,nvidia/nemotron-speech-streaming-en-0.6b,nemo_asr,cuda:1,float16,1,candidate,,,False,49.743738651275635,2,Science and Nature,2,3,286045,6081,0,,0,,1,,2,,3,,/kaggle/working/asr_audio/20260530_140123_asr_live/nemotron_streaming_0_6b/comp_2/attempt_002/session_286045_q03_qid_6081/question.wav,/kaggle/working/asr_audio/20260530_140123_asr_live/nemotron_streaming_0_6b/comp_2/attempt_002/session_286045_q03_qid_6081/option_A.wav,/kaggle/working/asr_audio/20260530_140123_asr_live/nemotron_streaming_0_6b/comp_2/attempt_002/session_286045_q03_qid_6081/option_B.wav,/kaggle/working/asr_audio/20260530_140123_asr_live/nemotron_streaming_0_6b/comp_2/attempt_002/session_286045_q03_qid_6081/option_C.wav,/kaggle/working/asr_audio/20260530_140123_asr_live/nemotron_streaming_0_6b/comp_2/attempt_002/session_286045_q03_qid_6081/option_D.wav,529964,107564,130604,245804,107564,11.04,2.24,2.72,5.12,2.24,1.4261679649353027,0.6800312995910645,0.681044340133667,0.8338494300842285,0.6800374984741211,28.081391,3,0.6614947319030762,False,False,True,200,Peristolisis helps move nutrients through parts of the body by using wavelike contractions. And which system is the function used?,Option A circulatory.,Option B nervous.,Option C digestive.,Option D endocrine.,0.20897698402404785,0.08612418174743652,0.0877695083618164,0.09687948226928711,0.08356094360351562,0.5633111000061035,,,,,,,,,
20260530_140123_asr_live,2026-05-30 14:18:55,nemotron_streaming_0_6b,nvidia/nemotron-speech-streaming-en-0.6b,nemo_asr,cuda:1,float16,selected,selected,1,best_mean_similarity_if_available_else_preferred_beam,False,49.743738651275635,2,Science and Nature,2,3,286045,6081,0,,0,,1,,2,,3,,/kaggle/working/asr_audio/20260530_140123_asr_live/nemotron_streaming_0_6b/comp_2/attempt_002/session_286045_q03_qid_6081/question.wav,/kaggle/working/asr_audio/20260530_140123_asr_live/nemotron_streaming_0_6b/comp_2/attempt_002/session_286045_q03_qid_6081/option_A.wav,/kaggle/working/asr_audio/20260530_140123_asr_live/nemotron_streaming_0_6b/comp_2/attempt_002/session_286045_q03_qid_6081/option_B.wav,/kaggle/working/asr_audio/20260530_140123_asr_live/nemotron_streaming_0_6b/comp_2/attempt_002/session_286045_q03_qid_6081/option_C.wav,/kaggle/working/asr_audio/20260530_140123_asr_live/nemotron_streaming_0_6b/comp_2/attempt_002/session_286045_q03_qid_6081/option_D.wav,529964,107564,130604,245804,107564,11.04,2.24,2.72,5.12,2.24,1.4261679649353027,0.6800312995910645,0.681044340133667,0.8338494300842285,0.6800374984741211,28.081391,3,0.6614947319030762,False,False,True,200,Peristolisis helps move nutrients through parts of the body by using wavelike contractions. And which system is the function used?,Option A circulatory.,Option B nervous.,Option C digestive.,Option D endocrine.,0.20897698402404785,0.08612418174743652,0.0877695083618164,0.09687948226928711,0.08356094360351562,0.5633111000061035,,,,,,,,,
20260530_140123_asr_live,2026-05-30 14:19:02,nemotron_streaming_0_6b,nvidia/nemotron-speech-streaming-en-0.6b,nemo_asr,cuda:1,float16,1,candidate,,,False,49.743738651275635,2,Science and Nature,3,1,286049,5616,0,,0,,1,,2,,3,,/kaggle/working/asr_audio/20260530_140123_asr_live/nemotron_streaming_0_6b/comp_2/attempt_003/session_286049_q01_qid_5616/question.wav,/kaggle/working/asr_audio/20260530_140123_asr_live/nemotron_streaming_0_6b/comp_2/attempt_003/session_286049_q01_qid_5616/option_A.wav,/kaggle/working/asr_audio/20260530_140123_asr_live/nemotron_streaming_0_6b/comp_2/attempt_003/session_286049_q01_qid_5616/option_B.wav,/kaggle/working/asr_audio/20260530_140123_asr_live/nemotron_streaming_0_6b/comp_2/attempt_003/session_286049_q01_qid_5616/option_C.wav,/kaggle/working/asr_audio/20260530_140123_asr_live/nemotron_streaming_0_6b/comp_2/attempt_003/session_286049_q01_qid_5616/option_D.wav,602924,92204,115244,126764,261164,12.56,1.92,2.4,2.64,5.44,1.4301691055297852,0.6787359714508057,0.6804764270782471,0.8189525604248047,0.8435025215148926,27.917693,3,0.6617858409881592,False,False,True,0,"Natural processes shape the surface of Earth. Most canyons are formed by one lady X mite, but Vid Moore.",Option A plants.,Option B ice.,Option C moving water.,Option D steady wins.,0.2134084701538086,0.09282088279724121,0.08140039443969727,0.08502674102783203,0.10211658477783203,0.5747730731964111,,,,,,,,,
20260530_140123_asr_live,2026-05-30 14:19:03,nemotron_streaming_0_6b,nvidia/nemotron-speech-streaming-en-0.6b,nemo_asr,cuda:1,float16,selected,selected,1,best_mean_similarity_if_available_else_preferred_beam,False,49.743738651275635,2,Science and Nature,3,1,286049,5616,0,,0,,1,,2,,3,,/kaggle/working/asr_audio/20260530_140123_asr_live/nemotron_streaming_0_6b/comp_2/attempt_003/session_286049_q01_qid_5616/question.wav,/kaggle/working/asr_audio/20260530_140123_asr_live/nemotron_streaming_0_6b/comp_2/attempt_003/session_286049_q01_qid_5616/option_A.wav,/kaggle/working/asr_audio/20260530_140123_asr_live/nemotron_streaming_0_6b/comp_2/attempt_003/session_286049_q01_qid_5616/option_B.wav,/kaggle/working/asr_audio/20260530_140123_asr_live/nemotron_streaming_0_6b/comp_2/attempt_003/session_286049_q01_qid_5616/option_C.wav,/kaggle/working/asr_audio/20260530_140123_asr_live/nemotron_streaming_0_6b/comp_2/attempt_003/session_286049_q01_qid_5616/option_D.wav,602924,92204,115244,126764,261164,12.56,1.92,2.4,2.64,5.44,1.4301691055297852,0.6787359714508057,0.6804764270782471,0.8189525604248047,0.8435025215148926,27.917693,3,0.6617858409881592,False,False,True,0,"Natural processes shape the surface of Earth. Most canyons are formed by one lady X mite, but Vid Moore.",Option A plants.,Option B ice.,Option C moving water.,Option D steady wins.,0.2134084701538086,0.09282088279724121,0.08140039443969727,0.08502674102783203,0.10211658477783203,0.5747730731964111,,,,,,,,,
20260530_140123_asr_live,2026-05-30 14:19:10,nemotron_streaming_0_6b,nvidia/nemotron-speech-streaming-en-0.6b,nemo_asr,cuda:1,float16,1,candidate,,,False,49.743738651275635,2,Science and Nature,4,1,286055,5626,0,,0,,1,,2,,3,,/kaggle/working/asr_audio/20260530_140123_asr_live/nemotron_streaming_0_6b/comp_2/attempt_004/session_286055_q01_qid_5626/question.wav,/kaggle/working/asr_audio/20260530_140123_asr_live/nemotron_streaming_0_6b/comp_2/attempt_004/session_286055_q01_qid_5626/option_A.wav,/kaggle/working/asr_audio/20260530_140123_asr_live/nemotron_streaming_0_6b/comp_2/attempt_004/session_286055_q01_qid_5626/option_B.wav,/kaggle/working/asr_audio/20260530_140123_asr_live/nemotron_streaming_0_6b/comp_2/attempt_004/session_286055_q01_qid_5626/option_C.wav,/kaggle/working/asr_audio/20260530_140123_asr_live/nemotron_streaming_0_6b/comp_2/attempt_004/session_286055_q01_qid_5626/option_D.wav,192044,207404,188204,172844,257324,4.0,4.32,3.92,3.6,5.36,1.1285078525543213,0.8313651084899902,0.8234329223632812,0.8191213607788086,0.8317091464996338,27.748999,3,0.6658437252044678,False,False,True,0,Which trade is common in gases that contribute to Earth's greenhouse effect?,Option A a tendency to exist as diatomic molecules.,Option B a tendency to lose electrons.,Option C the ability to trap heat.,Option D ability to bond with multiple other elements,0.11969304084777832,0.1143805980682373,0.09517264366149902,0.08816194534301758,0.10716414451599121,0.5245723724365234,,,,,,,,,
20260530_140123_asr_live,2026-05-30 14:19:10,nemotron_streaming_0_6b,nvidia/nemotron-speech-streaming-en-0.6b,nemo_asr,cuda:1,float16,selected,selected,1,best_mean_similarity_if_available_else_preferred_beam,False,49.743738651275635,2,Science and Nature,4,1,286055,5626,0,,0,,1,,2,,3,,/kaggle/working/asr_audio/20260530_140123_asr_live/nemotron_streaming_0_6b/comp_2/attempt_004/session_286055_q01_qid_5626/question.wav,/kaggle/working/asr_audio/20260530_140123_asr_live/nemotron_streaming_0_6b/comp_2/attempt_004/session_286055_q01_qid_5626/option_A.wav,/kaggle/working/asr_audio/20260530_140123_asr_live/nemotron_streaming_0_6b/comp_2/attempt_004/session_286055_q01_qid_5626/option_B.wav,/kaggle/working/asr_audio/20260530_140123_asr_live/nemotron_streaming_0_6b/comp_2/attempt_004/session_286055_q01_qid_5626/option_C.wav,/kaggle/working/asr_audio/20260530_140123_asr_live/nemotron_streaming_0_6b/comp_2/attempt_004/session_286055_q01_qid_5626/option_D.wav,192044,207404,188204,172844,257324,4.0,4.32,3.92,3.6,5.36,1.1285078525543213,0.8313651084899902,0.8234329223632812,0.8191213607788086,0.8317091464996338,27.748999,3,0.6658437252044678,False,False,True,0,Which trade is common in gases that contribute to Earth's greenhouse effect?,Option A a tendency to exist as diatomic molecules.,Option B a tendency to lose electrons.,Option C the ability to trap heat.,Option D ability to bond with multiple other elements,0.11969304084777832,0.1143805980682373,0.09517264366149902,0.08816194534301758,0.10716414451599121,0.5245723724365234,,,,,,,,,
20260530_140123_asr_live,2026-05-30 14:19:18,nemotron_streaming_0_6b,nvidia/nemotron-speech-streaming-en-0.6b,nemo_asr,cuda:1,float16,1,candidate,,,False,49.743738651275635,2,Science and Nature,5,1,286059,6341,0,,0,,1,,2,,3,,/kaggle/working/asr_audio/20260530_140123_asr_live/nemotron_streaming_0_6b/comp_2/attempt_005/session_286059_q01_qid_6341/question.wav,/kaggle/working/asr_audio/20260530_140123_asr_live/nemotron_streaming_0_6b/comp_2/attempt_005/session_286059_q01_qid_6341/option_A.wav,/kaggle/working/asr_audio/20260530_140123_asr_live/nemotron_streaming_0_6b/comp_2/attempt_005/session_286059_q01_qid_6341/option_B.wav,/kaggle/working/asr_audio/20260530_140123_asr_live/nemotron_streaming_0_6b/comp_2/attempt_005/session_286059_q01_qid_6341/option_C.wav,/kaggle/working/asr_audio/20260530_140123_asr_live/nemotron_streaming_0_6b/comp_2/attempt_005/session_286059_q01_qid_6341/option_D.wav,579884,172844,226604,203564,226604,12.08,3.6,4.72,4.24,4.72,1.4302470684051514,0.6875267028808594,0.8283772468566895,0.8195815086364746,0.823249340057373,59.416218,3,0.668586015701294,True,False,False,100,"One end of a metal rod is placed over a flame during an investigation. A thermometer is touching the opposite end of the metal rod, which best describes what is happening during this investigation.",Option A radiant energy warms the thermometer.,Option B mechanical energy from the flame carries heat to the thermometer.,Option C convection carries heat to the thermometer.,Option D heat from the flame is conducted through the metal rod to the thermometer.,0.22127747535705566,0.08919715881347656,0.09340691566467285,0.09622335433959961,0.0933079719543457,0.5934128761291504,,,,,,,,,
20260530_140123_asr_live,2026-05-30 14:19:18,nemotron_streaming_0_6b,nvidia/nemotron-speech-streaming-en-0.6b,nemo_asr,cuda:1,float16,selected,selected,1,best_mean_similarity_if_available_else_preferred_beam,False,49.743738651275635,2,Science and Nature,5,1,286059,6341,0,,0,,1,,2,,3,,/kaggle/working/asr_audio/20260530_140123_asr_live/nemotron_streaming_0_6b/comp_2/attempt_005/session_286059_q01_qid_6341/question.wav,/kaggle/working/asr_audio/20260530_140123_asr_live/nemotron_streaming_0_6b/comp_2/attempt_005/session_286059_q01_qid_6341/option_A.wav,/kaggle/working/asr_audio/20260530_140123_asr_live/nemotron_streaming_0_6b/comp_2/attempt_005/session_286059_q01_qid_6341/option_B.wav,/kaggle/working/asr_audio/20260530_140123_asr_live/nemotron_streaming_0_6b/comp_2/attempt_005/session_286059_q01_qid_6341/option_C.wav,/kaggle/working/asr_audio/20260530_140123_asr_live/nemotron_streaming_0_6b/comp_2/attempt_005/session_286059_q01_qid_6341/option_D.wav,579884,172844,226604,203564,226604,12.08,3.6,4.72,4.24,4.72,1.4302470684051514,0.6875267028808594,0.8283772468566895,0.8195815086364746,0.823249340057373,59.416218,3,0.668586015701294,True,False,False,100,"One end of a metal rod is placed over a flame during an investigation. A thermometer is touching the opposite end of the metal rod, which best describes what is happening during this investigation.",Option A radiant energy warms the thermometer.,Option B mechanical energy from the flame carries heat to the thermometer.,Option C convection carries heat to the thermometer.,Option D heat from the flame is conducted through the metal rod to the thermometer.,0.22127747535705566,0.08919715881347656,0.09340691566467285,0.09622335433959961,0.0933079719543457,0.5934128761291504,,,,,,,,,
20260530_140123_asr_live,2026-05-30 14:19:24,nemotron_streaming_0_6b,nvidia/nemotron-speech-streaming-en-0.6b,nemo_asr,cuda:1,float16,1,candidate,,,False,49.743738651275635,2,Science and Nature,5,2,286059,5116,0,,0,,1,,2,,3,,/kaggle/working/asr_audio/20260530_140123_asr_live/nemotron_streaming_0_6b/comp_2/attempt_005/session_286059_q02_qid_5116/question.wav,/kaggle/working/asr_audio/20260530_140123_asr_live/nemotron_streaming_0_6b/comp_2/attempt_005/session_286059_q02_qid_5116/option_A.wav,/kaggle/working/asr_audio/20260530_140123_asr_live/nemotron_streaming_0_6b/comp_2/attempt_005/session_286059_q02_qid_5116/option_B.wav,/kaggle/working/asr_audio/20260530_140123_asr_live/nemotron_streaming_0_6b/comp_2/attempt_005/session_286059_q02_qid_5116/option_C.wav,/kaggle/working/asr_audio/20260530_140123_asr_live/nemotron_streaming_0_6b/comp_2/attempt_005/session_286059_q02_qid_5116/option_D.wav,399404,111404,115244,142124,157484,8.32,2.32,2.4,2.96,3.28,1.2835264205932617,0.6807723045349121,0.8199048042297363,0.822390079498291,0.8240478038787842,27.937813,3,0.6613872051239014,False,False,True,100,"Over a long period of time, helpful variations in a species replace the unfavorable ones. This change can lead to",Option A fossilization.,Option B evolution.,Option C geographic isolation.,Option D genetic mutations,0.16793179512023926,0.09807562828063965,0.08652496337890625,0.09279155731201172,0.08791255950927734,0.5332365036010742,,,,,,,,,
20260530_140123_asr_live,2026-05-30 14:19:24,nemotron_streaming_0_6b,nvidia/nemotron-speech-streaming-en-0.6b,nemo_asr,cuda:1,float16,selected,selected,1,best_mean_similarity_if_available_else_preferred_beam,False,49.743738651275635,2,Science and Nature,5,2,286059,5116,0,,0,,1,,2,,3,,/kaggle/working/asr_audio/20260530_140123_asr_live/nemotron_streaming_0_6b/comp_2/attempt_005/session_286059_q02_qid_5116/question.wav,/kaggle/working/asr_audio/20260530_140123_asr_live/nemotron_streaming_0_6b/comp_2/attempt_005/session_286059_q02_qid_5116/option_A.wav,/kaggle/working/asr_audio/20260530_140123_asr_live/nemotron_streaming_0_6b/comp_2/attempt_005/session_286059_q02_qid_5116/option_B.wav,/kaggle/working/asr_audio/20260530_140123_asr_live/nemotron_streaming_0_6b/comp_2/attempt_005/session_286059_q02_qid_5116/option_C.wav,/kaggle/working/asr_audio/20260530_140123_asr_live/nemotron_streaming_0_6b/comp_2/attempt_005/session_286059_q02_qid_5116/option_D.wav,399404,111404,115244,142124,157484,8.32,2.32,2.4,2.96,3.28,1.2835264205932617,0.6807723045349121,0.8199048042297363,0.822390079498291,0.8240478038787842,27.937813,3,0.6613872051239014,False,False,True,100,"Over a long period of time, helpful variations in a species replace the unfavorable ones. This change can lead to",Option A fossilization.,Option B evolution.,Option C geographic isolation.,Option D genetic mutations,0.16793179512023926,0.09807562828063965,0.08652496337890625,0.09279155731201172,0.08791255950927734,0.5332365036010742,,,,,,,,,
20260530_140123_asr_live,2026-05-30 14:19:31,nemotron_streaming_0_6b,nvidia/nemotron-speech-streaming-en-0.6b,nemo_asr,cuda:1,float16,1,candidate,,,False,49.743738651275635,3,Maths,1,1,286064,6995,0,,0,,1,,2,,3,,/kaggle/working/asr_audio/20260530_140123_asr_live/nemotron_streaming_0_6b/comp_3/attempt_001/session_286064_q01_qid_6995/question.wav,/kaggle/working/asr_audio/20260530_140123_asr_live/nemotron_streaming_0_6b/comp_3/attempt_001/session_286064_q01_qid_6995/option_A.wav,/kaggle/working/asr_audio/20260530_140123_asr_live/nemotron_streaming_0_6b/comp_3/attempt_001/session_286064_q01_qid_6995/option_B.wav,/kaggle/working/asr_audio/20260530_140123_asr_live/nemotron_streaming_0_6b/comp_3/attempt_001/session_286064_q01_qid_6995/option_C.wav,/kaggle/working/asr_audio/20260530_140123_asr_live/nemotron_streaming_0_6b/comp_3/attempt_001/session_286064_q01_qid_6995/option_D.wav,215084,956204,92204,368684,92204,4.48,19.92,1.92,7.68,1.92,1.131460428237915,1.1272168159484863,0.6777780055999756,0.8238832950592041,0.6779301166534424,59.418018,3,0.666435956954956,True,False,False,100,How many positive and negative integers is twelve dollars a multiple of?,Option A four par par parp. So my boy Helmon seen on the mo and comp to fitty he on worn in ten M quadal the how you hood ha,Option B six.,Option C three oh.,Option D twelve.,0.12307476997375488,0.2583346366882324,0.08432221412658691,0.10123419761657715,0.09175634384155273,0.6587221622467041,,,,,,,,,
20260530_140123_asr_live,2026-05-30 14:19:32,nemotron_streaming_0_6b,nvidia/nemotron-speech-streaming-en-0.6b,nemo_asr,cuda:1,float16,selected,selected,1,best_mean_similarity_if_available_else_preferred_beam,False,49.743738651275635,3,Maths,1,1,286064,6995,0,,0,,1,,2,,3,,/kaggle/working/asr_audio/20260530_140123_asr_live/nemotron_streaming_0_6b/comp_3/attempt_001/session_286064_q01_qid_6995/question.wav,/kaggle/working/asr_audio/20260530_140123_asr_live/nemotron_streaming_0_6b/comp_3/attempt_001/session_286064_q01_qid_6995/option_A.wav,/kaggle/working/asr_audio/20260530_140123_asr_live/nemotron_streaming_0_6b/comp_3/attempt_001/session_286064_q01_qid_6995/option_B.wav,/kaggle/working/asr_audio/20260530_140123_asr_live/nemotron_streaming_0_6b/comp_3/attempt_001/session_286064_q01_qid_6995/option_C.wav,/kaggle/working/asr_audio/20260530_140123_asr_live/nemotron_streaming_0_6b/comp_3/attempt_001/session_286064_q01_qid_6995/option_D.wav,215084,956204,92204,368684,92204,4.48,19.92,1.92,7.68,1.92,1.131460428237915,1.1272168159484863,0.6777780055999756,0.8238832950592041,0.6779301166534424,59.418018,3,0.666435956954956,True,False,False,100,How many positive and negative integers is twelve dollars a multiple of?,Option A four par par parp. So my boy Helmon seen on the mo and comp to fitty he on worn in ten M quadal the how you hood ha,Option B six.,Option C three oh.,Option D twelve.,0.12307476997375488,0.2583346366882324,0.08432221412658691,0.10123419761657715,0.09175634384155273,0.6587221622467041,,,,,,,,,
20260530_140123_asr_live,2026-05-30 14:19:37,nemotron_streaming_0_6b,nvidia/nemotron-speech-streaming-en-0.6b,nemo_asr,cuda:1,float16,1,candidate,,,False,49.743738651275635,3,Maths,1,2,286064,6970,0,,0,,1,,2,,3,,/kaggle/working/asr_audio/20260530_140123_asr_live/nemotron_streaming_0_6b/comp_3/attempt_001/session_286064_q02_qid_6970/question.wav,/kaggle/working/asr_audio/20260530_140123_asr_live/nemotron_streaming_0_6b/comp_3/attempt_001/session_286064_q02_qid_6970/option_A.wav,/kaggle/working/asr_audio/20260530_140123_asr_live/nemotron_streaming_0_6b/comp_3/attempt_001/session_286064_q02_qid_6970/option_B.wav,/kaggle/working/asr_audio/20260530_140123_asr_live/nemotron_streaming_0_6b/comp_3/attempt_001/session_286064_q02_qid_6970/option_C.wav,/kaggle/working/asr_audio/20260530_140123_asr_live/nemotron_streaming_0_6b/comp_3/attempt_001/session_286064_q02_qid_6970/option_D.wav,975404,111404,122924,103724,115244,20.32,2.32,2.56,2.16,2.4,1.5742747783660889,0.6815469264984131,0.6809518337249756,0.6792581081390381,0.8212704658508301,27.940832,3,0.6612739562988281,False,False,True,100,Statement one There exists a free abelian group of every positive integer rank. Statement two A finite generated a billion group is free abelian if its Betty number equals the number of elements in some generating set.,Option A true false.,Option B false true.,"Option C true, true","Option D false, false.",0.26552319526672363,0.08254098892211914,0.08293604850769043,0.08019280433654785,0.08258271217346191,0.593775749206543,,,,,,,,,
20260530_140123_asr_live,2026-05-30 14:19:38,nemotron_streaming_0_6b,nvidia/nemotron-speech-streaming-en-0.6b,nemo_asr,cuda:1,float16,selected,selected,1,best_mean_similarity_if_available_else_preferred_beam,False,49.743738651275635,3,Maths,1,2,286064,6970,0,,0,,1,,2,,3,,/kaggle/working/asr_audio/20260530_140123_asr_live/nemotron_streaming_0_6b/comp_3/attempt_001/session_286064_q02_qid_6970/question.wav,/kaggle/working/asr_audio/20260530_140123_asr_live/nemotron_streaming_0_6b/comp_3/attempt_001/session_286064_q02_qid_6970/option_A.wav,/kaggle/working/asr_audio/20260530_140123_asr_live/nemotron_streaming_0_6b/comp_3/attempt_001/session_286064_q02_qid_6970/option_B.wav,/kaggle/working/asr_audio/20260530_140123_asr_live/nemotron_streaming_0_6b/comp_3/attempt_001/session_286064_q02_qid_6970/option_C.wav,/kaggle/working/asr_audio/20260530_140123_asr_live/nemotron_streaming_0_6b/comp_3/attempt_001/session_286064_q02_qid_6970/option_D.wav,975404,111404,122924,103724,115244,20.32,2.32,2.56,2.16,2.4,1.5742747783660889,0.6815469264984131,0.6809518337249756,0.6792581081390381,0.8212704658508301,27.940832,3,0.6612739562988281,False,False,True,100,Statement one There exists a free abelian group of every positive integer rank. Statement two A finite generated a billion group is free abelian if its Betty number equals the number of elements in some generating set.,Option A true false.,Option B false true.,"Option C true, true","Option D false, false.",0.26552319526672363,0.08254098892211914,0.08293604850769043,0.08019280433654785,0.08258271217346191,0.593775749206543,,,,,,,,,
20260530_140123_asr_live,2026-05-30 14:19:45,nemotron_streaming_0_6b,nvidia/nemotron-speech-streaming-en-0.6b,nemo_asr,cuda:1,float16,1,candidate,,,False,49.743738651275635,3,Maths,2,1,286069,6646,0,,0,,1,,2,,3,,/kaggle/working/asr_audio/20260530_140123_asr_live/nemotron_streaming_0_6b/comp_3/attempt_002/session_286069_q01_qid_6646/question.wav,/kaggle/working/asr_audio/20260530_140123_asr_live/nemotron_streaming_0_6b/comp_3/attempt_002/session_286069_q01_qid_6646/option_A.wav,/kaggle/working/asr_audio/20260530_140123_asr_live/nemotron_streaming_0_6b/comp_3/attempt_002/session_286069_q01_qid_6646/option_B.wav,/kaggle/working/asr_audio/20260530_140123_asr_live/nemotron_streaming_0_6b/comp_3/attempt_002/session_286069_q01_qid_6646/option_C.wav,/kaggle/working/asr_audio/20260530_140123_asr_live/nemotron_streaming_0_6b/comp_3/attempt_002/session_286069_q01_qid_6646/option_D.wav,288044,326444,218924,576044,142124,6.0,6.8,4.56,12.0,2.96,1.2843353748321533,0.8375897407531738,0.698502779006958,0.8408112525939941,0.6840248107910156,28.078362,3,0.6603226661682129,False,False,True,0,What is the inverse of F of X equals four minus five X?,Option A X plus four row and fit.,Option B minus four.,Option CO there's a stats node Sim oh dast node for the light nine is and just to text nut.,Option D X minus four fifth.,0.15101385116577148,0.14867734909057617,0.09248042106628418,0.15509676933288574,0.08535480499267578,0.6326231956481934,,,,,,,,,
20260530_140123_asr_live,2026-05-30 14:19:45,nemotron_streaming_0_6b,nvidia/nemotron-speech-streaming-en-0.6b,nemo_asr,cuda:1,float16,selected,selected,1,best_mean_similarity_if_available_else_preferred_beam,False,49.743738651275635,3,Maths,2,1,286069,6646,0,,0,,1,,2,,3,,/kaggle/working/asr_audio/20260530_140123_asr_live/nemotron_streaming_0_6b/comp_3/attempt_002/session_286069_q01_qid_6646/question.wav,/kaggle/working/asr_audio/20260530_140123_asr_live/nemotron_streaming_0_6b/comp_3/attempt_002/session_286069_q01_qid_6646/option_A.wav,/kaggle/working/asr_audio/20260530_140123_asr_live/nemotron_streaming_0_6b/comp_3/attempt_002/session_286069_q01_qid_6646/option_B.wav,/kaggle/working/asr_audio/20260530_140123_asr_live/nemotron_streaming_0_6b/comp_3/attempt_002/session_286069_q01_qid_6646/option_C.wav,/kaggle/working/asr_audio/20260530_140123_asr_live/nemotron_streaming_0_6b/comp_3/attempt_002/session_286069_q01_qid_6646/option_D.wav,288044,326444,218924,576044,142124,6.0,6.8,4.56,12.0,2.96,1.2843353748321533,0.8375897407531738,0.698502779006958,0.8408112525939941,0.6840248107910156,28.078362,3,0.6603226661682129,False,False,True,0,What is the inverse of F of X equals four minus five X?,Option A X plus four row and fit.,Option B minus four.,Option CO there's a stats node Sim oh dast node for the light nine is and just to text nut.,Option D X minus four fifth.,0.15101385116577148,0.14867734909057617,0.09248042106628418,0.15509676933288574,0.08535480499267578,0.6326231956481934,,,,,,,,,
20260530_140123_asr_live,2026-05-30 14:19:53,nemotron_streaming_0_6b,nvidia/nemotron-speech-streaming-en-0.6b,nemo_asr,cuda:1,float16,1,candidate,,,False,49.743738651275635,3,Maths,3,1,286071,6643,0,,0,,1,,2,,3,,/kaggle/working/asr_audio/20260530_140123_asr_live/nemotron_streaming_0_6b/comp_3/attempt_003/session_286071_q01_qid_6643/question.wav,/kaggle/working/asr_audio/20260530_140123_asr_live/nemotron_streaming_0_6b/comp_3/attempt_003/session_286071_q01_qid_6643/option_A.wav,/kaggle/working/asr_audio/20260530_140123_asr_live/nemotron_streaming_0_6b/comp_3/attempt_003/session_286071_q01_qid_6643/option_B.wav,/kaggle/working/asr_audio/20260530_140123_asr_live/nemotron_streaming_0_6b/comp_3/attempt_003/session_286071_q01_qid_6643/option_C.wav,/kaggle/working/asr_audio/20260530_140123_asr_live/nemotron_streaming_0_6b/comp_3/attempt_003/session_286071_q01_qid_6643/option_D.wav,906284,637484,718124,549164,506924,18.88,13.28,14.96,11.44,10.56,1.498187780380249,0.8303048610687256,0.829723596572876,0.7510604858398438,0.704648494720459,28.056447,3,0.6610603332519531,False,False,True,0,A recent poll reported that forty three percent of Americans approve of the job the President is doing with a margin of sampling error of plus or plus or minus three point two percent at a ninety five percent level of confidence. Which of these correctly interprets that margin of error?,Option A about ninety five percent of polls conducted in this way will find with that between thirty nine point eight percent and forty six point two percent of those sampled approve of the job the President is doing.,Option B about ninety five percent of polls conducted in this way will give a sample proportion within three point two percentage points of the actual proportion of all Americans who approve of the job the president is doing.,Option C there is a ninety five percent chance that the proportion of all Americans who approve of the job the president is doing is forty three percent.,Option D there is a three point saboteur cent chance that the proportion of all Americans who approve the job the president is doing is not forty three percent,0.2692887783050537,0.17617392539978027,0.17968177795410156,0.14901947975158691,0.14595699310302734,0.9201209545135498,,,,,,,,,
20260530_140123_asr_live,2026-05-30 14:19:53,nemotron_streaming_0_6b,nvidia/nemotron-speech-streaming-en-0.6b,nemo_asr,cuda:1,float16,selected,selected,1,best_mean_similarity_if_available_else_preferred_beam,False,49.743738651275635,3,Maths,3,1,286071,6643,0,,0,,1,,2,,3,,/kaggle/working/asr_audio/20260530_140123_asr_live/nemotron_streaming_0_6b/comp_3/attempt_003/session_286071_q01_qid_6643/question.wav,/kaggle/working/asr_audio/20260530_140123_asr_live/nemotron_streaming_0_6b/comp_3/attempt_003/session_286071_q01_qid_6643/option_A.wav,/kaggle/working/asr_audio/20260530_140123_asr_live/nemotron_streaming_0_6b/comp_3/attempt_003/session_286071_q01_qid_6643/option_B.wav,/kaggle/working/asr_audio/20260530_140123_asr_live/nemotron_streaming_0_6b/comp_3/attempt_003/session_286071_q01_qid_6643/option_C.wav,/kaggle/working/asr_audio/20260530_140123_asr_live/nemotron_streaming_0_6b/comp_3/attempt_003/session_286071_q01_qid_6643/option_D.wav,906284,637484,718124,549164,506924,18.88,13.28,14.96,11.44,10.56,1.498187780380249,0.8303048610687256,0.829723596572876,0.7510604858398438,0.704648494720459,28.056447,3,0.6610603332519531,False,False,True,0,A recent poll reported that forty three percent of Americans approve of the job the President is doing with a margin of sampling error of plus or plus or minus three point two percent at a ninety five percent level of confidence. Which of these correctly interprets that margin of error?,Option A about ninety five percent of polls conducted in this way will find with that between thirty nine point eight percent and forty six point two percent of those sampled approve of the job the President is doing.,Option B about ninety five percent of polls conducted in this way will give a sample proportion within three point two percentage points of the actual proportion of all Americans who approve of the job the president is doing.,Option C there is a ninety five percent chance that the proportion of all Americans who approve of the job the president is doing is forty three percent.,Option D there is a three point saboteur cent chance that the proportion of all Americans who approve the job the president is doing is not forty three percent,0.2692887783050537,0.17617392539978027,0.17968177795410156,0.14901947975158691,0.14595699310302734,0.9201209545135498,,,,,,,,,
20260530_140123_asr_live,2026-05-30 14:20:00,nemotron_streaming_0_6b,nvidia/nemotron-speech-streaming-en-0.6b,nemo_asr,cuda:1,float16,1,candidate,,,False,49.743738651275635,3,Maths,4,1,286073,6833,0,,0,,1,,2,,3,,/kaggle/working/asr_audio/20260530_140123_asr_live/nemotron_streaming_0_6b/comp_3/attempt_004/session_286073_q01_qid_6833/question.wav,/kaggle/working/asr_audio/20260530_140123_asr_live/nemotron_streaming_0_6b/comp_3/attempt_004/session_286073_q01_qid_6833/option_A.wav,/kaggle/working/asr_audio/20260530_140123_asr_live/nemotron_streaming_0_6b/comp_3/attempt_004/session_286073_q01_qid_6833/option_B.wav,/kaggle/working/asr_audio/20260530_140123_asr_live/nemotron_streaming_0_6b/comp_3/attempt_004/session_286073_q01_qid_6833/option_C.wav,/kaggle/working/asr_audio/20260530_140123_asr_live/nemotron_streaming_0_6b/comp_3/attempt_004/session_286073_q01_qid_6833/option_D.wav,576044,142124,188204,96044,92204,12.0,2.96,3.92,2.0,1.92,1.444411039352417,0.6839861869812012,0.8250961303710938,0.678551197052002,0.6778192520141602,28.077607,3,0.6666176319122314,False,False,True,0,"There are twenty five suitcases, five of which are damaged. Three suitcases are selected at random. What is the probability that exactly two are damaged?",Option A Two Sixty Nine.,Option B twelve one hundred twenty five,Option C Uh twenty three.,Option D one thirty.,0.21320533752441406,0.09549069404602051,0.08464932441711426,0.08696866035461426,0.08209729194641113,0.5624113082885742,,,,,,,,,
20260530_140123_asr_live,2026-05-30 14:20:01,nemotron_streaming_0_6b,nvidia/nemotron-speech-streaming-en-0.6b,nemo_asr,cuda:1,float16,selected,selected,1,best_mean_similarity_if_available_else_preferred_beam,False,49.743738651275635,3,Maths,4,1,286073,6833,0,,0,,1,,2,,3,,/kaggle/working/asr_audio/20260530_140123_asr_live/nemotron_streaming_0_6b/comp_3/attempt_004/session_286073_q01_qid_6833/question.wav,/kaggle/working/asr_audio/20260530_140123_asr_live/nemotron_streaming_0_6b/comp_3/attempt_004/session_286073_q01_qid_6833/option_A.wav,/kaggle/working/asr_audio/20260530_140123_asr_live/nemotron_streaming_0_6b/comp_3/attempt_004/session_286073_q01_qid_6833/option_B.wav,/kaggle/working/asr_audio/20260530_140123_asr_live/nemotron_streaming_0_6b/comp_3/attempt_004/session_286073_q01_qid_6833/option_C.wav,/kaggle/working/asr_audio/20260530_140123_asr_live/nemotron_streaming_0_6b/comp_3/attempt_004/session_286073_q01_qid_6833/option_D.wav,576044,142124,188204,96044,92204,12.0,2.96,3.92,2.0,1.92,1.444411039352417,0.6839861869812012,0.8250961303710938,0.678551197052002,0.6778192520141602,28.077607,3,0.6666176319122314,False,False,True,0,"There are twenty five suitcases, five of which are damaged. Three suitcases are selected at random. What is the probability that exactly two are damaged?",Option A Two Sixty Nine.,Option B twelve one hundred twenty five,Option C Uh twenty three.,Option D one thirty.,0.21320533752441406,0.09549069404602051,0.08464932441711426,0.08696866035461426,0.08209729194641113,0.5624113082885742,,,,,,,,,
20260530_140123_asr_live,2026-05-30 14:20:08,nemotron_streaming_0_6b,nvidia/nemotron-speech-streaming-en-0.6b,nemo_asr,cuda:1,float16,1,candidate,,,False,49.743738651275635,3,Maths,5,1,286076,6937,0,,0,,1,,2,,3,,/kaggle/working/asr_audio/20260530_140123_asr_live/nemotron_streaming_0_6b/comp_3/attempt_005/session_286076_q01_qid_6937/question.wav,/kaggle/working/asr_audio/20260530_140123_asr_live/nemotron_streaming_0_6b/comp_3/attempt_005/session_286076_q01_qid_6937/option_A.wav,/kaggle/working/asr_audio/20260530_140123_asr_live/nemotron_streaming_0_6b/comp_3/attempt_005/session_286076_q01_qid_6937/option_B.wav,/kaggle/working/asr_audio/20260530_140123_asr_live/nemotron_streaming_0_6b/comp_3/attempt_005/session_286076_q01_qid_6937/option_C.wav,/kaggle/working/asr_audio/20260530_140123_asr_live/nemotron_streaming_0_6b/comp_3/attempt_005/session_286076_q01_qid_6937/option_D.wav,472364,126764,84524,322604,107564,9.84,2.64,1.76,6.72,2.24,1.4233648777008057,0.6822335720062256,0.6777517795562744,0.9758853912353516,0.6831588745117188,28.078026,3,0.6612873077392578,False,False,True,0,What is the least possible positive integer value of N such that the square root of eighteen endodras thirty four is an integer?,Option A fifteen,Option B ten.,Option C tackle very tellably tappin' and dud.,Option D thirty four.,0.17785191535949707,0.08961129188537598,0.09255409240722656,0.11690425872802734,0.08559751510620117,0.5625190734863281,,,,,,,,,
20260530_140123_asr_live,2026-05-30 14:20:08,nemotron_streaming_0_6b,nvidia/nemotron-speech-streaming-en-0.6b,nemo_asr,cuda:1,float16,selected,selected,1,best_mean_similarity_if_available_else_preferred_beam,False,49.743738651275635,3,Maths,5,1,286076,6937,0,,0,,1,,2,,3,,/kaggle/working/asr_audio/20260530_140123_asr_live/nemotron_streaming_0_6b/comp_3/attempt_005/session_286076_q01_qid_6937/question.wav,/kaggle/working/asr_audio/20260530_140123_asr_live/nemotron_streaming_0_6b/comp_3/attempt_005/session_286076_q01_qid_6937/option_A.wav,/kaggle/working/asr_audio/20260530_140123_asr_live/nemotron_streaming_0_6b/comp_3/attempt_005/session_286076_q01_qid_6937/option_B.wav,/kaggle/working/asr_audio/20260530_140123_asr_live/nemotron_streaming_0_6b/comp_3/attempt_005/session_286076_q01_qid_6937/option_C.wav,/kaggle/working/asr_audio/20260530_140123_asr_live/nemotron_streaming_0_6b/comp_3/attempt_005/session_286076_q01_qid_6937/option_D.wav,472364,126764,84524,322604,107564,9.84,2.64,1.76,6.72,2.24,1.4233648777008057,0.6822335720062256,0.6777517795562744,0.9758853912353516,0.6831588745117188,28.078026,3,0.6612873077392578,False,False,True,0,What is the least possible positive integer value of N such that the square root of eighteen endodras thirty four is an integer?,Option A fifteen,Option B ten.,Option C tackle very tellably tappin' and dud.,Option D thirty four.,0.17785191535949707,0.08961129188537598,0.09255409240722656,0.11690425872802734,0.08559751510620117,0.5625190734863281,,,,,,,,,
20260530_140123_asr_live,2026-05-30 14:20:15,nemotron_streaming_0_6b,nvidia/nemotron-speech-streaming-en-0.6b,nemo_asr,cuda:1,float16,1,candidate,,,False,49.743738651275635,4,Philosophy and Psychology,1,1,286078,7270,0,,0,,1,,2,,3,,/kaggle/working/asr_audio/20260530_140123_asr_live/nemotron_streaming_0_6b/comp_4/attempt_001/session_286078_q01_qid_7270/question.wav,/kaggle/working/asr_audio/20260530_140123_asr_live/nemotron_streaming_0_6b/comp_4/attempt_001/session_286078_q01_qid_7270/option_A.wav,/kaggle/working/asr_audio/20260530_140123_asr_live/nemotron_streaming_0_6b/comp_4/attempt_001/session_286078_q01_qid_7270/option_B.wav,/kaggle/working/asr_audio/20260530_140123_asr_live/nemotron_streaming_0_6b/comp_4/attempt_001/session_286078_q01_qid_7270/option_C.wav,/kaggle/working/asr_audio/20260530_140123_asr_live/nemotron_streaming_0_6b/comp_4/attempt_001/session_286078_q01_qid_7270/option_D.wav,368684,111404,138284,134444,99884,7.68,2.32,2.88,2.8,2.08,1.2820262908935547,0.6827583312988281,0.822537899017334,0.821138858795166,0.6790318489074707,28.080851,3,0.6624107360839844,False,False,True,0,What term describes the process by which ordinary individuals are led to engage in antisocial acts due to situational factors?,Option A D individuation.,Option B cognitive dissonance.,Option C Social Facilitation.,Option D groupthink.,0.16444683074951172,0.08812737464904785,0.09237408638000488,0.09200525283813477,0.08700108528137207,0.5239546298980713,,,,,,,,,
20260530_140123_asr_live,2026-05-30 14:20:15,nemotron_streaming_0_6b,nvidia/nemotron-speech-streaming-en-0.6b,nemo_asr,cuda:1,float16,selected,selected,1,best_mean_similarity_if_available_else_preferred_beam,False,49.743738651275635,4,Philosophy and Psychology,1,1,286078,7270,0,,0,,1,,2,,3,,/kaggle/working/asr_audio/20260530_140123_asr_live/nemotron_streaming_0_6b/comp_4/attempt_001/session_286078_q01_qid_7270/question.wav,/kaggle/working/asr_audio/20260530_140123_asr_live/nemotron_streaming_0_6b/comp_4/attempt_001/session_286078_q01_qid_7270/option_A.wav,/kaggle/working/asr_audio/20260530_140123_asr_live/nemotron_streaming_0_6b/comp_4/attempt_001/session_286078_q01_qid_7270/option_B.wav,/kaggle/working/asr_audio/20260530_140123_asr_live/nemotron_streaming_0_6b/comp_4/attempt_001/session_286078_q01_qid_7270/option_C.wav,/kaggle/working/asr_audio/20260530_140123_asr_live/nemotron_streaming_0_6b/comp_4/attempt_001/session_286078_q01_qid_7270/option_D.wav,368684,111404,138284,134444,99884,7.68,2.32,2.88,2.8,2.08,1.2820262908935547,0.6827583312988281,0.822537899017334,0.821138858795166,0.6790318489074707,28.080851,3,0.6624107360839844,False,False,True,0,What term describes the process by which ordinary individuals are led to engage in antisocial acts due to situational factors?,Option A D individuation.,Option B cognitive dissonance.,Option C Social Facilitation.,Option D groupthink.,0.16444683074951172,0.08812737464904785,0.09237408638000488,0.09200525283813477,0.08700108528137207,0.5239546298980713,,,,,,,,,
20260530_140123_asr_live,2026-05-30 14:20:22,nemotron_streaming_0_6b,nvidia/nemotron-speech-streaming-en-0.6b,nemo_asr,cuda:1,float16,1,candidate,,,False,49.743738651275635,4,Philosophy and Psychology,2,1,286080,9136,0,,0,,1,,2,,3,,/kaggle/working/asr_audio/20260530_140123_asr_live/nemotron_streaming_0_6b/comp_4/attempt_002/session_286080_q01_qid_9136/question.wav,/kaggle/working/asr_audio/20260530_140123_asr_live/nemotron_streaming_0_6b/comp_4/attempt_002/session_286080_q01_qid_9136/option_A.wav,/kaggle/working/asr_audio/20260530_140123_asr_live/nemotron_streaming_0_6b/comp_4/attempt_002/session_286080_q01_qid_9136/option_B.wav,/kaggle/working/asr_audio/20260530_140123_asr_live/nemotron_streaming_0_6b/comp_4/attempt_002/session_286080_q01_qid_9136/option_C.wav,/kaggle/working/asr_audio/20260530_140123_asr_live/nemotron_streaming_0_6b/comp_4/attempt_002/session_286080_q01_qid_9136/option_D.wav,238124,165164,192044,161324,169004,4.96,3.44,4.0,3.36,3.52,1.2723543643951416,0.8245055675506592,0.8256399631500244,0.68605637550354,0.8206930160522461,27.940209,3,0.6610887050628662,False,False,True,0,Which of the following best describes the fundamental principle of distributism?,Option A Centralization of Economic Power.,Option B unrestricted laissez faire capitalism.,Option C Why distribution of ownership.,Option D state ownership of all property.,0.13099122047424316,0.1046757698059082,0.11046862602233887,0.08685040473937988,0.08739256858825684,0.520378589630127,,,,,,,,,
20260530_140123_asr_live,2026-05-30 14:20:23,nemotron_streaming_0_6b,nvidia/nemotron-speech-streaming-en-0.6b,nemo_asr,cuda:1,float16,selected,selected,1,best_mean_similarity_if_available_else_preferred_beam,False,49.743738651275635,4,Philosophy and Psychology,2,1,286080,9136,0,,0,,1,,2,,3,,/kaggle/working/asr_audio/20260530_140123_asr_live/nemotron_streaming_0_6b/comp_4/attempt_002/session_286080_q01_qid_9136/question.wav,/kaggle/working/asr_audio/20260530_140123_asr_live/nemotron_streaming_0_6b/comp_4/attempt_002/session_286080_q01_qid_9136/option_A.wav,/kaggle/working/asr_audio/20260530_140123_asr_live/nemotron_streaming_0_6b/comp_4/attempt_002/session_286080_q01_qid_9136/option_B.wav,/kaggle/working/asr_audio/20260530_140123_asr_live/nemotron_streaming_0_6b/comp_4/attempt_002/session_286080_q01_qid_9136/option_C.wav,/kaggle/working/asr_audio/20260530_140123_asr_live/nemotron_streaming_0_6b/comp_4/attempt_002/session_286080_q01_qid_9136/option_D.wav,238124,165164,192044,161324,169004,4.96,3.44,4.0,3.36,3.52,1.2723543643951416,0.8245055675506592,0.8256399631500244,0.68605637550354,0.8206930160522461,27.940209,3,0.6610887050628662,False,False,True,0,Which of the following best describes the fundamental principle of distributism?,Option A Centralization of Economic Power.,Option B unrestricted laissez faire capitalism.,Option C Why distribution of ownership.,Option D state ownership of all property.,0.13099122047424316,0.1046757698059082,0.11046862602233887,0.08685040473937988,0.08739256858825684,0.520378589630127,,,,,,,,,
20260530_140123_asr_live,2026-05-30 14:20:30,nemotron_streaming_0_6b,nvidia/nemotron-speech-streaming-en-0.6b,nemo_asr,cuda:1,float16,1,candidate,,,False,49.743738651275635,4,Philosophy and Psychology,3,1,286085,10150,0,,0,,1,,2,,3,,/kaggle/working/asr_audio/20260530_140123_asr_live/nemotron_streaming_0_6b/comp_4/attempt_003/session_286085_q01_qid_10150/question.wav,/kaggle/working/asr_audio/20260530_140123_asr_live/nemotron_streaming_0_6b/comp_4/attempt_003/session_286085_q01_qid_10150/option_A.wav,/kaggle/working/asr_audio/20260530_140123_asr_live/nemotron_streaming_0_6b/comp_4/attempt_003/session_286085_q01_qid_10150/option_B.wav,/kaggle/working/asr_audio/20260530_140123_asr_live/nemotron_streaming_0_6b/comp_4/attempt_003/session_286085_q01_qid_10150/option_C.wav,/kaggle/working/asr_audio/20260530_140123_asr_live/nemotron_streaming_0_6b/comp_4/attempt_003/session_286085_q01_qid_10150/option_D.wav,587564,234284,230444,257324,188204,12.24,4.88,4.8,5.36,3.92,1.887272596359253,0.8367373943328857,0.8253729343414307,0.8441047668457031,0.829188346862793,27.932675,3,0.661125659942627,False,False,True,0,"According to Peter Gray, what mechanism do banned hunter gatherer societies use to maintain relatively egalitarian and peaceful relationships",Option A isolation and avoidance of contact with other groups.,Option B use of advanced technology to resolve conflicts.,"Option C pervasive, playful spirit and non coercive child rearing.",Option D strict hierarchies and punishment systems.,0.21581697463989258,0.11281061172485352,0.0960533618927002,0.10488772392272949,0.08693170547485352,0.6165003776550293,,,,,,,,,
20260530_140123_asr_live,2026-05-30 14:20:31,nemotron_streaming_0_6b,nvidia/nemotron-speech-streaming-en-0.6b,nemo_asr,cuda:1,float16,selected,selected,1,best_mean_similarity_if_available_else_preferred_beam,False,49.743738651275635,4,Philosophy and Psychology,3,1,286085,10150,0,,0,,1,,2,,3,,/kaggle/working/asr_audio/20260530_140123_asr_live/nemotron_streaming_0_6b/comp_4/attempt_003/session_286085_q01_qid_10150/question.wav,/kaggle/working/asr_audio/20260530_140123_asr_live/nemotron_streaming_0_6b/comp_4/attempt_003/session_286085_q01_qid_10150/option_A.wav,/kaggle/working/asr_audio/20260530_140123_asr_live/nemotron_streaming_0_6b/comp_4/attempt_003/session_286085_q01_qid_10150/option_B.wav,/kaggle/working/asr_audio/20260530_140123_asr_live/nemotron_streaming_0_6b/comp_4/attempt_003/session_286085_q01_qid_10150/option_C.wav,/kaggle/working/asr_audio/20260530_140123_asr_live/nemotron_streaming_0_6b/comp_4/attempt_003/session_286085_q01_qid_10150/option_D.wav,587564,234284,230444,257324,188204,12.24,4.88,4.8,5.36,3.92,1.887272596359253,0.8367373943328857,0.8253729343414307,0.8441047668457031,0.829188346862793,27.932675,3,0.661125659942627,False,False,True,0,"According to Peter Gray, what mechanism do banned hunter gatherer societies use to maintain relatively egalitarian and peaceful relationships",Option A isolation and avoidance of contact with other groups.,Option B use of advanced technology to resolve conflicts.,"Option C pervasive, playful spirit and non coercive child rearing.",Option D strict hierarchies and punishment systems.,0.21581697463989258,0.11281061172485352,0.0960533618927002,0.10488772392272949,0.08693170547485352,0.6165003776550293,,,,,,,,,
20260530_140123_asr_live,2026-05-30 14:20:38,nemotron_streaming_0_6b,nvidia/nemotron-speech-streaming-en-0.6b,nemo_asr,cuda:1,float16,1,candidate,,,False,49.743738651275635,4,Philosophy and Psychology,4,1,286090,9423,0,,0,,1,,2,,3,,/kaggle/working/asr_audio/20260530_140123_asr_live/nemotron_streaming_0_6b/comp_4/attempt_004/session_286090_q01_qid_9423/question.wav,/kaggle/working/asr_audio/20260530_140123_asr_live/nemotron_streaming_0_6b/comp_4/attempt_004/session_286090_q01_qid_9423/option_A.wav,/kaggle/working/asr_audio/20260530_140123_asr_live/nemotron_streaming_0_6b/comp_4/attempt_004/session_286090_q01_qid_9423/option_B.wav,/kaggle/working/asr_audio/20260530_140123_asr_live/nemotron_streaming_0_6b/comp_4/attempt_004/session_286090_q01_qid_9423/option_C.wav,/kaggle/working/asr_audio/20260530_140123_asr_live/nemotron_streaming_0_6b/comp_4/attempt_004/session_286090_q01_qid_9423/option_D.wav,307244,165164,176684,134444,199724,6.4,3.44,3.68,2.8,4.16,1.2800230979919434,0.8283650875091553,0.8267514705657959,0.8210968971252441,0.8301138877868652,59.417703,3,0.6677906513214111,True,False,False,100,Which of the following best describes the term virtue signaling?,Option A a type of economic strategy.,Option B A political campaign method.,Option C A form of charity work.,Option D expressing moral viewpoints to gain social approval.,0.15550756454467773,0.09597539901733398,0.08915114402770996,0.08661150932312012,0.09099125862121582,0.5182368755340576,,,,,,,,,
20260530_140123_asr_live,2026-05-30 14:20:39,nemotron_streaming_0_6b,nvidia/nemotron-speech-streaming-en-0.6b,nemo_asr,cuda:1,float16,selected,selected,1,best_mean_similarity_if_available_else_preferred_beam,False,49.743738651275635,4,Philosophy and Psychology,4,1,286090,9423,0,,0,,1,,2,,3,,/kaggle/working/asr_audio/20260530_140123_asr_live/nemotron_streaming_0_6b/comp_4/attempt_004/session_286090_q01_qid_9423/question.wav,/kaggle/working/asr_audio/20260530_140123_asr_live/nemotron_streaming_0_6b/comp_4/attempt_004/session_286090_q01_qid_9423/option_A.wav,/kaggle/working/asr_audio/20260530_140123_asr_live/nemotron_streaming_0_6b/comp_4/attempt_004/session_286090_q01_qid_9423/option_B.wav,/kaggle/working/asr_audio/20260530_140123_asr_live/nemotron_streaming_0_6b/comp_4/attempt_004/session_286090_q01_qid_9423/option_C.wav,/kaggle/working/asr_audio/20260530_140123_asr_live/nemotron_streaming_0_6b/comp_4/attempt_004/session_286090_q01_qid_9423/option_D.wav,307244,165164,176684,134444,199724,6.4,3.44,3.68,2.8,4.16,1.2800230979919434,0.8283650875091553,0.8267514705657959,0.8210968971252441,0.8301138877868652,59.417703,3,0.6677906513214111,True,False,False,100,Which of the following best describes the term virtue signaling?,Option A a type of economic strategy.,Option B A political campaign method.,Option C A form of charity work.,Option D expressing moral viewpoints to gain social approval.,0.15550756454467773,0.09597539901733398,0.08915114402770996,0.08661150932312012,0.09099125862121582,0.5182368755340576,,,,,,,,,
20260530_140123_asr_live,2026-05-30 14:20:44,nemotron_streaming_0_6b,nvidia/nemotron-speech-streaming-en-0.6b,nemo_asr,cuda:1,float16,1,candidate,,,False,49.743738651275635,4,Philosophy and Psychology,4,2,286090,9819,0,,0,,1,,2,,3,,/kaggle/working/asr_audio/20260530_140123_asr_live/nemotron_streaming_0_6b/comp_4/attempt_004/session_286090_q02_qid_9819/question.wav,/kaggle/working/asr_audio/20260530_140123_asr_live/nemotron_streaming_0_6b/comp_4/attempt_004/session_286090_q02_qid_9819/option_A.wav,/kaggle/working/asr_audio/20260530_140123_asr_live/nemotron_streaming_0_6b/comp_4/attempt_004/session_286090_q02_qid_9819/option_B.wav,/kaggle/working/asr_audio/20260530_140123_asr_live/nemotron_streaming_0_6b/comp_4/attempt_004/session_286090_q02_qid_9819/option_C.wav,/kaggle/working/asr_audio/20260530_140123_asr_live/nemotron_streaming_0_6b/comp_4/attempt_004/session_286090_q02_qid_9819/option_D.wav,364844,153644,149804,111404,169004,7.6,3.2,3.12,2.32,3.52,1.2834088802337646,0.8254580497741699,0.8228907585144043,0.680290699005127,0.8270401954650879,27.934119,3,0.6612215042114258,False,False,True,100,"What term describes the phenomenon where sound involuntarily evokes an experience of color, shape, and movement?",Option A may or touch synesthesia.,Option Brafham color synesthesia.,Option C promesthesia.,Option D lexical gustatory synesthesia.,0.1615004539489746,0.09256219863891602,0.09154272079467773,0.08336806297302246,0.09504151344299316,0.524014949798584,,,,,,,,,
20260530_140123_asr_live,2026-05-30 14:20:45,nemotron_streaming_0_6b,nvidia/nemotron-speech-streaming-en-0.6b,nemo_asr,cuda:1,float16,selected,selected,1,best_mean_similarity_if_available_else_preferred_beam,False,49.743738651275635,4,Philosophy and Psychology,4,2,286090,9819,0,,0,,1,,2,,3,,/kaggle/working/asr_audio/20260530_140123_asr_live/nemotron_streaming_0_6b/comp_4/attempt_004/session_286090_q02_qid_9819/question.wav,/kaggle/working/asr_audio/20260530_140123_asr_live/nemotron_streaming_0_6b/comp_4/attempt_004/session_286090_q02_qid_9819/option_A.wav,/kaggle/working/asr_audio/20260530_140123_asr_live/nemotron_streaming_0_6b/comp_4/attempt_004/session_286090_q02_qid_9819/option_B.wav,/kaggle/working/asr_audio/20260530_140123_asr_live/nemotron_streaming_0_6b/comp_4/attempt_004/session_286090_q02_qid_9819/option_C.wav,/kaggle/working/asr_audio/20260530_140123_asr_live/nemotron_streaming_0_6b/comp_4/attempt_004/session_286090_q02_qid_9819/option_D.wav,364844,153644,149804,111404,169004,7.6,3.2,3.12,2.32,3.52,1.2834088802337646,0.8254580497741699,0.8228907585144043,0.680290699005127,0.8270401954650879,27.934119,3,0.6612215042114258,False,False,True,100,"What term describes the phenomenon where sound involuntarily evokes an experience of color, shape, and movement?",Option A may or touch synesthesia.,Option Brafham color synesthesia.,Option C promesthesia.,Option D lexical gustatory synesthesia.,0.1615004539489746,0.09256219863891602,0.09154272079467773,0.08336806297302246,0.09504151344299316,0.524014949798584,,,,,,,,,
20260530_140123_asr_live,2026-05-30 14:20:52,nemotron_streaming_0_6b,nvidia/nemotron-speech-streaming-en-0.6b,nemo_asr,cuda:1,float16,1,candidate,,,False,49.743738651275635,4,Philosophy and Psychology,5,1,286106,10269,0,,0,,1,,2,,3,,/kaggle/working/asr_audio/20260530_140123_asr_live/nemotron_streaming_0_6b/comp_4/attempt_005/session_286106_q01_qid_10269/question.wav,/kaggle/working/asr_audio/20260530_140123_asr_live/nemotron_streaming_0_6b/comp_4/attempt_005/session_286106_q01_qid_10269/option_A.wav,/kaggle/working/asr_audio/20260530_140123_asr_live/nemotron_streaming_0_6b/comp_4/attempt_005/session_286106_q01_qid_10269/option_B.wav,/kaggle/working/asr_audio/20260530_140123_asr_live/nemotron_streaming_0_6b/comp_4/attempt_005/session_286106_q01_qid_10269/option_C.wav,/kaggle/working/asr_audio/20260530_140123_asr_live/nemotron_streaming_0_6b/comp_4/attempt_005/session_286106_q01_qid_10269/option_D.wav,284204,188204,218924,149804,276524,5.92,3.92,4.56,3.12,5.76,1.2809319496154785,0.8275101184844971,0.8324630260467529,0.9133400917053223,0.842583417892456,59.416941,3,0.6682097911834717,True,False,False,100,Which of the following best describes the fundamental principle of Bayesian epistemology?,Option A beliefs are always true or false.,Option B beliefs are solely based on empirical evidence.,Option C beliefs are fixed and unchangeable.,Option D beliefs can be interpreted as subjective probabilities.,0.16711926460266113,0.09957194328308105,0.0928037166595459,0.09035325050354004,0.1052553653717041,0.5551035404205322,,,,,,,,,
20260530_140123_asr_live,2026-05-30 14:20:53,nemotron_streaming_0_6b,nvidia/nemotron-speech-streaming-en-0.6b,nemo_asr,cuda:1,float16,selected,selected,1,best_mean_similarity_if_available_else_preferred_beam,False,49.743738651275635,4,Philosophy and Psychology,5,1,286106,10269,0,,0,,1,,2,,3,,/kaggle/working/asr_audio/20260530_140123_asr_live/nemotron_streaming_0_6b/comp_4/attempt_005/session_286106_q01_qid_10269/question.wav,/kaggle/working/asr_audio/20260530_140123_asr_live/nemotron_streaming_0_6b/comp_4/attempt_005/session_286106_q01_qid_10269/option_A.wav,/kaggle/working/asr_audio/20260530_140123_asr_live/nemotron_streaming_0_6b/comp_4/attempt_005/session_286106_q01_qid_10269/option_B.wav,/kaggle/working/asr_audio/20260530_140123_asr_live/nemotron_streaming_0_6b/comp_4/attempt_005/session_286106_q01_qid_10269/option_C.wav,/kaggle/working/asr_audio/20260530_140123_asr_live/nemotron_streaming_0_6b/comp_4/attempt_005/session_286106_q01_qid_10269/option_D.wav,284204,188204,218924,149804,276524,5.92,3.92,4.56,3.12,5.76,1.2809319496154785,0.8275101184844971,0.8324630260467529,0.9133400917053223,0.842583417892456,59.416941,3,0.6682097911834717,True,False,False,100,Which of the following best describes the fundamental principle of Bayesian epistemology?,Option A beliefs are always true or false.,Option B beliefs are solely based on empirical evidence.,Option C beliefs are fixed and unchangeable.,Option D beliefs can be interpreted as subjective probabilities.,0.16711926460266113,0.09957194328308105,0.0928037166595459,0.09035325050354004,0.1052553653717041,0.5551035404205322,,,,,,,,,
20260530_140123_asr_live,2026-05-30 14:20:59,nemotron_streaming_0_6b,nvidia/nemotron-speech-streaming-en-0.6b,nemo_asr,cuda:1,float16,1,candidate,,,False,49.743738651275635,4,Philosophy and Psychology,5,2,286106,8220,0,,0,,1,,2,,3,,/kaggle/working/asr_audio/20260530_140123_asr_live/nemotron_streaming_0_6b/comp_4/attempt_005/session_286106_q02_qid_8220/question.wav,/kaggle/working/asr_audio/20260530_140123_asr_live/nemotron_streaming_0_6b/comp_4/attempt_005/session_286106_q02_qid_8220/option_A.wav,/kaggle/working/asr_audio/20260530_140123_asr_live/nemotron_streaming_0_6b/comp_4/attempt_005/session_286106_q02_qid_8220/option_B.wav,/kaggle/working/asr_audio/20260530_140123_asr_live/nemotron_streaming_0_6b/comp_4/attempt_005/session_286106_q02_qid_8220/option_C.wav,/kaggle/working/asr_audio/20260530_140123_asr_live/nemotron_streaming_0_6b/comp_4/attempt_005/session_286106_q02_qid_8220/option_D.wav,341804,253484,257324,265004,384044,7.12,5.28,5.36,5.52,8.0,1.2802455425262451,0.8400444984436035,0.8339252471923828,0.8357243537902832,0.972637414932251,59.416557,3,0.6683075428009033,True,False,False,200,Which of the following best describes the fundamental principle of generative adversarial networks Gaiens?,Option A a network that only predicts outcomes based on historical data.,Option B A supervised learning model that relies on labeled data for training.,Option C A single network that memorizes and reproduces data exactly,Option D two neural networks competing in a zero sum game where one generates data and the other evaluates it.,0.1592397689819336,0.11853432655334473,0.11490964889526367,0.10149955749511719,0.11690497398376465,0.6110882759094238,,,,,,,,,
20260530_140123_asr_live,2026-05-30 14:20:59,nemotron_streaming_0_6b,nvidia/nemotron-speech-streaming-en-0.6b,nemo_asr,cuda:1,float16,selected,selected,1,best_mean_similarity_if_available_else_preferred_beam,False,49.743738651275635,4,Philosophy and Psychology,5,2,286106,8220,0,,0,,1,,2,,3,,/kaggle/working/asr_audio/20260530_140123_asr_live/nemotron_streaming_0_6b/comp_4/attempt_005/session_286106_q02_qid_8220/question.wav,/kaggle/working/asr_audio/20260530_140123_asr_live/nemotron_streaming_0_6b/comp_4/attempt_005/session_286106_q02_qid_8220/option_A.wav,/kaggle/working/asr_audio/20260530_140123_asr_live/nemotron_streaming_0_6b/comp_4/attempt_005/session_286106_q02_qid_8220/option_B.wav,/kaggle/working/asr_audio/20260530_140123_asr_live/nemotron_streaming_0_6b/comp_4/attempt_005/session_286106_q02_qid_8220/option_C.wav,/kaggle/working/asr_audio/20260530_140123_asr_live/nemotron_streaming_0_6b/comp_4/attempt_005/session_286106_q02_qid_8220/option_D.wav,341804,253484,257324,265004,384044,7.12,5.28,5.36,5.52,8.0,1.2802455425262451,0.8400444984436035,0.8339252471923828,0.8357243537902832,0.972637414932251,59.416557,3,0.6683075428009033,True,False,False,200,Which of the following best describes the fundamental principle of generative adversarial networks Gaiens?,Option A a network that only predicts outcomes based on historical data.,Option B A supervised learning model that relies on labeled data for training.,Option C A single network that memorizes and reproduces data exactly,Option D two neural networks competing in a zero sum game where one generates data and the other evaluates it.,0.1592397689819336,0.11853432655334473,0.11490964889526367,0.10149955749511719,0.11690497398376465,0.6110882759094238,,,,,,,,,
20260530_140123_asr_live,2026-05-30 14:21:05,nemotron_streaming_0_6b,nvidia/nemotron-speech-streaming-en-0.6b,nemo_asr,cuda:1,float16,1,candidate,,,False,49.743738651275635,4,Philosophy and Psychology,5,3,286106,8549,0,,0,,1,,2,,3,,/kaggle/working/asr_audio/20260530_140123_asr_live/nemotron_streaming_0_6b/comp_4/attempt_005/session_286106_q03_qid_8549/question.wav,/kaggle/working/asr_audio/20260530_140123_asr_live/nemotron_streaming_0_6b/comp_4/attempt_005/session_286106_q03_qid_8549/option_A.wav,/kaggle/working/asr_audio/20260530_140123_asr_live/nemotron_streaming_0_6b/comp_4/attempt_005/session_286106_q03_qid_8549/option_B.wav,/kaggle/working/asr_audio/20260530_140123_asr_live/nemotron_streaming_0_6b/comp_4/attempt_005/session_286106_q03_qid_8549/option_C.wav,/kaggle/working/asr_audio/20260530_140123_asr_live/nemotron_streaming_0_6b/comp_4/attempt_005/session_286106_q03_qid_8549/option_D.wav,222764,165164,153644,157484,192044,4.64,3.44,3.2,3.28,4.0,1.2708239555358887,0.8253703117370605,0.8250198364257812,0.824164628982544,0.8280434608459473,59.417014,3,0.6677756309509277,True,False,False,300,Which of the following themes is most prominent in MLC Iran's philosophical work?,Option A political theory and governance.,"Option B ethics, moral philosophy.",Option C optimism and the joy of,Option D existentialism and the absurdity of life.,0.12253284454345703,0.1030728816986084,0.09990882873535156,0.0866241455078125,0.09406065940856934,0.5061993598937988,,,,,,,,,
20260530_140123_asr_live,2026-05-30 14:21:06,nemotron_streaming_0_6b,nvidia/nemotron-speech-streaming-en-0.6b,nemo_asr,cuda:1,float16,selected,selected,1,best_mean_similarity_if_available_else_preferred_beam,False,49.743738651275635,4,Philosophy and Psychology,5,3,286106,8549,0,,0,,1,,2,,3,,/kaggle/working/asr_audio/20260530_140123_asr_live/nemotron_streaming_0_6b/comp_4/attempt_005/session_286106_q03_qid_8549/question.wav,/kaggle/working/asr_audio/20260530_140123_asr_live/nemotron_streaming_0_6b/comp_4/attempt_005/session_286106_q03_qid_8549/option_A.wav,/kaggle/working/asr_audio/20260530_140123_asr_live/nemotron_streaming_0_6b/comp_4/attempt_005/session_286106_q03_qid_8549/option_B.wav,/kaggle/working/asr_audio/20260530_140123_asr_live/nemotron_streaming_0_6b/comp_4/attempt_005/session_286106_q03_qid_8549/option_C.wav,/kaggle/working/asr_audio/20260530_140123_asr_live/nemotron_streaming_0_6b/comp_4/attempt_005/session_286106_q03_qid_8549/option_D.wav,222764,165164,153644,157484,192044,4.64,3.44,3.2,3.28,4.0,1.2708239555358887,0.8253703117370605,0.8250198364257812,0.824164628982544,0.8280434608459473,59.417014,3,0.6677756309509277,True,False,False,300,Which of the following themes is most prominent in MLC Iran's philosophical work?,Option A political theory and governance.,"Option B ethics, moral philosophy.",Option C optimism and the joy of,Option D existentialism and the absurdity of life.,0.12253284454345703,0.1030728816986084,0.09990882873535156,0.0866241455078125,0.09406065940856934,0.5061993598937988,,,,,,,,,
20260530_140123_asr_live,2026-05-30 14:21:12,nemotron_streaming_0_6b,nvidia/nemotron-speech-streaming-en-0.6b,nemo_asr,cuda:1,float16,1,candidate,,,False,49.743738651275635,4,Philosophy and Psychology,5,4,286106,8335,0,,0,,1,,2,,3,,/kaggle/working/asr_audio/20260530_140123_asr_live/nemotron_streaming_0_6b/comp_4/attempt_005/session_286106_q04_qid_8335/question.wav,/kaggle/working/asr_audio/20260530_140123_asr_live/nemotron_streaming_0_6b/comp_4/attempt_005/session_286106_q04_qid_8335/option_A.wav,/kaggle/working/asr_audio/20260530_140123_asr_live/nemotron_streaming_0_6b/comp_4/attempt_005/session_286106_q04_qid_8335/option_B.wav,/kaggle/working/asr_audio/20260530_140123_asr_live/nemotron_streaming_0_6b/comp_4/attempt_005/session_286106_q04_qid_8335/option_C.wav,/kaggle/working/asr_audio/20260530_140123_asr_live/nemotron_streaming_0_6b/comp_4/attempt_005/session_286106_q04_qid_8335/option_D.wav,337964,149804,710444,111404,134444,7.04,3.12,14.8,2.32,2.8,1.2790377140045166,0.823084831237793,1.12949538230896,0.6806509494781494,0.8211662769317627,59.417373,3,0.6681008338928223,True,False,False,500,What term describes the highest level of Maslow's hierarchy of needs where an individual is achieving their full potential.,Option A love and belonging needs,Option B safety needs.,Option C steam needs.,Option D self actualization.,0.16463518142700195,0.1174616813659668,0.1719799041748047,0.08173990249633789,0.08056402206420898,0.6163806915283203,,,,,,,,,
20260530_140123_asr_live,2026-05-30 14:21:12,nemotron_streaming_0_6b,nvidia/nemotron-speech-streaming-en-0.6b,nemo_asr,cuda:1,float16,selected,selected,1,best_mean_similarity_if_available_else_preferred_beam,False,49.743738651275635,4,Philosophy and Psychology,5,4,286106,8335,0,,0,,1,,2,,3,,/kaggle/working/asr_audio/20260530_140123_asr_live/nemotron_streaming_0_6b/comp_4/attempt_005/session_286106_q04_qid_8335/question.wav,/kaggle/working/asr_audio/20260530_140123_asr_live/nemotron_streaming_0_6b/comp_4/attempt_005/session_286106_q04_qid_8335/option_A.wav,/kaggle/working/asr_audio/20260530_140123_asr_live/nemotron_streaming_0_6b/comp_4/attempt_005/session_286106_q04_qid_8335/option_B.wav,/kaggle/working/asr_audio/20260530_140123_asr_live/nemotron_streaming_0_6b/comp_4/attempt_005/session_286106_q04_qid_8335/option_C.wav,/kaggle/working/asr_audio/20260530_140123_asr_live/nemotron_streaming_0_6b/comp_4/attempt_005/session_286106_q04_qid_8335/option_D.wav,337964,149804,710444,111404,134444,7.04,3.12,14.8,2.32,2.8,1.2790377140045166,0.823084831237793,1.12949538230896,0.6806509494781494,0.8211662769317627,59.417373,3,0.6681008338928223,True,False,False,500,What term describes the highest level of Maslow's hierarchy of needs where an individual is achieving their full potential.,Option A love and belonging needs,Option B safety needs.,Option C steam needs.,Option D self actualization.,0.16463518142700195,0.1174616813659668,0.1719799041748047,0.08173990249633789,0.08056402206420898,0.6163806915283203,,,,,,,,,
20260530_140123_asr_live,2026-05-30 14:21:18,nemotron_streaming_0_6b,nvidia/nemotron-speech-streaming-en-0.6b,nemo_asr,cuda:1,float16,1,candidate,,,False,49.743738651275635,4,Philosophy and Psychology,5,5,286106,8630,0,,0,,1,,2,,3,,/kaggle/working/asr_audio/20260530_140123_asr_live/nemotron_streaming_0_6b/comp_4/attempt_005/session_286106_q05_qid_8630/question.wav,/kaggle/working/asr_audio/20260530_140123_asr_live/nemotron_streaming_0_6b/comp_4/attempt_005/session_286106_q05_qid_8630/option_A.wav,/kaggle/working/asr_audio/20260530_140123_asr_live/nemotron_streaming_0_6b/comp_4/attempt_005/session_286106_q05_qid_8630/option_B.wav,/kaggle/working/asr_audio/20260530_140123_asr_live/nemotron_streaming_0_6b/comp_4/attempt_005/session_286106_q05_qid_8630/option_C.wav,/kaggle/working/asr_audio/20260530_140123_asr_live/nemotron_streaming_0_6b/comp_4/attempt_005/session_286106_q05_qid_8630/option_D.wav,407084,103724,122924,99884,134444,8.48,2.16,2.56,2.08,2.8,1.277592658996582,0.6799521446228027,0.8216757774353027,0.6782076358795166,0.8219466209411621,27.938635,3,0.6613240242004395,False,False,True,500,What term describes the ethical doctrine that individuals are morally obliged to benefit others,Option A altruism,Option B existentialism.,Option C egoism.,Option D utilitarianism.,0.16634631156921387,0.08557581901550293,0.09276127815246582,0.08332490921020508,0.08524560928344727,0.513253927230835,,,,,,,,,
20260530_140123_asr_live,2026-05-30 14:21:19,nemotron_streaming_0_6b,nvidia/nemotron-speech-streaming-en-0.6b,nemo_asr,cuda:1,float16,selected,selected,1,best_mean_similarity_if_available_else_preferred_beam,False,49.743738651275635,4,Philosophy and Psychology,5,5,286106,8630,0,,0,,1,,2,,3,,/kaggle/working/asr_audio/20260530_140123_asr_live/nemotron_streaming_0_6b/comp_4/attempt_005/session_286106_q05_qid_8630/question.wav,/kaggle/working/asr_audio/20260530_140123_asr_live/nemotron_streaming_0_6b/comp_4/attempt_005/session_286106_q05_qid_8630/option_A.wav,/kaggle/working/asr_audio/20260530_140123_asr_live/nemotron_streaming_0_6b/comp_4/attempt_005/session_286106_q05_qid_8630/option_B.wav,/kaggle/working/asr_audio/20260530_140123_asr_live/nemotron_streaming_0_6b/comp_4/attempt_005/session_286106_q05_qid_8630/option_C.wav,/kaggle/working/asr_audio/20260530_140123_asr_live/nemotron_streaming_0_6b/comp_4/attempt_005/session_286106_q05_qid_8630/option_D.wav,407084,103724,122924,99884,134444,8.48,2.16,2.56,2.08,2.8,1.277592658996582,0.6799521446228027,0.8216757774353027,0.6782076358795166,0.8219466209411621,27.938635,3,0.6613240242004395,False,False,True,500,What term describes the ethical doctrine that individuals are morally obliged to benefit others,Option A altruism,Option B existentialism.,Option C egoism.,Option D utilitarianism.,0.16634631156921387,0.08557581901550293,0.09276127815246582,0.08332490921020508,0.08524560928344727,0.513253927230835,,,,,,,,,
20260530_140123_asr_live,2026-05-30 14:21:25,nemotron_streaming_0_6b,nvidia/nemotron-speech-streaming-en-0.6b,nemo_asr,cuda:1,float16,1,candidate,,,False,49.743738651275635,5,News,1,1,286135,11695,0,,0,,1,,2,,3,,/kaggle/working/asr_audio/20260530_140123_asr_live/nemotron_streaming_0_6b/comp_5/attempt_001/session_286135_q01_qid_11695/question.wav,/kaggle/working/asr_audio/20260530_140123_asr_live/nemotron_streaming_0_6b/comp_5/attempt_001/session_286135_q01_qid_11695/option_A.wav,/kaggle/working/asr_audio/20260530_140123_asr_live/nemotron_streaming_0_6b/comp_5/attempt_001/session_286135_q01_qid_11695/option_B.wav,/kaggle/working/asr_audio/20260530_140123_asr_live/nemotron_streaming_0_6b/comp_5/attempt_001/session_286135_q01_qid_11695/option_C.wav,/kaggle/working/asr_audio/20260530_140123_asr_live/nemotron_streaming_0_6b/comp_5/attempt_001/session_286135_q01_qid_11695/option_D.wav,522284,111404,103724,829484,119084,10.88,2.32,2.16,17.28,2.48,1.4273715019226074,0.6830079555511475,0.6788203716278076,1.1584234237670898,0.6835265159606934,59.41805,3,0.6672196388244629,True,False,False,100,"On two thousand and twenty six of oh five eighteen, which country's nuclear power plant was targeted by a drone strike, prompting India to issue a statement",Option A I I ran.,Option B Pakistan,Option C India Nabea to UPDs Aveki Sahis base subt only takes the measure per party just some south ago samsawikaya the parts boil the new D's for,Option D UA,0.20795369148254395,0.08687853813171387,0.0831303596496582,0.20385527610778809,0.08684468269348145,0.6686625480651855,,,,,,,,,
20260530_140123_asr_live,2026-05-30 14:21:26,nemotron_streaming_0_6b,nvidia/nemotron-speech-streaming-en-0.6b,nemo_asr,cuda:1,float16,selected,selected,1,best_mean_similarity_if_available_else_preferred_beam,False,49.743738651275635,5,News,1,1,286135,11695,0,,0,,1,,2,,3,,/kaggle/working/asr_audio/20260530_140123_asr_live/nemotron_streaming_0_6b/comp_5/attempt_001/session_286135_q01_qid_11695/question.wav,/kaggle/working/asr_audio/20260530_140123_asr_live/nemotron_streaming_0_6b/comp_5/attempt_001/session_286135_q01_qid_11695/option_A.wav,/kaggle/working/asr_audio/20260530_140123_asr_live/nemotron_streaming_0_6b/comp_5/attempt_001/session_286135_q01_qid_11695/option_B.wav,/kaggle/working/asr_audio/20260530_140123_asr_live/nemotron_streaming_0_6b/comp_5/attempt_001/session_286135_q01_qid_11695/option_C.wav,/kaggle/working/asr_audio/20260530_140123_asr_live/nemotron_streaming_0_6b/comp_5/attempt_001/session_286135_q01_qid_11695/option_D.wav,522284,111404,103724,829484,119084,10.88,2.32,2.16,17.28,2.48,1.4273715019226074,0.6830079555511475,0.6788203716278076,1.1584234237670898,0.6835265159606934,59.41805,3,0.6672196388244629,True,False,False,100,"On two thousand and twenty six of oh five eighteen, which country's nuclear power plant was targeted by a drone strike, prompting India to issue a statement",Option A I I ran.,Option B Pakistan,Option C India Nabea to UPDs Aveki Sahis base subt only takes the measure per party just some south ago samsawikaya the parts boil the new D's for,Option D UA,0.20795369148254395,0.08687853813171387,0.0831303596496582,0.20385527610778809,0.08684468269348145,0.6686625480651855,,,,,,,,,
20260530_140123_asr_live,2026-05-30 14:21:32,nemotron_streaming_0_6b,nvidia/nemotron-speech-streaming-en-0.6b,nemo_asr,cuda:1,float16,1,candidate,,,False,49.743738651275635,5,News,1,2,286135,12123,0,,0,,1,,2,,3,,/kaggle/working/asr_audio/20260530_140123_asr_live/nemotron_streaming_0_6b/comp_5/attempt_001/session_286135_q02_qid_12123/question.wav,/kaggle/working/asr_audio/20260530_140123_asr_live/nemotron_streaming_0_6b/comp_5/attempt_001/session_286135_q02_qid_12123/option_A.wav,/kaggle/working/asr_audio/20260530_140123_asr_live/nemotron_streaming_0_6b/comp_5/attempt_001/session_286135_q02_qid_12123/option_B.wav,/kaggle/working/asr_audio/20260530_140123_asr_live/nemotron_streaming_0_6b/comp_5/attempt_001/session_286135_q02_qid_12123/option_C.wav,/kaggle/working/asr_audio/20260530_140123_asr_live/nemotron_streaming_0_6b/comp_5/attempt_001/session_286135_q02_qid_12123/option_D.wav,556844,142124,142124,353324,107564,11.6,2.96,2.96,7.36,2.24,1.4290742874145508,0.6844041347503662,0.8191900253295898,0.8391289710998535,0.686760425567627,28.078934,3,0.6617810726165771,False,False,True,100,What percentage of Hungarians support adopting the Euro as mentioned in the report from twenty twenty six dot oh five oh six?,Option A eighty five percent,Option B seventy five percent.,Option C sixty percent.,Option D fifty percent.,0.20182394981384277,0.0901346206665039,0.10277748107910156,0.12122440338134766,0.08260273933410645,0.5985631942749023,,,,,,,,,
20260530_140123_asr_live,2026-05-30 14:21:32,nemotron_streaming_0_6b,nvidia/nemotron-speech-streaming-en-0.6b,nemo_asr,cuda:1,float16,selected,selected,1,best_mean_similarity_if_available_else_preferred_beam,False,49.743738651275635,5,News,1,2,286135,12123,0,,0,,1,,2,,3,,/kaggle/working/asr_audio/20260530_140123_asr_live/nemotron_streaming_0_6b/comp_5/attempt_001/session_286135_q02_qid_12123/question.wav,/kaggle/working/asr_audio/20260530_140123_asr_live/nemotron_streaming_0_6b/comp_5/attempt_001/session_286135_q02_qid_12123/option_A.wav,/kaggle/working/asr_audio/20260530_140123_asr_live/nemotron_streaming_0_6b/comp_5/attempt_001/session_286135_q02_qid_12123/option_B.wav,/kaggle/working/asr_audio/20260530_140123_asr_live/nemotron_streaming_0_6b/comp_5/attempt_001/session_286135_q02_qid_12123/option_C.wav,/kaggle/working/asr_audio/20260530_140123_asr_live/nemotron_streaming_0_6b/comp_5/attempt_001/session_286135_q02_qid_12123/option_D.wav,556844,142124,142124,353324,107564,11.6,2.96,2.96,7.36,2.24,1.4290742874145508,0.6844041347503662,0.8191900253295898,0.8391289710998535,0.686760425567627,28.078934,3,0.6617810726165771,False,False,True,100,What percentage of Hungarians support adopting the Euro as mentioned in the report from twenty twenty six dot oh five oh six?,Option A eighty five percent,Option B seventy five percent.,Option C sixty percent.,Option D fifty percent.,0.20182394981384277,0.0901346206665039,0.10277748107910156,0.12122440338134766,0.08260273933410645,0.5985631942749023,,,,,,,,,
20260530_140123_asr_live,2026-05-30 14:21:39,nemotron_streaming_0_6b,nvidia/nemotron-speech-streaming-en-0.6b,nemo_asr,cuda:1,float16,1,candidate,,,False,49.743738651275635,5,News,2,1,286151,11485,0,,0,,1,,2,,3,,/kaggle/working/asr_audio/20260530_140123_asr_live/nemotron_streaming_0_6b/comp_5/attempt_002/session_286151_q01_qid_11485/question.wav,/kaggle/working/asr_audio/20260530_140123_asr_live/nemotron_streaming_0_6b/comp_5/attempt_002/session_286151_q01_qid_11485/option_A.wav,/kaggle/working/asr_audio/20260530_140123_asr_live/nemotron_streaming_0_6b/comp_5/attempt_002/session_286151_q01_qid_11485/option_B.wav,/kaggle/working/asr_audio/20260530_140123_asr_live/nemotron_streaming_0_6b/comp_5/attempt_002/session_286151_q01_qid_11485/option_C.wav,/kaggle/working/asr_audio/20260530_140123_asr_live/nemotron_streaming_0_6b/comp_5/attempt_002/session_286151_q01_qid_11485/option_D.wav,480044,99884,96044,99884,138284,10.0,2.08,2.0,2.08,2.88,1.425445556640625,0.679835319519043,0.6774179935455322,0.8214924335479736,0.8242371082305908,27.936172,3,0.6618165969848633,False,False,True,0,"According to the article published on twenty twenty six oh five eighteen, what substance was found to be effective in treating cocaine addiction in a clinical trial",Option A LSD.,Option B nicotine.,Option C psilocybin.,Option D Dai Finhydramine.,0.1758558750152588,0.08444595336914062,0.0823826789855957,0.08608174324035645,0.08993935585021973,0.5187056064605713,,,,,,,,,
20260530_140123_asr_live,2026-05-30 14:21:40,nemotron_streaming_0_6b,nvidia/nemotron-speech-streaming-en-0.6b,nemo_asr,cuda:1,float16,selected,selected,1,best_mean_similarity_if_available_else_preferred_beam,False,49.743738651275635,5,News,2,1,286151,11485,0,,0,,1,,2,,3,,/kaggle/working/asr_audio/20260530_140123_asr_live/nemotron_streaming_0_6b/comp_5/attempt_002/session_286151_q01_qid_11485/question.wav,/kaggle/working/asr_audio/20260530_140123_asr_live/nemotron_streaming_0_6b/comp_5/attempt_002/session_286151_q01_qid_11485/option_A.wav,/kaggle/working/asr_audio/20260530_140123_asr_live/nemotron_streaming_0_6b/comp_5/attempt_002/session_286151_q01_qid_11485/option_B.wav,/kaggle/working/asr_audio/20260530_140123_asr_live/nemotron_streaming_0_6b/comp_5/attempt_002/session_286151_q01_qid_11485/option_C.wav,/kaggle/working/asr_audio/20260530_140123_asr_live/nemotron_streaming_0_6b/comp_5/attempt_002/session_286151_q01_qid_11485/option_D.wav,480044,99884,96044,99884,138284,10.0,2.08,2.0,2.08,2.88,1.425445556640625,0.679835319519043,0.6774179935455322,0.8214924335479736,0.8242371082305908,27.936172,3,0.6618165969848633,False,False,True,0,"According to the article published on twenty twenty six oh five eighteen, what substance was found to be effective in treating cocaine addiction in a clinical trial",Option A LSD.,Option B nicotine.,Option C psilocybin.,Option D Dai Finhydramine.,0.1758558750152588,0.08444595336914062,0.0823826789855957,0.08608174324035645,0.08993935585021973,0.5187056064605713,,,,,,,,,
20260530_140123_asr_live,2026-05-30 14:21:47,nemotron_streaming_0_6b,nvidia/nemotron-speech-streaming-en-0.6b,nemo_asr,cuda:1,float16,1,candidate,,,False,49.743738651275635,5,News,3,1,286153,11685,0,,0,,1,,2,,3,,/kaggle/working/asr_audio/20260530_140123_asr_live/nemotron_streaming_0_6b/comp_5/attempt_003/session_286153_q01_qid_11685/question.wav,/kaggle/working/asr_audio/20260530_140123_asr_live/nemotron_streaming_0_6b/comp_5/attempt_003/session_286153_q01_qid_11685/option_A.wav,/kaggle/working/asr_audio/20260530_140123_asr_live/nemotron_streaming_0_6b/comp_5/attempt_003/session_286153_q01_qid_11685/option_B.wav,/kaggle/working/asr_audio/20260530_140123_asr_live/nemotron_streaming_0_6b/comp_5/attempt_003/session_286153_q01_qid_11685/option_C.wav,/kaggle/working/asr_audio/20260530_140123_asr_live/nemotron_streaming_0_6b/comp_5/attempt_003/session_286153_q01_qid_11685/option_D.wav,410924,142124,107564,119084,134444,8.56,2.96,2.24,2.48,2.8,1.2842049598693848,0.687201976776123,0.6789219379425049,0.8208179473876953,0.8219842910766602,27.938024,3,0.6616189479827881,False,False,True,0,What is the population of Elversburg? As mentioned in the report from twenty twenty six zero five eighteen,Option A thirteen thousand,Option B seven thousand.,Option C fifteen thousand.,Option D ten thousand uh,0.1697094440460205,0.09094715118408203,0.08734512329101562,0.08634710311889648,0.08598613739013672,0.5203349590301514,,,,,,,,,
20260530_140123_asr_live,2026-05-30 14:21:47,nemotron_streaming_0_6b,nvidia/nemotron-speech-streaming-en-0.6b,nemo_asr,cuda:1,float16,selected,selected,1,best_mean_similarity_if_available_else_preferred_beam,False,49.743738651275635,5,News,3,1,286153,11685,0,,0,,1,,2,,3,,/kaggle/working/asr_audio/20260530_140123_asr_live/nemotron_streaming_0_6b/comp_5/attempt_003/session_286153_q01_qid_11685/question.wav,/kaggle/working/asr_audio/20260530_140123_asr_live/nemotron_streaming_0_6b/comp_5/attempt_003/session_286153_q01_qid_11685/option_A.wav,/kaggle/working/asr_audio/20260530_140123_asr_live/nemotron_streaming_0_6b/comp_5/attempt_003/session_286153_q01_qid_11685/option_B.wav,/kaggle/working/asr_audio/20260530_140123_asr_live/nemotron_streaming_0_6b/comp_5/attempt_003/session_286153_q01_qid_11685/option_C.wav,/kaggle/working/asr_audio/20260530_140123_asr_live/nemotron_streaming_0_6b/comp_5/attempt_003/session_286153_q01_qid_11685/option_D.wav,410924,142124,107564,119084,134444,8.56,2.96,2.24,2.48,2.8,1.2842049598693848,0.687201976776123,0.6789219379425049,0.8208179473876953,0.8219842910766602,27.938024,3,0.6616189479827881,False,False,True,0,What is the population of Elversburg? As mentioned in the report from twenty twenty six zero five eighteen,Option A thirteen thousand,Option B seven thousand.,Option C fifteen thousand.,Option D ten thousand uh,0.1697094440460205,0.09094715118408203,0.08734512329101562,0.08634710311889648,0.08598613739013672,0.5203349590301514,,,,,,,,,
20260530_140123_asr_live,2026-05-30 14:21:54,nemotron_streaming_0_6b,nvidia/nemotron-speech-streaming-en-0.6b,nemo_asr,cuda:1,float16,1,candidate,,,False,49.743738651275635,5,News,4,1,286158,11104,0,,0,,1,,2,,3,,/kaggle/working/asr_audio/20260530_140123_asr_live/nemotron_streaming_0_6b/comp_5/attempt_004/session_286158_q01_qid_11104/question.wav,/kaggle/working/asr_audio/20260530_140123_asr_live/nemotron_streaming_0_6b/comp_5/attempt_004/session_286158_q01_qid_11104/option_A.wav,/kaggle/working/asr_audio/20260530_140123_asr_live/nemotron_streaming_0_6b/comp_5/attempt_004/session_286158_q01_qid_11104/option_B.wav,/kaggle/working/asr_audio/20260530_140123_asr_live/nemotron_streaming_0_6b/comp_5/attempt_004/session_286158_q01_qid_11104/option_C.wav,/kaggle/working/asr_audio/20260530_140123_asr_live/nemotron_streaming_0_6b/comp_5/attempt_004/session_286158_q01_qid_11104/option_D.wav,756524,103724,99884,88364,84524,15.76,2.16,2.08,1.84,1.76,1.4400708675384521,0.6797285079956055,0.6782200336456299,0.67606520652771,0.6781580448150635,59.417878,3,0.6669588088989258,True,False,False,100,"According to the Twenty Twenty Six O Five Fifteen article, which company CEO Jack Dorsey aims to have all employees eventually reporting directly to him minus the management layers.",Option A Coinbase,Option B Amazon,Option C meta.,Option D block.,0.25266432762145996,0.08424496650695801,0.08419394493103027,0.08501052856445312,0.07877373695373535,0.5848875045776367,,,,,,,,,
20260530_140123_asr_live,2026-05-30 14:21:54,nemotron_streaming_0_6b,nvidia/nemotron-speech-streaming-en-0.6b,nemo_asr,cuda:1,float16,selected,selected,1,best_mean_similarity_if_available_else_preferred_beam,False,49.743738651275635,5,News,4,1,286158,11104,0,,0,,1,,2,,3,,/kaggle/working/asr_audio/20260530_140123_asr_live/nemotron_streaming_0_6b/comp_5/attempt_004/session_286158_q01_qid_11104/question.wav,/kaggle/working/asr_audio/20260530_140123_asr_live/nemotron_streaming_0_6b/comp_5/attempt_004/session_286158_q01_qid_11104/option_A.wav,/kaggle/working/asr_audio/20260530_140123_asr_live/nemotron_streaming_0_6b/comp_5/attempt_004/session_286158_q01_qid_11104/option_B.wav,/kaggle/working/asr_audio/20260530_140123_asr_live/nemotron_streaming_0_6b/comp_5/attempt_004/session_286158_q01_qid_11104/option_C.wav,/kaggle/working/asr_audio/20260530_140123_asr_live/nemotron_streaming_0_6b/comp_5/attempt_004/session_286158_q01_qid_11104/option_D.wav,756524,103724,99884,88364,84524,15.76,2.16,2.08,1.84,1.76,1.4400708675384521,0.6797285079956055,0.6782200336456299,0.67606520652771,0.6781580448150635,59.417878,3,0.6669588088989258,True,False,False,100,"According to the Twenty Twenty Six O Five Fifteen article, which company CEO Jack Dorsey aims to have all employees eventually reporting directly to him minus the management layers.",Option A Coinbase,Option B Amazon,Option C meta.,Option D block.,0.25266432762145996,0.08424496650695801,0.08419394493103027,0.08501052856445312,0.07877373695373535,0.5848875045776367,,,,,,,,,
20260530_140123_asr_live,2026-05-30 14:22:00,nemotron_streaming_0_6b,nvidia/nemotron-speech-streaming-en-0.6b,nemo_asr,cuda:1,float16,1,candidate,,,False,49.743738651275635,5,News,4,2,286158,11608,0,,0,,1,,2,,3,,/kaggle/working/asr_audio/20260530_140123_asr_live/nemotron_streaming_0_6b/comp_5/attempt_004/session_286158_q02_qid_11608/question.wav,/kaggle/working/asr_audio/20260530_140123_asr_live/nemotron_streaming_0_6b/comp_5/attempt_004/session_286158_q02_qid_11608/option_A.wav,/kaggle/working/asr_audio/20260530_140123_asr_live/nemotron_streaming_0_6b/comp_5/attempt_004/session_286158_q02_qid_11608/option_B.wav,/kaggle/working/asr_audio/20260530_140123_asr_live/nemotron_streaming_0_6b/comp_5/attempt_004/session_286158_q02_qid_11608/option_C.wav,/kaggle/working/asr_audio/20260530_140123_asr_live/nemotron_streaming_0_6b/comp_5/attempt_004/session_286158_q02_qid_11608/option_D.wav,940844,149804,107564,80684,122924,19.6,3.12,2.24,1.68,2.56,1.584125280380249,0.685014009475708,0.6805591583251953,0.6767582893371582,0.8256773948669434,27.934929,3,0.6623709201812744,False,False,True,100,"On Twenty Twenty Six Zero Five Eighteen, the NPR article reported that which state had identified over five hundred fifty sicken countertop workers due to Greyka Kanadi's fide silico section T.",Option A Massachusetts.,Option B California.,"Option C, Florida.",Option D New York.,0.27451229095458984,0.08220386505126953,0.07961773872375488,0.08498001098632812,0.09081315994262695,0.6121270656585693,,,,,,,,,
20260530_140123_asr_live,2026-05-30 14:22:01,nemotron_streaming_0_6b,nvidia/nemotron-speech-streaming-en-0.6b,nemo_asr,cuda:1,float16,selected,selected,1,best_mean_similarity_if_available_else_preferred_beam,False,49.743738651275635,5,News,4,2,286158,11608,0,,0,,1,,2,,3,,/kaggle/working/asr_audio/20260530_140123_asr_live/nemotron_streaming_0_6b/comp_5/attempt_004/session_286158_q02_qid_11608/question.wav,/kaggle/working/asr_audio/20260530_140123_asr_live/nemotron_streaming_0_6b/comp_5/attempt_004/session_286158_q02_qid_11608/option_A.wav,/kaggle/working/asr_audio/20260530_140123_asr_live/nemotron_streaming_0_6b/comp_5/attempt_004/session_286158_q02_qid_11608/option_B.wav,/kaggle/working/asr_audio/20260530_140123_asr_live/nemotron_streaming_0_6b/comp_5/attempt_004/session_286158_q02_qid_11608/option_C.wav,/kaggle/working/asr_audio/20260530_140123_asr_live/nemotron_streaming_0_6b/comp_5/attempt_004/session_286158_q02_qid_11608/option_D.wav,940844,149804,107564,80684,122924,19.6,3.12,2.24,1.68,2.56,1.584125280380249,0.685014009475708,0.6805591583251953,0.6767582893371582,0.8256773948669434,27.934929,3,0.6623709201812744,False,False,True,100,"On Twenty Twenty Six Zero Five Eighteen, the NPR article reported that which state had identified over five hundred fifty sicken countertop workers due to Greyka Kanadi's fide silico section T.",Option A Massachusetts.,Option B California.,"Option C, Florida.",Option D New York.,0.27451229095458984,0.08220386505126953,0.07961773872375488,0.08498001098632812,0.09081315994262695,0.6121270656585693,,,,,,,,,
20260530_140123_asr_live,2026-05-30 14:22:08,nemotron_streaming_0_6b,nvidia/nemotron-speech-streaming-en-0.6b,nemo_asr,cuda:1,float16,1,candidate,,,False,49.743738651275635,5,News,5,1,286179,12082,0,,0,,1,,2,,3,,/kaggle/working/asr_audio/20260530_140123_asr_live/nemotron_streaming_0_6b/comp_5/attempt_005/session_286179_q01_qid_12082/question.wav,/kaggle/working/asr_audio/20260530_140123_asr_live/nemotron_streaming_0_6b/comp_5/attempt_005/session_286179_q01_qid_12082/option_A.wav,/kaggle/working/asr_audio/20260530_140123_asr_live/nemotron_streaming_0_6b/comp_5/attempt_005/session_286179_q01_qid_12082/option_B.wav,/kaggle/working/asr_audio/20260530_140123_asr_live/nemotron_streaming_0_6b/comp_5/attempt_005/session_286179_q01_qid_12082/option_C.wav,/kaggle/working/asr_audio/20260530_140123_asr_live/nemotron_streaming_0_6b/comp_5/attempt_005/session_286179_q01_qid_12082/option_D.wav,453164,215084,138284,218924,184364,9.44,4.48,2.88,4.56,3.84,1.4207768440246582,0.6946721076965332,0.6826870441436768,0.8298218250274658,0.8199827671051025,27.941119,3,0.6616590023040771,False,False,True,0,"On two thousand twenty six to five, oh seven, the article states that David Attenborough holds a Guinness World Record What is this record pertain to?",Option A longest career as a television presenter and naturalist.,Option B longest living broadcaster.,Option C most nominations for the Nobel Peace Prize.,Option D most wildlife documentaries produced.,0.17881369590759277,0.11467504501342773,0.08678483963012695,0.08842277526855469,0.08815622329711914,0.5568525791168213,,,,,,,,,
20260530_140123_asr_live,2026-05-30 14:22:08,nemotron_streaming_0_6b,nvidia/nemotron-speech-streaming-en-0.6b,nemo_asr,cuda:1,float16,selected,selected,1,best_mean_similarity_if_available_else_preferred_beam,False,49.743738651275635,5,News,5,1,286179,12082,0,,0,,1,,2,,3,,/kaggle/working/asr_audio/20260530_140123_asr_live/nemotron_streaming_0_6b/comp_5/attempt_005/session_286179_q01_qid_12082/question.wav,/kaggle/working/asr_audio/20260530_140123_asr_live/nemotron_streaming_0_6b/comp_5/attempt_005/session_286179_q01_qid_12082/option_A.wav,/kaggle/working/asr_audio/20260530_140123_asr_live/nemotron_streaming_0_6b/comp_5/attempt_005/session_286179_q01_qid_12082/option_B.wav,/kaggle/working/asr_audio/20260530_140123_asr_live/nemotron_streaming_0_6b/comp_5/attempt_005/session_286179_q01_qid_12082/option_C.wav,/kaggle/working/asr_audio/20260530_140123_asr_live/nemotron_streaming_0_6b/comp_5/attempt_005/session_286179_q01_qid_12082/option_D.wav,453164,215084,138284,218924,184364,9.44,4.48,2.88,4.56,3.84,1.4207768440246582,0.6946721076965332,0.6826870441436768,0.8298218250274658,0.8199827671051025,27.941119,3,0.6616590023040771,False,False,True,0,"On two thousand twenty six to five, oh seven, the article states that David Attenborough holds a Guinness World Record What is this record pertain to?",Option A longest career as a television presenter and naturalist.,Option B longest living broadcaster.,Option C most nominations for the Nobel Peace Prize.,Option D most wildlife documentaries produced.,0.17881369590759277,0.11467504501342773,0.08678483963012695,0.08842277526855469,0.08815622329711914,0.5568525791168213,,,,,,,,,
