run_id,attempt_number,session_started_at,session_id,competition_id,competition_name,question_id,question_level,game_current_level_before,time_remaining_before,question_text,options_json,retrieval_sources,math_tool_trace,fallback_used,speech_mode,speech_model,speech_device,speech_question_transcript,speech_options_transcript_json,speech_fetch_question_seconds,speech_fetch_option_seconds,speech_transcription_seconds,speech_time_remaining_after_last_audio_fetch,speech_time_remaining_before_strategy,speech_audio_meta_json,error_message
20260529_153723_selected,1,2026-05-29 15:37:23,265884,0,Entertainment,236,0,1,28.381567,What best describes Brad Pitt's early education and decision to pursue acting?,"[[0, ""Option A, he attended multiple universities before finding his passion for acting.""], [1, ""Option B. He left the University of Missouri two weeks short of graduation to pursue acting.""], [2, ""Option C, he dropped out of high school to focus on acting.""], [3, ""option D. He completed his journalism degree before moving to Los Angeles.""]]",[],,exception,True,distil-whisper/distil-medium.en,cuda:1,What best describes Brad Pitt's early education and decision to pursue acting?,"[[0, ""Option A, he attended multiple universities before finding his passion for acting.""], [1, ""Option B. He left the University of Missouri two weeks short of graduation to pursue acting.""], [2, ""Option C, he dropped out of high school to focus on acting.""], [3, ""option D. He completed his journalism degree before moving to Los Angeles.""]]",1.0611379146575928,2.39115834236145,1.946669340133667,28.527729,28.382268,"[{""label"": ""question"", ""seconds"": 1.2917592525482178, ""audio_bytes"": 253484, ""audio_samples"": 84480, ""sampling_rate"": 16000, ""audio_path"": null}, {""label"": ""option_A"", ""seconds"": 0.20368146896362305, ""audio_bytes"": 257324, ""audio_samples"": 85760, ""sampling_rate"": 16000, ""audio_path"": null}, {""label"": ""option_B"", ""seconds"": 0.16575193405151367, ""audio_bytes"": 288044, ""audio_samples"": 96000, ""sampling_rate"": 16000, ""audio_path"": null}, {""label"": ""option_C"", ""seconds"": 0.14009404182434082, ""audio_bytes"": 188204, ""audio_samples"": 62720, ""sampling_rate"": 16000, ""audio_path"": null}, {""label"": ""option_D"", ""seconds"": 0.14538264274597168, ""audio_bytes"": 265004, ""audio_samples"": 88320, ""sampling_rate"": 16000, ""audio_path"": null}]","NameError(""name 'unified_retrieve' is not defined"")"
20260529_153723_selected,2,2026-05-29 15:37:58,265892,0,Entertainment,796,0,1,29.492903,What is the relationship between A Haunted House 2 and the 2013 film A Haunted House?,"[[0, ""Option A, it is a prequel to the 2013 film.""], [1, ""Option B. It is a remake of the 2013 film.""], [2, ""Option C, they are unrelated films.""], [3, ""option D. It is a sequel to the 2013 film.""]]",[],,exception,True,distil-whisper/distil-medium.en,cuda:1,What is the relationship between A Haunted House 2 and the 2013 film A Haunted House?,"[[0, ""Option A, it is a prequel to the 2013 film.""], [1, ""Option B. It is a remake of the 2013 film.""], [2, ""Option C, they are unrelated films.""], [3, ""option D. It is a sequel to the 2013 film.""]]",1.0506665706634521,1.1722867488861084,0.8452572822570801,29.649771,29.493648,"[{""label"": ""question"", ""seconds"": 0.20847582817077637, ""audio_bytes"": 387884, ""audio_samples"": 129280, ""sampling_rate"": 16000, ""audio_path"": null}, {""label"": ""option_A"", ""seconds"": 0.17005705833435059, ""audio_bytes"": 215084, ""audio_samples"": 71680, ""sampling_rate"": 16000, ""audio_path"": null}, {""label"": ""option_B"", ""seconds"": 0.16821980476379395, ""audio_bytes"": 299564, ""audio_samples"": 99840, ""sampling_rate"": 16000, ""audio_path"": null}, {""label"": ""option_C"", ""seconds"": 0.1424708366394043, ""audio_bytes"": 184364, ""audio_samples"": 61440, ""sampling_rate"": 16000, ""audio_path"": null}, {""label"": ""option_D"", ""seconds"": 0.15603375434875488, ""audio_bytes"": 199724, ""audio_samples"": 66560, ""sampling_rate"": 16000, ""audio_path"": null}]","NameError(""name 'unified_retrieve' is not defined"")"
20260529_153723_selected,3,2026-05-29 15:38:05,265896,0,Entertainment,154,0,1,29.497556,How does Madonna's use of religious and racial imagery in music videos such as like a prayer relate to her artistic expression?,"[[0, ""Option A, it was intended to alienate her fan base and reduce her popularity.""], [1, ""Option B, it was a deliberate attempt to challenge traditional gender norms and societal expectations.""], [2, ""Option C, it was a random choice with no specific artistic intent.""], [3, ""Thompson D. It was purely for commercial gain and had no deeper meaning.""]]",[],,exception,True,distil-whisper/distil-medium.en,cuda:1,How does Madonna's use of religious and racial imagery in music videos such as like a prayer relate to her artistic expression?,"[[0, ""Option A, it was intended to alienate her fan base and reduce her popularity.""], [1, ""Option B, it was a deliberate attempt to challenge traditional gender norms and societal expectations.""], [2, ""Option C, it was a random choice with no specific artistic intent.""], [3, ""Thompson D. It was purely for commercial gain and had no deeper meaning.""]]",1.243879795074463,1.1805691719055176,0.8476033210754395,29.646206,29.498461,"[{""label"": ""question"", ""seconds"": 0.24474883079528809, ""audio_bytes"": 449324, ""audio_samples"": 149760, ""sampling_rate"": 16000, ""audio_path"": null}, {""label"": ""option_A"", ""seconds"": 0.15394091606140137, ""audio_bytes"": 265004, ""audio_samples"": 88320, ""sampling_rate"": 16000, ""audio_path"": null}, {""label"": ""option_B"", ""seconds"": 0.1607685089111328, ""audio_bytes"": 314924, ""audio_samples"": 104960, ""sampling_rate"": 16000, ""audio_path"": null}, {""label"": ""option_C"", ""seconds"": 0.14049887657165527, ""audio_bytes"": 211244, ""audio_samples"": 70400, ""sampling_rate"": 16000, ""audio_path"": null}, {""label"": ""option_D"", ""seconds"": 0.14764618873596191, ""audio_bytes"": 226604, ""audio_samples"": 75520, ""sampling_rate"": 16000, ""audio_path"": null}]","NameError(""name 'unified_retrieve' is not defined"")"
20260529_153723_selected,4,2026-05-29 15:38:12,265899,0,Entertainment,591,0,1,29.507318,Which of the following best explains the significance of Taylor Swift's 2021 re-recorded albums in the music industry?,"[[0, ""Option A, they allowed her to control the licensing of her songs for commercial use.""], [1, ""Option B. They marked her transition from country to pop music.""], [2, ""Option C, they were her first forays into filmmaking.""], [3, ""option D. They showcased her improved songwriting skills.""]]",[],,exception,True,distil-whisper/distil-medium.en,cuda:1,Which of the following best explains the significance of Taylor Swift's 2021 re-recorded albums in the music industry?,"[[0, ""Option A, they allowed her to control the licensing of her songs for commercial use.""], [1, ""Option B. They marked her transition from country to pop music.""], [2, ""Option C, they were her first forays into filmmaking.""], [3, ""option D. They showcased her improved songwriting skills.""]]",1.045506238937378,1.1774120330810547,0.8435728549957275,29.648739,29.508228,"[{""label"": ""question"", ""seconds"": 0.22066760063171387, ""audio_bytes"": 341804, ""audio_samples"": 113920, ""sampling_rate"": 16000, ""audio_path"": null}, {""label"": ""option_A"", ""seconds"": 0.17786812782287598, ""audio_bytes"": 245804, ""audio_samples"": 81920, ""sampling_rate"": 16000, ""audio_path"": null}, {""label"": ""option_B"", ""seconds"": 0.16112470626831055, ""audio_bytes"": 276524, ""audio_samples"": 92160, ""sampling_rate"": 16000, ""audio_path"": null}, {""label"": ""option_C"", ""seconds"": 0.14347362518310547, ""audio_bytes"": 172844, ""audio_samples"": 57600, ""sampling_rate"": 16000, ""audio_path"": null}, {""label"": ""option_D"", ""seconds"": 0.14043879508972168, ""audio_bytes"": 199724, ""audio_samples"": 66560, ""sampling_rate"": 16000, ""audio_path"": null}]","NameError(""name 'unified_retrieve' is not defined"")"
20260529_153723_selected,5,2026-05-29 15:38:19,265901,0,Entertainment,674,0,1,29.345807,What term describes the style of Hollywood crime dramas characterized by cynical attitudes and motivations in the 1940s and 1950s?,"[[0, ""Option A. Romantic comedy!""], [1, ""Option B. Musical.""], [2, ""option C. The monoir.""], [3, ""option D. Western.""]]",[],,exception,True,distil-whisper/distil-medium.en,cuda:1,What term describes the style of Hollywood crime dramas characterized by cynical attitudes and motivations in the 1940s and 1950s?,"[[0, ""Option A. Romantic comedy!""], [1, ""Option B. Musical.""], [2, ""option C. The monoir.""], [3, ""option D. Western.""]]",1.2452960014343262,1.1309154033660889,0.6926069259643555,29.460887,29.346443,"[{""label"": ""question"", ""seconds"": 0.23876094818115234, ""audio_bytes"": 491564, ""audio_samples"": 163840, ""sampling_rate"": 16000, ""audio_path"": null}, {""label"": ""option_A"", ""seconds"": 0.1121528148651123, ""audio_bytes"": 119084, ""audio_samples"": 39680, ""sampling_rate"": 16000, ""audio_path"": null}, {""label"": ""option_B"", ""seconds"": 0.10856509208679199, ""audio_bytes"": 96044, ""audio_samples"": 32000, ""sampling_rate"": 16000, ""audio_path"": null}, {""label"": ""option_C"", ""seconds"": 0.11876153945922852, ""audio_bytes"": 96044, ""audio_samples"": 32000, ""sampling_rate"": 16000, ""audio_path"": null}, {""label"": ""option_D"", ""seconds"": 0.11436653137207031, ""audio_bytes"": 291884, ""audio_samples"": 97280, ""sampling_rate"": 16000, ""audio_path"": null}]","NameError(""name 'unified_retrieve' is not defined"")"
20260529_153723_selected,6,2026-05-29 15:38:26,265904,0,Entertainment,88,0,1,29.515898,What is the significance of the mysterious briefcase in Pulp Fiction?,"[[0, ""Option A, it is a prop for the final scene.""], [1, ""Option B. It is a McGuffin.""], [2, ""Option C, it contains diamonds!""], [3, ""option D it is revealed to contain Marcellus's soul""]]",[],,exception,True,distil-whisper/distil-medium.en,cuda:1,What is the significance of the mysterious briefcase in Pulp Fiction?,"[[0, ""Option A, it is a prop for the final scene.""], [1, ""Option B. It is a McGuffin.""], [2, ""Option C, it contains diamonds!""], [3, ""option D it is revealed to contain Marcellus's soul""]]",0.8406219482421875,1.146075963973999,0.7101273536682129,29.651538,29.516586,"[{""label"": ""question"", ""seconds"": 0.19687414169311523, ""audio_bytes"": 184364, ""audio_samples"": 61440, ""sampling_rate"": 16000, ""audio_path"": null}, {""label"": ""option_A"", ""seconds"": 0.13668513298034668, ""audio_bytes"": 165164, ""audio_samples"": 55040, ""sampling_rate"": 16000, ""audio_path"": null}, {""label"": ""option_B"", ""seconds"": 0.12591123580932617, ""audio_bytes"": 126764, ""audio_samples"": 42240, ""sampling_rate"": 16000, ""audio_path"": null}, {""label"": ""option_C"", ""seconds"": 0.11580634117126465, ""audio_bytes"": 149804, ""audio_samples"": 49920, ""sampling_rate"": 16000, ""audio_path"": null}, {""label"": ""option_D"", ""seconds"": 0.13485050201416016, ""audio_bytes"": 203564, ""audio_samples"": 67840, ""sampling_rate"": 16000, ""audio_path"": null}]","NameError(""name 'unified_retrieve' is not defined"")"
20260529_153723_selected,7,2026-05-29 15:38:32,265908,0,Entertainment,419,0,1,29.526427,Which of the following best describes Mariah Carey's early music style?,"[[0, ""Option A. Alternative rock!""], [1, ""Option B. Electronic dance music.""], [2, ""Option C. Pop in adult contemporary ballads!""], [3, ""option D hip-hip-hop and rap""]]",[],,exception,True,distil-whisper/distil-medium.en,cuda:1,Which of the following best describes Mariah Carey's early music style?,"[[0, ""Option A. Alternative rock!""], [1, ""Option B. Electronic dance music.""], [2, ""Option C. Pop in adult contemporary ballads!""], [3, ""option D hip-hip-hop and rap""]]",0.8423521518707275,0.9451329708099365,0.7298555374145508,29.661843,29.527278,"[{""label"": ""question"", ""seconds"": 0.19910502433776855, ""audio_bytes"": 203564, ""audio_samples"": 67840, ""sampling_rate"": 16000, ""audio_path"": null}, {""label"": ""option_A"", ""seconds"": 0.12398195266723633, ""audio_bytes"": 107564, ""audio_samples"": 35840, ""sampling_rate"": 16000, ""audio_path"": null}, {""label"": ""option_B"", ""seconds"": 0.12979531288146973, ""audio_bytes"": 199724, ""audio_samples"": 66560, ""sampling_rate"": 16000, ""audio_path"": null}, {""label"": ""option_C"", ""seconds"": 0.14249372482299805, ""audio_bytes"": 165164, ""audio_samples"": 55040, ""sampling_rate"": 16000, ""audio_path"": null}, {""label"": ""option_D"", ""seconds"": 0.13447952270507812, ""audio_bytes"": 96044, ""audio_samples"": 32000, ""sampling_rate"": 16000, ""audio_path"": null}]","NameError(""name 'unified_retrieve' is not defined"")"
20260529_153723_selected,8,2026-05-29 15:38:39,265911,0,Entertainment,591,0,1,29.490175,Which of the following best explains the significance of Taylor Swift's 2021 re-recorded albums in the music industry?,"[[0, ""Option A. They showcase her improved songwriting skills.""], [1, ""Option B, they were her first forays into filmmaking.""], [2, ""Option C, they allowed her to control the licensing of her songs for commercial use.""], [3, ""option D. They marked her transition from country to pop music.""]]",[],,exception,True,distil-whisper/distil-medium.en,cuda:1,Which of the following best explains the significance of Taylor Swift's 2021 re-recorded albums in the music industry?,"[[0, ""Option A. They showcase her improved songwriting skills.""], [1, ""Option B, they were her first forays into filmmaking.""], [2, ""Option C, they allowed her to control the licensing of her songs for commercial use.""], [3, ""option D. They marked her transition from country to pop music.""]]",1.061683177947998,1.187727928161621,0.8386995792388916,29.640332,29.490877,"[{""label"": ""question"", ""seconds"": 0.22806763648986816, ""audio_bytes"": 341804, ""audio_samples"": 113920, ""sampling_rate"": 16000, ""audio_path"": null}, {""label"": ""option_A"", ""seconds"": 0.15218353271484375, ""audio_bytes"": 199724, ""audio_samples"": 66560, ""sampling_rate"": 16000, ""audio_path"": null}, {""label"": ""option_B"", ""seconds"": 0.14325976371765137, ""audio_bytes"": 180524, ""audio_samples"": 60160, ""sampling_rate"": 16000, ""audio_path"": null}, {""label"": ""option_C"", ""seconds"": 0.16581082344055176, ""audio_bytes"": 241964, ""audio_samples"": 80640, ""sampling_rate"": 16000, ""audio_path"": null}, {""label"": ""option_D"", ""seconds"": 0.14937782287597656, ""audio_bytes"": 272684, ""audio_samples"": 90880, ""sampling_rate"": 16000, ""audio_path"": null}]","NameError(""name 'unified_retrieve' is not defined"")"
20260529_153723_selected,9,2026-05-29 15:38:46,265914,0,Entertainment,11,0,1,29.508085,Which of the following best describes the relationship between Leonardo DiCaprio and Martin Scorsese?,"[[0, ""Option A, they often disagree on the direction of their films.""], [1, ""Option B, they have never worked together on a film.""], [2, ""Option C, they have a long-standing professional and personal friendship.""], [3, ""Thompson D. They are distant and rarely work together.""]]",[],,exception,True,distil-whisper/distil-medium.en,cuda:1,Which of the following best describes the relationship between Leonardo DiCaprio and Martin Scorsese?,"[[0, ""Option A, they often disagree on the direction of their films.""], [1, ""Option B, they have never worked together on a film.""], [2, ""Option C, they have a long-standing professional and personal friendship.""], [3, ""Thompson D. They are distant and rarely work together.""]]",1.0576951503753662,1.1890671253204346,0.781888484954834,29.640712,29.508918,"[{""label"": ""question"", ""seconds"": 0.21202516555786133, ""audio_bytes"": 311084, ""audio_samples"": 103680, ""sampling_rate"": 16000, ""audio_path"": null}, {""label"": ""option_A"", ""seconds"": 0.14835596084594727, ""audio_bytes"": 203564, ""audio_samples"": 67840, ""sampling_rate"": 16000, ""audio_path"": null}, {""label"": ""option_B"", ""seconds"": 0.1420736312866211, ""audio_bytes"": 195884, ""audio_samples"": 65280, ""sampling_rate"": 16000, ""audio_path"": null}, {""label"": ""option_C"", ""seconds"": 0.1477212905883789, ""audio_bytes"": 295724, ""audio_samples"": 98560, ""sampling_rate"": 16000, ""audio_path"": null}, {""label"": ""option_D"", ""seconds"": 0.1317124366760254, ""audio_bytes"": 199724, ""audio_samples"": 66560, ""sampling_rate"": 16000, ""audio_path"": null}]","NameError(""name 'unified_retrieve' is not defined"")"
20260529_153723_selected,10,2026-05-29 15:38:53,265917,0,Entertainment,517,0,1,29.519448,Which of the following best describes the relationship between Batman and the Joker in the Dark Night?,"[[0, ""Option A Batman and the Joker are mortal enemies.""], [1, ""Option B. Batman and the Joker are romantic partners.""], [2, ""Option C, Batman and the Joker are friends.""], [3, ""option D Batman and the Joker are allies.""]]",[],,exception,True,distil-whisper/distil-medium.en,cuda:1,Which of the following best describes the relationship between Batman and the Joker in the Dark Night?,"[[0, ""Option A Batman and the Joker are mortal enemies.""], [1, ""Option B. Batman and the Joker are romantic partners.""], [2, ""Option C, Batman and the Joker are friends.""], [3, ""option D Batman and the Joker are allies.""]]",1.0574626922607422,1.1680018901824951,0.799607515335083,29.655039,29.520282,"[{""label"": ""question"", ""seconds"": 0.21114778518676758, ""audio_bytes"": 261164, ""audio_samples"": 87040, ""sampling_rate"": 16000, ""audio_path"": null}, {""label"": ""option_A"", ""seconds"": 0.16475725173950195, ""audio_bytes"": 192044, ""audio_samples"": 64000, ""sampling_rate"": 16000, ""audio_path"": null}, {""label"": ""option_B"", ""seconds"": 0.14666152000427246, ""audio_bytes"": 188204, ""audio_samples"": 62720, ""sampling_rate"": 16000, ""audio_path"": null}, {""label"": ""option_C"", ""seconds"": 0.14236044883728027, ""audio_bytes"": 199724, ""audio_samples"": 66560, ""sampling_rate"": 16000, ""audio_path"": null}, {""label"": ""option_D"", ""seconds"": 0.13468050956726074, ""audio_bytes"": 149804, ""audio_samples"": 49920, ""sampling_rate"": 16000, ""audio_path"": null}]","NameError(""name 'unified_retrieve' is not defined"")"
20260529_153900_selected,1,2026-05-29 15:39:00,265922,1,Ancient History and Politics,1147,0,1,29.5455,What term describes the ancient tribe that lived on the alluvial plain around the rivers Haldiac Mon and Lower Axios in the northeastern part of mainland Greece?,"[[0, ""Option A. A. Kans.""], [1, ""option B. Macedonians!""], [2, ""Option C. Heelirians!""], [3, ""option D. Plations!""]]",[],,exception,True,distil-whisper/distil-medium.en,cuda:1,What term describes the ancient tribe that lived on the alluvial plain around the rivers Haldiac Mon and Lower Axios in the northeastern part of mainland Greece?,"[[0, ""Option A. A. Kans.""], [1, ""option B. Macedonians!""], [2, ""Option C. Heelirians!""], [3, ""option D. Plations!""]]",1.037299394607544,0.9484155178070068,0.7896163463592529,29.664436,29.546088,"[{""label"": ""question"", ""seconds"": 0.27935266494750977, ""audio_bytes"": 414764, ""audio_samples"": 138240, ""sampling_rate"": 16000, ""audio_path"": null}, {""label"": ""option_A"", ""seconds"": 0.14148664474487305, ""audio_bytes"": 211244, ""audio_samples"": 70400, ""sampling_rate"": 16000, ""audio_path"": null}, {""label"": ""option_B"", ""seconds"": 0.12387609481811523, ""audio_bytes"": 145964, ""audio_samples"": 48640, ""sampling_rate"": 16000, ""audio_path"": null}, {""label"": ""option_C"", ""seconds"": 0.12663507461547852, ""audio_bytes"": 169004, ""audio_samples"": 56320, ""sampling_rate"": 16000, ""audio_path"": null}, {""label"": ""option_D"", ""seconds"": 0.11826586723327637, ""audio_bytes"": 115244, ""audio_samples"": 38400, ""sampling_rate"": 16000, ""audio_path"": null}]","NameError(""name 'unified_retrieve' is not defined"")"
20260529_153900_selected,2,2026-05-29 15:39:07,265925,1,Ancient History and Politics,900,0,1,29.51067,How did the Byzantine Empire and the Ottoman Empire view themselves in relation to the Roman Empire?,"[[0, ""Option A, both considered themselves as separate and independent entities.""], [1, ""Option B. The Byzantine Empire considered itself a continuation of the Western Roman Empire.""], [2, ""Option C, the Ottoman Empire considered itself the rightful heir of the Eastern Roman Empire.""], [3, ""Topshin D both considered themselves as barbarian kingdoms.""]]",[],,exception,True,distil-whisper/distil-medium.en,cuda:1,How did the Byzantine Empire and the Ottoman Empire view themselves in relation to the Roman Empire?,"[[0, ""Option A, both considered themselves as separate and independent entities.""], [1, ""Option B. The Byzantine Empire considered itself a continuation of the Western Roman Empire.""], [2, ""Option C, the Ottoman Empire considered itself the rightful heir of the Eastern Roman Empire.""], [3, ""Topshin D both considered themselves as barbarian kingdoms.""]]",1.0332796573638916,1.1853275299072266,0.8690330982208252,29.649233,29.511392,"[{""label"": ""question"", ""seconds"": 0.2089710235595703, ""audio_bytes"": 318764, ""audio_samples"": 106240, ""sampling_rate"": 16000, ""audio_path"": null}, {""label"": ""option_A"", ""seconds"": 0.1725325584411621, ""audio_bytes"": 245804, ""audio_samples"": 81920, ""sampling_rate"": 16000, ""audio_path"": null}, {""label"": ""option_B"", ""seconds"": 0.18397951126098633, ""audio_bytes"": 291884, ""audio_samples"": 97280, ""sampling_rate"": 16000, ""audio_path"": null}, {""label"": ""option_C"", ""seconds"": 0.16579031944274902, ""audio_bytes"": 268844, ""audio_samples"": 89600, ""sampling_rate"": 16000, ""audio_path"": null}, {""label"": ""option_D"", ""seconds"": 0.13775968551635742, ""audio_bytes"": 230444, ""audio_samples"": 76800, ""sampling_rate"": 16000, ""audio_path"": null}]","NameError(""name 'unified_retrieve' is not defined"")"
20260529_153900_selected,3,2026-05-29 15:39:14,265929,1,Ancient History and Politics,1087,0,1,29.513247,"According to Aristotle, what is the fundamental difference between Apollis and other types of communities such as households and villages?","[[0, ""Option A a polis is ruled by a single leader.""], [1, ""Option B, a polis is a smaller version of a village.""], [2, ""Option C, Apollis is characterized by the presence of a common political life.""], [3, ""option D. A polis is based on trade and commerce.""]]",[],,exception,True,distil-whisper/distil-medium.en,cuda:1,"According to Aristotle, what is the fundamental difference between Apollis and other types of communities such as households and villages?","[[0, ""Option A a polis is ruled by a single leader.""], [1, ""Option B, a polis is a smaller version of a village.""], [2, ""Option C, Apollis is characterized by the presence of a common political life.""], [3, ""option D. A polis is based on trade and commerce.""]]",1.2300832271575928,0.9766454696655273,0.8344020843505859,29.656133,29.513956,"[{""label"": ""question"", ""seconds"": 0.2426595687866211, ""audio_bytes"": 514604, ""audio_samples"": 171520, ""sampling_rate"": 16000, ""audio_path"": null}, {""label"": ""option_A"", ""seconds"": 0.1412496566772461, ""audio_bytes"": 172844, ""audio_samples"": 57600, ""sampling_rate"": 16000, ""audio_path"": null}, {""label"": ""option_B"", ""seconds"": 0.14748024940490723, ""audio_bytes"": 238124, ""audio_samples"": 79360, ""sampling_rate"": 16000, ""audio_path"": null}, {""label"": ""option_C"", ""seconds"": 0.16092991828918457, ""audio_bytes"": 276524, ""audio_samples"": 92160, ""sampling_rate"": 16000, ""audio_path"": null}, {""label"": ""option_D"", ""seconds"": 0.14208269119262695, ""audio_bytes"": 176684, ""audio_samples"": 58880, ""sampling_rate"": 16000, ""audio_path"": null}]","NameError(""name 'unified_retrieve' is not defined"")"
20260529_153900_selected,4,2026-05-29 15:39:21,265931,1,Ancient History and Politics,852,0,1,29.48543,Out at the Macedonian elite bury their rulers according to archaeological evidence.,"[[0, ""Option A, they constructed lavish tombs filled with grave goods and artwork.""], [1, ""Option B, they built large temples to honor the deceased.""], [2, ""Option C. They buried their rulers in simple pits without any grave goods.""], [3, ""Thompson D. They held elaborate funerals with cremation and burial of ashes.""]]",[],,exception,True,distil-whisper/distil-medium.en,cuda:1,Out at the Macedonian elite bury their rulers according to archaeological evidence.,"[[0, ""Option A, they constructed lavish tombs filled with grave goods and artwork.""], [1, ""Option B, they built large temples to honor the deceased.""], [2, ""Option C. They buried their rulers in simple pits without any grave goods.""], [3, ""Thompson D. They held elaborate funerals with cremation and burial of ashes.""]]",1.0275914669036865,1.3509337902069092,0.8354401588439941,29.646395,29.486115,"[{""label"": ""question"", ""seconds"": 0.1936783790588379, ""audio_bytes"": 249644, ""audio_samples"": 83200, ""sampling_rate"": 16000, ""audio_path"": null}, {""label"": ""option_A"", ""seconds"": 0.16632080078125, ""audio_bytes"": 257324, ""audio_samples"": 85760, ""sampling_rate"": 16000, ""audio_path"": null}, {""label"": ""option_B"", ""seconds"": 0.1501321792602539, ""audio_bytes"": 199724, ""audio_samples"": 66560, ""sampling_rate"": 16000, ""audio_path"": null}, {""label"": ""option_C"", ""seconds"": 0.1651167869567871, ""audio_bytes"": 457004, ""audio_samples"": 152320, ""sampling_rate"": 16000, ""audio_path"": null}, {""label"": ""option_D"", ""seconds"": 0.16019201278686523, ""audio_bytes"": 249644, ""audio_samples"": 83200, ""sampling_rate"": 16000, ""audio_path"": null}]","NameError(""name 'unified_retrieve' is not defined"")"
20260529_153900_selected,5,2026-05-29 15:39:28,265935,1,Ancient History and Politics,999,0,1,29.533324,What is the primary reason for the difficulty in reconstructing Socrates' true thoughts and beliefs?,"[[0, ""Option A, Socrates is seeing extensive travel.""], [1, ""Option B. Passain. Lutliki? Then other thing of God lacks one of porn and get tend it sucks.""], [2, ""Option C, Socrates Personal Diaries.""], [3, ""option D Socrates' own writings.""]]",[],,exception,True,distil-whisper/distil-medium.en,cuda:1,What is the primary reason for the difficulty in reconstructing Socrates' true thoughts and beliefs?,"[[0, ""Option A, Socrates is seeing extensive travel.""], [1, ""Option B. Passain. Lutliki? Then other thing of God lacks one of porn and get tend it sucks.""], [2, ""Option C, Socrates Personal Diaries.""], [3, ""option D Socrates' own writings.""]]",1.03387451171875,1.3195931911468506,0.8438570499420166,29.659964,29.533987,"[{""label"": ""question"", ""seconds"": 0.21355748176574707, ""audio_bytes"": 314924, ""audio_samples"": 104960, ""sampling_rate"": 16000, ""audio_path"": null}, {""label"": ""option_A"", ""seconds"": 0.15247249603271484, ""audio_bytes"": 172844, ""audio_samples"": 57600, ""sampling_rate"": 16000, ""audio_path"": null}, {""label"": ""option_B"", ""seconds"": 0.21683359146118164, ""audio_bytes"": 437804, ""audio_samples"": 145920, ""sampling_rate"": 16000, ""audio_path"": null}, {""label"": ""option_C"", ""seconds"": 0.13509631156921387, ""audio_bytes"": 145964, ""audio_samples"": 48640, ""sampling_rate"": 16000, ""audio_path"": null}, {""label"": ""option_D"", ""seconds"": 0.12589716911315918, ""audio_bytes"": 145964, ""audio_samples"": 48640, ""sampling_rate"": 16000, ""audio_path"": null}]","NameError(""name 'unified_retrieve' is not defined"")"
20260529_153900_selected,6,2026-05-29 15:39:35,265937,1,Ancient History and Politics,1055,0,1,29.541389,"According to Hittite documents, which term is believed to be related to the name of the Akaians and is mentioned in the Tuagalawa letter.","[[0, ""Option A. Svergala.""], [1, ""Option B. Heh. With Luza.""], [2, ""Option C, Madu Water.""], [3, ""option D. A Yawa.""]]",[],,exception,True,distil-whisper/distil-medium.en,cuda:1,"According to Hittite documents, which term is believed to be related to the name of the Akaians and is mentioned in the Tuagalawa letter.","[[0, ""Option A. Svergala.""], [1, ""Option B. Heh. With Luza.""], [2, ""Option C, Madu Water.""], [3, ""option D. A Yawa.""]]",1.0367310047149658,0.9350564479827881,0.777411937713623,29.661194,29.542203,"[{""label"": ""question"", ""seconds"": 0.27724337577819824, ""audio_bytes"": 384044, ""audio_samples"": 128000, ""sampling_rate"": 16000, ""audio_path"": null}, {""label"": ""option_A"", ""seconds"": 0.1281123161315918, ""audio_bytes"": 157484, ""audio_samples"": 52480, ""sampling_rate"": 16000, ""audio_path"": null}, {""label"": ""option_B"", ""seconds"": 0.13358497619628906, ""audio_bytes"": 153644, ""audio_samples"": 51200, ""sampling_rate"": 16000, ""audio_path"": null}, {""label"": ""option_C"", ""seconds"": 0.11956334114074707, ""audio_bytes"": 115244, ""audio_samples"": 38400, ""sampling_rate"": 16000, ""audio_path"": null}, {""label"": ""option_D"", ""seconds"": 0.11890792846679688, ""audio_bytes"": 145964, ""audio_samples"": 48640, ""sampling_rate"": 16000, ""audio_path"": null}]","NameError(""name 'unified_retrieve' is not defined"")"
20260529_153900_selected,7,2026-05-29 15:39:42,265940,1,Ancient History and Politics,856,0,1,29.523891,"Ha ha, according to Hittite documents, which term is believed to be related to the name of the Aikayans, and is mentioned in the Tawagalawa letter?","[[0, ""Option A. Ta-Wagala-Wah!""], [1, ""Option Brelusa!""], [2, ""Option C. A Hiaawa.""], [3, ""Thompson D. Madawattah!""]]",[],,exception,True,distil-whisper/distil-medium.en,cuda:1,"Ha ha, according to Hittite documents, which term is believed to be related to the name of the Aikayans, and is mentioned in the Tawagalawa letter?","[[0, ""Option A. Ta-Wagala-Wah!""], [1, ""Option Brelusa!""], [2, ""Option C. A Hiaawa.""], [3, ""Thompson D. Madawattah!""]]",1.226886510848999,0.9321258068084717,0.8191237449645996,29.663172,29.525105,"[{""label"": ""question"", ""seconds"": 0.29878973960876465, ""audio_bytes"": 464684, ""audio_samples"": 154880, ""sampling_rate"": 16000, ""audio_path"": null}, {""label"": ""option_A"", ""seconds"": 0.1428074836730957, ""audio_bytes"": 134444, ""audio_samples"": 44800, ""sampling_rate"": 16000, ""audio_path"": null}, {""label"": ""option_B"", ""seconds"": 0.11028575897216797, ""audio_bytes"": 115244, ""audio_samples"": 38400, ""sampling_rate"": 16000, ""audio_path"": null}, {""label"": ""option_C"", ""seconds"": 0.12926673889160156, ""audio_bytes"": 115244, ""audio_samples"": 38400, ""sampling_rate"": 16000, ""audio_path"": null}, {""label"": ""option_D"", ""seconds"": 0.13797402381896973, ""audio_bytes"": 126764, ""audio_samples"": 42240, ""sampling_rate"": 16000, ""audio_path"": null}]","NameError(""name 'unified_retrieve' is not defined"")"
20260529_153900_selected,8,2026-05-29 15:39:49,265942,1,Ancient History and Politics,1216,0,1,29.537724,Which empire was the Byzantine Empire considered to be the continuation of?,"[[0, ""Option A, the Persian Empire.""], [1, ""option B the Ottoman Empire.""], [2, ""option C to Eastern Roman Empire.""], [3, ""option D the Western Roman Empire""]]",[],,exception,True,distil-whisper/distil-medium.en,cuda:1,Which empire was the Byzantine Empire considered to be the continuation of?,"[[0, ""Option A, the Persian Empire.""], [1, ""option B the Ottoman Empire.""], [2, ""option C to Eastern Roman Empire.""], [3, ""option D the Western Roman Empire""]]",1.032203197479248,0.9367272853851318,0.6899008750915527,29.661544,29.538439,"[{""label"": ""question"", ""seconds"": 0.19401860237121582, ""audio_bytes"": 295724, ""audio_samples"": 98560, ""sampling_rate"": 16000, ""audio_path"": null}, {""label"": ""option_A"", ""seconds"": 0.1295032501220703, ""audio_bytes"": 122924, ""audio_samples"": 40960, ""sampling_rate"": 16000, ""audio_path"": null}, {""label"": ""option_B"", ""seconds"": 0.11851859092712402, ""audio_bytes"": 115244, ""audio_samples"": 38400, ""sampling_rate"": 16000, ""audio_path"": null}, {""label"": ""option_C"", ""seconds"": 0.12487530708312988, ""audio_bytes"": 134444, ""audio_samples"": 44800, ""sampling_rate"": 16000, ""audio_path"": null}, {""label"": ""option_D"", ""seconds"": 0.1229851245880127, ""audio_bytes"": 142124, ""audio_samples"": 47360, ""sampling_rate"": 16000, ""audio_path"": null}]","NameError(""name 'unified_retrieve' is not defined"")"
20260529_153900_selected,9,2026-05-29 15:39:55,265946,1,Ancient History and Politics,1197,0,1,29.535983,What term describes the period when ancient Egypt was divided into smaller dynasties between the end of the middle kingdom and the start of the new kingdom?,"[[0, ""Option A third intermediate period""], [1, ""Option B. Second, intermediate period.""], [2, ""Option C, Late Period.""], [3, ""Thompson D. First Intermediate Period.""]]",[],,exception,True,distil-whisper/distil-medium.en,cuda:1,What term describes the period when ancient Egypt was divided into smaller dynasties between the end of the middle kingdom and the start of the new kingdom?,"[[0, ""Option A third intermediate period""], [1, ""Option B. Second, intermediate period.""], [2, ""Option C, Late Period.""], [3, ""Thompson D. First Intermediate Period.""]]",1.0383479595184326,0.9365870952606201,0.7540111541748047,29.660774,29.53665,"[{""label"": ""question"", ""seconds"": 0.2554645538330078, ""audio_bytes"": 399404, ""audio_samples"": 133120, ""sampling_rate"": 16000, ""audio_path"": null}, {""label"": ""option_A"", ""seconds"": 0.11899352073669434, ""audio_bytes"": 142124, ""audio_samples"": 47360, ""sampling_rate"": 16000, ""audio_path"": null}, {""label"": ""option_B"", ""seconds"": 0.13194727897644043, ""audio_bytes"": 161324, ""audio_samples"": 53760, ""sampling_rate"": 16000, ""audio_path"": null}, {""label"": ""option_C"", ""seconds"": 0.12356305122375488, ""audio_bytes"": 103724, ""audio_samples"": 34560, ""sampling_rate"": 16000, ""audio_path"": null}, {""label"": ""option_D"", ""seconds"": 0.12404274940490723, ""audio_bytes"": 142124, ""audio_samples"": 47360, ""sampling_rate"": 16000, ""audio_path"": null}]","NameError(""name 'unified_retrieve' is not defined"")"
20260529_153900_selected,10,2026-05-29 15:40:02,265948,1,Ancient History and Politics,1019,0,1,29.518781,What was the primary reason for Nero's construction projects?,"[[0, ""Option A, to prepare for military conquests.""], [1, ""Option B to promote his favorite gladiators.""], [2, ""Option C. To alleviate economic troubles and improve public life.""], [3, ""option D to build larger palaces and villas.""]]",[],,exception,True,distil-whisper/distil-medium.en,cuda:1,What was the primary reason for Nero's construction projects?,"[[0, ""Option A, to prepare for military conquests.""], [1, ""Option B to promote his favorite gladiators.""], [2, ""Option C. To alleviate economic troubles and improve public life.""], [3, ""option D to build larger palaces and villas.""]]",0.8283143043518066,1.321526050567627,0.7351393699645996,29.657085,29.519409,"[{""label"": ""question"", ""seconds"": 0.1816396713256836, ""audio_bytes"": 157484, ""audio_samples"": 52480, ""sampling_rate"": 16000, ""audio_path"": null}, {""label"": ""option_A"", ""seconds"": 0.13703513145446777, ""audio_bytes"": 176684, ""audio_samples"": 58880, ""sampling_rate"": 16000, ""audio_path"": null}, {""label"": ""option_B"", ""seconds"": 0.1323866844177246, ""audio_bytes"": 161324, ""audio_samples"": 53760, ""sampling_rate"": 16000, ""audio_path"": null}, {""label"": ""option_C"", ""seconds"": 0.1464848518371582, ""audio_bytes"": 449324, ""audio_samples"": 149760, ""sampling_rate"": 16000, ""audio_path"": null}, {""label"": ""option_D"", ""seconds"": 0.13759303092956543, ""audio_bytes"": 176684, ""audio_samples"": 58880, ""sampling_rate"": 16000, ""audio_path"": null}]","NameError(""name 'unified_retrieve' is not defined"")"
20260529_154009_selected,1,2026-05-29 15:40:09,265953,2,Science and Nature,3460,0,1,29.550217,"When a guitar string is strummed, it produces sound by making","[[0, ""Option A light. Light.""], [1, ""Option B, electricity.""], [2, ""Option C. E.""], [3, ""option D vibrations""]]",3,True,False,False,100,3.342695474624634,hybrid_rag_option_evidence_qwen35_gguf_gbnf_adaptive,rag_option_evidence,0.7,,3,v6b_micro_reasoning_unified_retrieval,"[{""source"": ""simplewiki"", ""idx"": 53744, ""reranker_score"": 4.5234375, ""text"": ""A vibration in a string is a wave. A vibrating string mostly produces a sound with constant frequency. As frequency characterizes the pitch, the sound produced is a constant note. Vibrating strings are the basis of any string instrument like guitar, cello, or piano. Related pages * String instruments * Fretted instruments * Pitch Other websites * Java simulation of waves on a string * Physics of a harpsichord string * A study of chaotic motion in strings""}, {""source"": ""simplewiki"", ""idx"": 44137, ""reranker_score"": 4.390625, ""text"": "".]] .]] Acoustic guitars are hollow-bodied string instruments that believe resonance to supply sound. Once you pluck a string or strum a chord, the vibration of the strings is amplified by the highest of the guitar and thru the soundhole. These marks show where to press a string with the fingers of the left hand, to change the note that string plays. The right hand plucks or strums the strings, either with the fingers or using a plectrum (\""pick\""), to make them sound. Acoustic guitars are used in types of music ranging from classical to rock and roll, to bluegrass and folk. The six strings can be steel or nylon. Nylon strings are typically used for classical and related styles of music. Steel strings are typically used for most other styles. How the guitar became a popular instrument The acoustic guitar came from Spain (an instrument with six strings), created by Antonio Torres Jurado. But at the beginning, the guitar""}, {""source"": ""simplewiki"", ""idx"": 95914, ""reranker_score"": 2.6953125, ""text"": ""A string in music is a string made of steel, nylon, or gut which vibrates on string instruments, such as the guitar, harp, piano, or violin. They are usually under tension to help them vibrate. Other websites * The vibrations of strings with both ends fixed * Historical types of string * String Tension - technical information on string tension, with tension calculator""}, {""source"": ""simplewiki"", ""idx"": 27371, ""reranker_score"": -0.09375, ""text"": ""guitarists, circa 1880.]] The guitar is a string instrument which is played by plucking the strings. The main parts of a guitar are the body, the fretboard, the headstock and the strings. Guitars are usually made from wood or plastic. Their strings are made of steel or nylon. The guitar strings are plucked with the fingers and fingernails of the right hand (or left hand, for left handed players), or a small pick made of thin plastic. This type of pick is called a \""plectrum\"" or guitar pick. The left hand holds the neck of the guitar while the fingers pluck the strings. Different finger positions on the fretboard make different notes. Guitar-like plucked string instruments have been used for many years. In many countries and at many different time periods, guitars and other plucked string instruments have been very popular, because they are light to carry from place to place, they are easier to learn to play than many""}]","[""simplewiki""]",4.5234375,4.390625,0.1328125,4.734375,4.2265625,0.5078125,"[{""option_id"": 0, ""top_score"": 2.9921875, ""margin"": 0.71875}, {""option_id"": 1, ""top_score"": 4.2265625, ""margin"": 0.40625}, {""option_id"": 2, ""top_score"": 2.328125, ""margin"": 0.0234375}, {""option_id"": 3, ""top_score"": 4.734375, ""margin"": 0.390625}]","[{""option_id"": 0, ""option_text"": ""Option A light. Light."", ""query"": ""When a guitar string is strummed, it produces sound by making Option A light. Light."", ""top_score"": 2.9921875, ""second_score"": 2.2734375, ""margin"": 0.71875, ""docs"": [{""source"": ""simplewiki"", ""idx"": 27372, ""reranker_score"": 2.9921875, ""text"": ""periods, guitars and other plucked string instruments have been very popular, because they are light to carry from place to place, they are easier to learn to play than many other instruments. Guitars are used for many types of music, from Classical to Rock. Most pieces of popular music that have been written since the 1950s are written with guitars. There are many different types of guitars, classified on how they a""}, {""source"": ""simplewiki"", ""idx"": 153859, ""reranker_score"": 2.2734375, ""text"": ""Plucked string instruments are instruments that are plucked either by fingerpicking or a pick. Examples of this are guitars, ukuleles, lutes, bass guitars, mandolins and banjos. , a common plucked string instrument]]Plucked string instruments usually have strings, which when plucked, produces a vibration, producing sound. This sound gets amplified, either through a soundbox or electric amplifier.""}]}, {""option_id"": 1, ""option_text"": ""Option B, electricity."", ""query"": ""When a guitar string is strummed, it produces sound by making Option B, electricity."", ""top_score"": 4.2265625, ""second_score"": 3.8203125, ""margin"": 0.40625, ""docs"": [{""source"": ""simplewiki"", ""idx"": 27373, ""reranker_score"": 4.2265625, ""text"": ""and playing guitars that used electricity and amplifiers to control the loudness. These guitars, which are often used in popular music, are called electric guitars. They do not need to have a hollow body. This is because they do not use acoustics to amplify the sound. Most guitars have six strings, but there are also guitars with four, seven, eight, ten, or twelve strings. More strings make the instrument sound fulle""}, {""source"": ""simplewiki"", ""idx"": 153859, ""reranker_score"": 3.8203125, ""text"": ""Plucked string instruments are instruments that are plucked either by fingerpicking or a pick. Examples of this are guitars, ukuleles, lutes, bass guitars, mandolins and banjos. , a common plucked string instrument]]Plucked string instruments usually have strings, which when plucked, produces a vibration, producing sound. This sound gets amplified, either through a soundbox or electric amplifier.""}]}, {""option_id"": 2, ""option_text"": ""Option C. E."", ""query"": ""When a guitar string is strummed, it produces sound by making Option C. E."", ""top_score"": 2.328125, ""second_score"": 2.3046875, ""margin"": 0.0234375, ""docs"": [{""source"": ""simplewiki"", ""idx"": 44137, ""reranker_score"": 2.328125, ""text"": "".]] .]] Acoustic guitars are hollow-bodied string instruments that believe resonance to supply sound. Once you pluck a string or strum a chord, the vibration of the strings is amplified by the highest of the guitar and thru the soundhole. These marks show where to press a string with the fingers of the left hand, to change the note that string plays. The right hand plucks or strums the strings, either with the finger""}, {""source"": ""simplewiki"", ""idx"": 53744, ""reranker_score"": 2.3046875, ""text"": ""A vibration in a string is a wave. A vibrating string mostly produces a sound with constant frequency. As frequency characterizes the pitch, the sound produced is a constant note. Vibrating strings are the basis of any string instrument like guitar, cello, or piano. Related pages * String instruments * Fretted instruments * Pitch Other websites * Java simulation of waves on a string * Physics of a harpsichord string ""}]}, {""option_id"": 3, ""option_text"": ""option D vibrations"", ""query"": ""When a guitar string is strummed, it produces sound by making option D vibrations"", ""top_score"": 4.734375, ""second_score"": 4.34375, ""margin"": 0.390625, ""docs"": [{""source"": ""simplewiki"", ""idx"": 95914, ""reranker_score"": 4.734375, ""text"": ""A string in music is a string made of steel, nylon, or gut which vibrates on string instruments, such as the guitar, harp, piano, or violin. They are usually under tension to help them vibrate. Other websites * The vibrations of strings with both ends fixed * Historical types of string * String Tension - technical information on string tension, with tension calculator""}, {""source"": ""simplewiki"", ""idx"": 53744, ""reranker_score"": 4.34375, ""text"": ""A vibration in a string is a wave. A vibrating string mostly produces a sound with constant frequency. As frequency characterizes the pitch, the sound produced is a constant note. Vibrating strings are the basis of any string instrument like guitar, cello, or piano. Related pages * String instruments * Fretted instruments * Pitch Other websites * Java simulation of waves on a string * Physics of a harpsichord string ""}]}]",,,,,,False,0,[],,,True,distil-whisper/distil-medium.en,cuda:1,"When a guitar string is strummed, it produces sound by making","[[0, ""Option A light. Light.""], [1, ""Option B, electricity.""], [2, ""Option C. E.""], [3, ""option D vibrations""]]",0.8430948257446289,0.9329745769500732,0.6672043800354004,29.660173,29.551126,"[{""label"": ""question"", ""seconds"": 0.1900031566619873, ""audio_bytes"": 180524, ""audio_samples"": 60160, ""sampling_rate"": 16000, ""audio_path"": null}, {""label"": ""option_A"", ""seconds"": 0.12800979614257812, ""audio_bytes"": 119084, ""audio_samples"": 39680, ""sampling_rate"": 16000, ""audio_path"": null}, {""label"": ""option_B"", ""seconds"": 0.12133479118347168, ""audio_bytes"": 122924, ""audio_samples"": 40960, ""sampling_rate"": 16000, ""audio_path"": null}, {""label"": ""option_C"", ""seconds"": 0.11890077590942383, ""audio_bytes"": 73004, ""audio_samples"": 24320, ""sampling_rate"": 16000, ""audio_path"": null}, {""label"": ""option_D"", ""seconds"": 0.10895586013793945, ""audio_bytes"": 111404, ""audio_samples"": 37120, ""sampling_rate"": 16000, ""audio_path"": null}]",
20260529_154009_selected,1,2026-05-29 15:40:09,265953,2,Science and Nature,5142,0,2,29.546152,Prolong exercise stimulates muscle cells to absorb sugar from the blood. This mechanism reduces stress placed on the body by signaling the body to produce.,"[[0, ""Option A, Lippids.""], [1, ""Option B, insulin.""], [2, ""option C, hydrochloric acid.""], [3, ""Thompson D hemoglobin""]]",1,True,False,False,200,1.0553066730499268,hybrid_rag_rrf_rerank_qwen35_gguf_gbnf,rag_global,0.838,,1,v6b_micro_reasoning_unified_retrieval,"[{""source"": ""simplewiki"", ""idx"": 141793, ""reranker_score"": 4.3046875, ""text"": ""heart attacks, strokes, blindness and kidney failure. Treatment Type 2 diabetes can often be treated just by losing weight and exercising more, as these increase the body’s sensitivity to insulin. A medicine called Metformin is often prescribed, which works by helping the fat and muscle cells of the body listen to the signal from insulin to take up sugar from the blood. Reducing carbohydrate consumption could help with managing type 2 diabetes. References""}, {""source"": ""simplewiki"", ""idx"": 45262, ""reranker_score"": 3.4375, ""text"": ""bridges (chemical).]] Insulin is a hormone made by the pancreas in the body that controls the glucose level in the blood. Insulin promotes the absorption of sugar from the blood. The sugar is stored as fat cells. People who cannot make insulin in their bodies, or enough for their needs, have the disease diabetes. When blood glucose levels fall below a certain level, the human body begins to use stored sugar as an energy source through glycogenolysis. This process breaks down the glycogen stored in the liver and muscles into glucose which can then be used as an energy source. Insulin is a central metabolic control mechanism. Insulin is also used as a control signal to other body systems (such as amino acid uptake by body cells). In addition, it has several other anabolic effects throughout the body. Human insulin is a peptide hormone composed of 51 amino acids and has a molecular weight of 5808 Da. The islets of""}, {""source"": ""simplewiki"", ""idx"": 141791, ""reranker_score"": 0.8359375, ""text"": ""Diabetes mellitus type 2 (or adult-onset diabetes) is a metabolic disorder where high levels of blood sugar occur. Left untreated, it can cause heart attacks, strokes, blindness and kidney failure. Cause Usually, blood sugar levels are regulated by insulin, but in type 2 diabetes this does not work properly. Insulin is a hormone which tells the muscle and fat cells of the body to take up sugar from the blood. If there is too much sugar in the blood for a long period of time, the muscle and fat cells start to ignore insulin. As a result, sugar stays in the blood and is not taken up, leading to a high blood sugar. This situation is different from diabetes mellitus type 1. In this case, the islet cells, which make insulin in the pancreas, have been destroyed by the body, and as a result there is no insulin. Diabetes type 1 usually occurs in children or young adults, whilst diabetes""}, {""source"": ""simplewiki"", ""idx"": 5786, ""reranker_score"": -2.9609375, ""text"": ""legs stronger. Exercises can be an important part of physical therapy, weight loss, or sports performance. Exercise can be fun, but it is important for the exerciser to do what they like and eat enough calories, so when they exercise they are building up muscles, not just breaking them down for fuel. Carbohydrates are muscle-sparing; and if one does not get enough calories overall, there is the risk of burning muscles up with the fat to make up the deficit. Exercise benefits Benefits of exercise for all ages have been known since antiquity. Marcus Cicero, around 65 BC, stated: “It is exercise alone that supports the spirits, and keeps the mind in vigor.” The CDC recommends that adults should get 150 minutes of physical activity weekly. Regular exercise has been shown to help high blood pressure, obesity, heart disease, diabetes, and depression, among others. Exercise also helps people feel less tired. Regular exercise can have a profoundly positive impact on""}]","[""simplewiki""]",4.3046875,3.4375,0.8671875,,,,,,,,,,,False,0,[],,,True,distil-whisper/distil-medium.en,cuda:1,Prolong exercise stimulates muscle cells to absorb sugar from the blood. This mechanism reduces stress placed on the body by signaling the body to produce.,"[[0, ""Option A, Lippids.""], [1, ""Option B, insulin.""], [2, ""option C, hydrochloric acid.""], [3, ""Thompson D hemoglobin""]]",1.248126745223999,0.9323382377624512,0.744699239730835,29.661135,29.546814,"[{""label"": ""question"", ""seconds"": 0.24571704864501953, ""audio_bytes"": 480044, ""audio_samples"": 160000, ""sampling_rate"": 16000, ""audio_path"": null}, {""label"": ""option_A"", ""seconds"": 0.13196611404418945, ""audio_bytes"": 99884, ""audio_samples"": 33280, ""sampling_rate"": 16000, ""audio_path"": null}, {""label"": ""option_B"", ""seconds"": 0.12332653999328613, ""audio_bytes"": 99884, ""audio_samples"": 33280, ""sampling_rate"": 16000, ""audio_path"": null}, {""label"": ""option_C"", ""seconds"": 0.1294422149658203, ""audio_bytes"": 138284, ""audio_samples"": 46080, ""sampling_rate"": 16000, ""audio_path"": null}, {""label"": ""option_D"", ""seconds"": 0.11424732208251953, ""audio_bytes"": 99884, ""audio_samples"": 33280, ""sampling_rate"": 16000, ""audio_path"": null}]",
20260529_154009_selected,1,2026-05-29 15:40:09,265953,2,Science and Nature,4967,0,3,29.50163,which structures founded producers in nearly all ecosystems.,"[[0, ""Option A, chloroplasts.""], [1, ""Option B leaves.""], [2, ""Option C rhizomes""], [3, ""option D. U. U.S. M's.""]]",0,True,False,False,300,3.64622163772583,hybrid_rag_option_evidence_qwen35_gguf_gbnf_adaptive,rag_option_evidence,0.714,,0,v6b_micro_reasoning_unified_retrieval,"[{""source"": ""simplewiki"", ""idx"": 2683, ""reranker_score"": 3.1796875, ""text"": ""are from the upper Devonian 370–354 million years ago, which is probably the theatre of their first evolutionary radiation. The earliest seed-producing trees were in the forests of the Carboniferous period. p112 The seed plants steadily became one of the most important elements of nearly all ecosystems. References""}, {""source"": ""simplewiki"", ""idx"": 93530, ""reranker_score"": 3.1171875, ""text"": ""A chemoautotroph is an organism that uses inorganic energy sources for food. Then it puts together its own organic compounds using Adenosine triphosphate. Chemoautotrophs are mostly bacteria or archaea that live in hostile environments such as deep sea vents. They are the primary producers in such ecosystems. Flowchart , heterotroph, or a subtype]] Related pages *Autotroph **Phototroph *Mixotroph *Heterotroph""}, {""source"": ""simplewiki"", ""idx"": 1067, ""reranker_score"": 1.375, ""text"": ""called producers or autotrophs, gets energy from the environment. They use the energy to make organic compounds. Most producers, such as plants, take in energy from sunlight, but some take it from inorganic compounds. Other trophic levels, called consumers or heterotrophs, get their energy by eating other living things. All animals are consumers, and there are three kinds: herbivores, carnivores, and omnivores. Herbivores eat only plants, carnivores eat only other animals, and omnivores eat both. Decomposers are living things which break down dead things. A food web shows the movement of energy in an ecosystem. Humans and ecology Ecology in politics Ecology starts many powerful philosophical and political movements - including the conservation movement, wellness movement, environmental movement, and ecology movement we know today. When these are combined with peace movements and the Six Principles, they are called green movements. In general, these put ecosystem health first on a list of human moral and political priorities, as the way to""}, {""source"": ""simplewiki"", ""idx"": 41876, ""reranker_score"": -0.234375, ""text"": ""ecological niche s in the ecosystem. Energy Ecosystems are stable, but changeable. They react to major changes in the environment, especially climate changes. For example, the major rainforests have lasted for a long time (perhaps 50 million years or more in some cases). As the rainfall and temperature changes, they change. We know that the Amazon rainforest shrank in size during ice ages, and expanded in the warmer periods. Primary production What drives all ecosystems is the primary production. Primary production is the production of organic matter from inorganic carbon sources. This happens through photosynthesis. It drives the carbon cycle, which influences global climate via the greenhouse effect. Through the process of photosynthesis, plants capture energy from sunlight and use it to combine carbon dioxide and water to produce carbohydrates and oxygen. The photosynthesis carried out by all the plants in an ecosystem is called the gross primary production (GPP). About 48–60% of the GPP is consumed in plant respiration.""}]","[""simplewiki""]",3.1796875,3.1171875,0.0625,2.9921875,1.7265625,1.265625,"[{""option_id"": 0, ""top_score"": 1.7265625, ""margin"": 0.0859375}, {""option_id"": 1, ""top_score"": 2.9921875, ""margin"": 0.75}, {""option_id"": 2, ""top_score"": 1.3984375, ""margin"": 2.5390625}, {""option_id"": 3, ""top_score"": 1.609375, ""margin"": 4.4609375}]","[{""option_id"": 0, ""option_text"": ""Option A, chloroplasts."", ""query"": ""which structures founded producers in nearly all ecosystems. Option A, chloroplasts."", ""top_score"": 1.7265625, ""second_score"": 1.640625, ""margin"": 0.0859375, ""docs"": [{""source"": ""simplewiki"", ""idx"": 34231, ""reranker_score"": 1.7265625, ""text"": ""contain light-absorbing pigments, including chlorophyll and carotenoids, as well as proteins which bind the pigments. Like mitochondria, chloroplasts also contain their own DNA and ribosomes. Evolution Chloroplasts are one of the many different types of organelles in the cell. They may have originated as endosymbiotic cyanobacteria. This was suggested by Konstantin Mereschkowski in 1905, after an observation by Schim""}, {""source"": ""simplewiki"", ""idx"": 2683, ""reranker_score"": 1.640625, ""text"": ""are from the upper Devonian 370–354 million years ago, which is probably the theatre of their first evolutionary radiation. The earliest seed-producing trees were in the forests of the Carboniferous period. p112 The seed plants steadily became one of the most important elements of nearly all ecosystems. References""}]}, {""option_id"": 1, ""option_text"": ""Option B leaves."", ""query"": ""which structures founded producers in nearly all ecosystems. Option B leaves."", ""top_score"": 2.9921875, ""second_score"": 2.2421875, ""margin"": 0.75, ""docs"": [{""source"": ""simplewiki"", ""idx"": 2683, ""reranker_score"": 2.9921875, ""text"": ""are from the upper Devonian 370–354 million years ago, which is probably the theatre of their first evolutionary radiation. The earliest seed-producing trees were in the forests of the Carboniferous period. p112 The seed plants steadily became one of the most important elements of nearly all ecosystems. References""}, {""source"": ""simplewiki"", ""idx"": 1067, ""reranker_score"": 2.2421875, ""text"": ""called producers or autotrophs, gets energy from the environment. They use the energy to make organic compounds. Most producers, such as plants, take in energy from sunlight, but some take it from inorganic compounds. Other trophic levels, called consumers or heterotrophs, get their energy by eating other living things. All animals are consumers, and there are three kinds: herbivores, carnivores, and omnivores. Herbi""}]}, {""option_id"": 2, ""option_text"": ""Option C rhizomes"", ""query"": ""which structures founded producers in nearly all ecosystems. Option C rhizomes"", ""top_score"": 1.3984375, ""second_score"": -1.140625, ""margin"": 2.5390625, ""docs"": [{""source"": ""simplewiki"", ""idx"": 2683, ""reranker_score"": 1.3984375, ""text"": ""are from the upper Devonian 370–354 million years ago, which is probably the theatre of their first evolutionary radiation. The earliest seed-producing trees were in the forests of the Carboniferous period. p112 The seed plants steadily became one of the most important elements of nearly all ecosystems. References""}, {""source"": ""simplewiki"", ""idx"": 1067, ""reranker_score"": -1.140625, ""text"": ""called producers or autotrophs, gets energy from the environment. They use the energy to make organic compounds. Most producers, such as plants, take in energy from sunlight, but some take it from inorganic compounds. Other trophic levels, called consumers or heterotrophs, get their energy by eating other living things. All animals are consumers, and there are three kinds: herbivores, carnivores, and omnivores. Herbi""}]}, {""option_id"": 3, ""option_text"": ""option D. U. U.S. M's."", ""query"": ""which structures founded producers in nearly all ecosystems. option D. U. U.S. M's."", ""top_score"": 1.609375, ""second_score"": -2.8515625, ""margin"": 4.4609375, ""docs"": [{""source"": ""simplewiki"", ""idx"": 2683, ""reranker_score"": 1.609375, ""text"": ""are from the upper Devonian 370–354 million years ago, which is probably the theatre of their first evolutionary radiation. The earliest seed-producing trees were in the forests of the Carboniferous period. p112 The seed plants steadily became one of the most important elements of nearly all ecosystems. References""}, {""source"": ""simplewiki"", ""idx"": 41876, ""reranker_score"": -2.8515625, ""text"": ""ecological niche s in the ecosystem. Energy Ecosystems are stable, but changeable. They react to major changes in the environment, especially climate changes. For example, the major rainforests have lasted for a long time (perhaps 50 million years or more in some cases). As the rainfall and temperature changes, they change. We know that the Amazon rainforest shrank in size during ice ages, and expanded in the warmer ""}]}]",,,,,,False,0,[],,,True,distil-whisper/distil-medium.en,cuda:1,which structures founded producers in nearly all ecosystems.,"[[0, ""Option A, chloroplasts.""], [1, ""Option B leaves.""], [2, ""Option C rhizomes""], [3, ""option D. U. U.S. M's.""]]",0.8459205627441406,0.9455564022064209,0.6824896335601807,29.647392,29.502536,"[{""label"": ""question"", ""seconds"": 0.17691659927368164, ""audio_bytes"": 199724, ""audio_samples"": 66560, ""sampling_rate"": 16000, ""audio_path"": null}, {""label"": ""option_A"", ""seconds"": 0.13067984580993652, ""audio_bytes"": 119084, ""audio_samples"": 39680, ""sampling_rate"": 16000, ""audio_path"": null}, {""label"": ""option_B"", ""seconds"": 0.11280369758605957, ""audio_bytes"": 103724, ""audio_samples"": 34560, ""sampling_rate"": 16000, ""audio_path"": null}, {""label"": ""option_C"", ""seconds"": 0.11732649803161621, ""audio_bytes"": 99884, ""audio_samples"": 33280, ""sampling_rate"": 16000, ""audio_path"": null}, {""label"": ""option_D"", ""seconds"": 0.14476299285888672, ""audio_bytes"": 215084, ""audio_samples"": 71680, ""sampling_rate"": 16000, ""audio_path"": null}]",
20260529_154009_selected,1,2026-05-29 15:40:09,265953,2,Science and Nature,3261,0,4,29.523965,Which of the following is designed to transform an electromagnetic wave into a mechanical wave?,"[[0, ""Option A Mercury Thermometer""], [1, ""Option B, a television screen.""], [2, ""Option C. A portable radio!""], [3, ""Thompson D. A computer monitor.""]]",2,True,False,False,500,1.0149338245391846,hybrid_rag_rrf_rerank_qwen35_gguf_gbnf,rag_global,0.9,,2,v6b_micro_reasoning_unified_retrieval,"[{""source"": ""simplewiki"", ""idx"": 63873, ""reranker_score"": 4.3828125, ""text"": ""made from mechanical components. They will do very similar things to electric filters. Most especially, mechanical filters can be wave filters. That is, they can block some frequencies and pass others. Because of this, electric filters are sometimes made by first making a mechanical filter. The electric wave is turned into a mechanical movement, then passed through the filter, then turned back in to an electric wave. This kind of filter is often made from quartz crystals. A device which changes electrical signals into mechanical signals is called a transducer. A device which changes mechanical signals into electrical signals is also a transducer, but one of a different kind. In information technology An internet filter removes certain kinds of information. For example, certain words can be blocked. In computer programming A filter, is a function used to test each element of a list, to create a new list.""}, {""source"": ""simplewiki"", ""idx"": 32754, ""reranker_score"": 1.7734375, ""text"": ""A wave is a kind of oscillation (disturbance) that travels through space and matter. Wave motions transfer energy from one place to another. Waves play an important role in our daily life. This is because waves are a carrier of energy and information over large distances. Waves require some oscillating or vibrating source. Ocean surface waves were the first known waves. Later, other kinds were discovered. Types of waves In physics and technology, a wave (physics) carries energy that creates visible light, sound, and many other things. There are two categories of waves. * Mechanical waves * Electromagnetic waves Mechanical waves Waves which require any medium for their propagation are called mechanical waves. One example of a mechanical wave is sound. Sound can travel through air, water, or solids, but it can't travel through a vacuum. It needs the medium to help it travel. Other examples include water waves, seismic waves, and waves traveling through a spring. *Earthquakes produce seismic""}, {""source"": ""kelm"", ""idx"": 447292, ""reranker_score"": 0.046875, ""text"": ""Acoustic waves are a type of mechanical wave.""}, {""source"": ""simplewiki"", ""idx"": 135410, ""reranker_score"": -2.828125, ""text"": ""A mechanical wave requires a medium. Sound waves, waves in a Slinky, and pressure waves are all examples of this phenomenon. Sound waves need a physical medium in order to exist; the Slinky waves need the Slinky, and the waves in the ocean need the water. Like all waves, they have a frequency, period, wavelength and amplitude. Mechanical waves are a local oscillation of material. Only the energy propagates; the oscillating material does not move far from its initial equilibrium position; the wave travels by jumping from one particle of the transmission medium to another. Therefore, mechanical waves transport energy and not material.""}]","[""kelm"", ""simplewiki""]",4.3828125,1.7734375,2.609375,,,,,,,,,,,False,0,[],,,True,distil-whisper/distil-medium.en,cuda:1,Which of the following is designed to transform an electromagnetic wave into a mechanical wave?,"[[0, ""Option A Mercury Thermometer""], [1, ""Option B, a television screen.""], [2, ""Option C. A portable radio!""], [3, ""Thompson D. A computer monitor.""]]",1.04945969581604,0.9784073829650879,0.7191734313964844,29.653828,29.524645,"[{""label"": ""question"", ""seconds"": 0.20744991302490234, ""audio_bytes"": 311084, ""audio_samples"": 103680, ""sampling_rate"": 16000, ""audio_path"": null}, {""label"": ""option_A"", ""seconds"": 0.1264638900756836, ""audio_bytes"": 138284, ""audio_samples"": 46080, ""sampling_rate"": 16000, ""audio_path"": null}, {""label"": ""option_B"", ""seconds"": 0.1261122226715088, ""audio_bytes"": 184364, ""audio_samples"": 61440, ""sampling_rate"": 16000, ""audio_path"": null}, {""label"": ""option_C"", ""seconds"": 0.13004755973815918, ""audio_bytes"": 330284, ""audio_samples"": 110080, ""sampling_rate"": 16000, ""audio_path"": null}, {""label"": ""option_D"", ""seconds"": 0.12909984588623047, ""audio_bytes"": 130604, ""audio_samples"": 43520, ""sampling_rate"": 16000, ""audio_path"": null}]",
20260529_154009_selected,1,2026-05-29 15:40:09,265953,2,Science and Nature,5733,0,5,29.488547,What will happen to a cell that is placed in a hypotonic saline solution?,"[[0, ""Option A.""], [1, ""Option B. Water will enter the cell causing it to swell.""], [2, ""Option C. Water will exit the cell causing it to shrink.""], [3, ""option D. Salt will enter the cell causing it to swell.""]]",1,True,False,False,1000,1.0506720542907715,hybrid_rag_rrf_rerank_qwen35_gguf_gbnf,rag_global,0.9,,1,v6b_micro_reasoning_unified_retrieval,"[{""source"": ""simplewiki"", ""idx"": 70164, ""reranker_score"": 6.875, ""text"": ""The one with more is hypertonic. When the hypotonic solution is outside the cell, and hypertonic solution inside, the cell becomes swollen and distorted. Cell membranes The plasma membrane of a cell is semi-permeable, which means it allows the entry of certain molecules in or out. It lets small molecules pass through, but blocks larger molecules. The membrane also has ports or gateways which get certain macromolecules through. This is active transport, which uses energy and is selective. It is the outermost covering of the animal cell, made of proteins and lipids. Example: exchange of gases like oxygen and carbon dioxide. Related pages * Reverse osmosis * Osmoregulation""}, {""source"": ""simplewiki"", ""idx"": 360541, ""reranker_score"": 5.5390625, ""text"": ""Plasmolysis is the process in which cells lose water in a hypertonic solution. It is the shrinkage of the cytoplasm and cell surface membrane from the cell wall. If a plant cell is placed in a solution of lower water potential, the molecules of water leave the vacuole by osmosis. The vacuole loses water and becomes smaller. The cell is said to be plasmolysed. Etymology The term plasmolysis comes from the Latin word plasma meaning ‘matrix’ and the Greek word lysis, meaning ‘loosening’.""}, {""source"": ""simplewiki"", ""idx"": 70163, ""reranker_score"": 4.8984375, ""text"": ""general, these membranes are impermeable to large molecules such as ions, proteins, and polysaccharides. They are permeable to non-polar or hydrophobic molecules like lipids and small molecules like oxygen, carbon dioxide, nitrogen, and nitric oxide. Permeability depends on solubility, charge, or chemistry, as well as solute size. Water molecules travel through the plasma membrane, vacuole, or protoplast by diffusing across the phospholipid bilayer. Osmosis provides the main way water is gets in and out of cells. The turgor pressure of a cell is largely maintained by osmosis across the cell membrane between the cell interior and its environment. Hypotonic, isotonic, and hypertonic Solutions may have more or less solute per unit of solvent. The one with less is called hypotonic. When the two solutions have equal concentration, they are isotonic. The one with more is hypertonic. When the hypotonic solution is outside the cell, and hypertonic solution inside, the cell becomes swollen and distorted. Cell membranes The plasma membrane of""}, {""source"": ""simplewiki"", ""idx"": 153416, ""reranker_score"": -0.25, ""text"": ""into the veins.]] In medicine, saline refers to any solution of salt in water; that is, salt water. Such solutions are sterile when they are to be placed into the body by infusion or injection. If the solution has more salt in it than is found in the human body, it is called hypertonic saline. The normal salt level is 0.9% and any salt amount more than 0.9% is called hypertonic.""}]","[""simplewiki""]",6.875,5.5390625,1.3359375,,,,,,,,,,,False,0,[],,,True,distil-whisper/distil-medium.en,cuda:1,What will happen to a cell that is placed in a hypotonic saline solution?,"[[0, ""Option A.""], [1, ""Option B. Water will enter the cell causing it to swell.""], [2, ""Option C. Water will exit the cell causing it to shrink.""], [3, ""option D. Salt will enter the cell causing it to swell.""]]",1.0435142517089844,1.3731060028076172,0.8201777935028076,29.643799,29.489228,"[{""label"": ""question"", ""seconds"": 0.21567893028259277, ""audio_bytes"": 241964, ""audio_samples"": 80640, ""sampling_rate"": 16000, ""audio_path"": null}, {""label"": ""option_A"", ""seconds"": 0.14133024215698242, ""audio_bytes"": 614444, ""audio_samples"": 204800, ""sampling_rate"": 16000, ""audio_path"": null}, {""label"": ""option_B"", ""seconds"": 0.15174174308776855, ""audio_bytes"": 195884, ""audio_samples"": 65280, ""sampling_rate"": 16000, ""audio_path"": null}, {""label"": ""option_C"", ""seconds"": 0.1569375991821289, ""audio_bytes"": 203564, ""audio_samples"": 67840, ""sampling_rate"": 16000, ""audio_path"": null}, {""label"": ""option_D"", ""seconds"": 0.15448927879333496, ""audio_bytes"": 184364, ""audio_samples"": 61440, ""sampling_rate"": 16000, ""audio_path"": null}]",
20260529_154009_selected,1,2026-05-29 15:40:09,265953,2,Science and Nature,3388,0,6,29.500021,"Sue measured how much sugar would dissolve in a cup of cold water, a cup of warm water, and a cup of hot water. What did she most likely observe?","[[0, ""Option A, the hot water dissolved the most sugar.""], [1, ""Option B. The warm water dissolved the most sugar.""], [2, ""Option C for cold water, warm water, and hot water all dissolved the same amount of sugar.""], [3, ""Topson D, D to cold water dissolved the most sugar.""]]",0,True,False,False,2000,1.0223782062530518,hybrid_rag_rrf_rerank_qwen35_gguf_gbnf,rag_global,0.831,,0,v6b_micro_reasoning_unified_retrieval,"[{""source"": ""simplewiki"", ""idx"": 4913, ""reranker_score"": 5.6015625, ""text"": ""it takes 30 minutes before all the sugar is dissolved. # We put exactly 25 grams of sugar into exactly 1 liter of room temperature water (20 °C). We do not stir. We notice that it takes 15 minutes before all the sugar is dissolved. # We put exactly 25 grams of sugar into exactly 1 liter of warm water (50 °C). We do not stir. We notice that it takes 4 minutes before all the sugar is dissolved. Drawing conclusions One way that makes it easy to see results is to make a table of them, listing all of the things that changed each time we ran the experiment. Ours might look like this: If every other part of the experiment was the same (we did not use more sugar one time than the other, we did not stir one time or the other, etc.), then this would be very good evidence that heat affects how fast sugar is""}, {""source"": ""simplewiki"", ""idx"": 4911, ""reranker_score"": 5.2265625, ""text"": ""of temperature on the way sugar dissolves in a glass of water. Below is one way to do this, following the scientific method step by step. Aim Does sugar dissolve faster in hot water or cold water? Does the temperature affect how fast the sugar dissolves? This is a question we might want to ask. Planning the experiment One simple experiment would be to dissolve sugar in water of different temperatures and to keep track of how much time it takes for the sugar to dissolve. This would be a test of the idea that the rate of dissolving varies according to the kinetic energy of the solvent. We want to make sure to use exactly the same amount of water in each trial, and exactly the same amount of sugar. We do this to make sure that the temperature alone causes the effect. It might be, for example, that the ratio of sugar to water is also a factor""}, {""source"": ""simplewiki"", ""idx"": 4912, ""reranker_score"": 5.1796875, ""text"": ""sugar. We do this to make sure that the temperature alone causes the effect. It might be, for example, that the ratio of sugar to water is also a factor in the rate of dissolving. To be extra careful, we might also run the experiment so that the water temperature does not change during the experiment. This is called \""isolating a variable\"". This means that, of the factors which might have an effect, only one is being changed in the experiment. Running the experiment We will do the experiment in three trials, which are exactly the same, except for the temperature of the water. # We put exactly 25 grams of sugar into exactly 1 liter of water almost as cold as ice. We do not stir. We notice that it takes 30 minutes before all the sugar is dissolved. # We put exactly 25 grams of sugar into exactly 1 liter of room temperature water (20 °C). We do""}, {""source"": ""kelm"", ""idx"": 484080, ""reranker_score"": -3.03125, ""text"": ""Sue Bale is a nurse from the United Kingdom, she was educated at the University of Glamorgan and was awarded the title of Fellow of the Royal College of Nursing. She is a woman.""}]","[""kelm"", ""simplewiki""]",5.6015625,5.2265625,0.375,,,,,,,,,,,False,0,[],,,True,distil-whisper/distil-medium.en,cuda:1,"Sue measured how much sugar would dissolve in a cup of cold water, a cup of warm water, and a cup of hot water. What did she most likely observe?","[[0, ""Option A, the hot water dissolved the most sugar.""], [1, ""Option B. The warm water dissolved the most sugar.""], [2, ""Option C for cold water, warm water, and hot water all dissolved the same amount of sugar.""], [3, ""Topson D, D to cold water dissolved the most sugar.""]]",1.2528948783874512,1.1656932830810547,0.8849461078643799,29.6499,29.500844,"[{""label"": ""question"", ""seconds"": 0.27396297454833984, ""audio_bytes"": 495404, ""audio_samples"": 165120, ""sampling_rate"": 16000, ""audio_path"": null}, {""label"": ""option_A"", ""seconds"": 0.14106535911560059, ""audio_bytes"": 180524, ""audio_samples"": 60160, ""sampling_rate"": 16000, ""audio_path"": null}, {""label"": ""option_B"", ""seconds"": 0.14302515983581543, ""audio_bytes"": 203564, ""audio_samples"": 67840, ""sampling_rate"": 16000, ""audio_path"": null}, {""label"": ""option_C"", ""seconds"": 0.1779336929321289, ""audio_bytes"": 422444, ""audio_samples"": 140800, ""sampling_rate"": 16000, ""audio_path"": null}, {""label"": ""option_D"", ""seconds"": 0.14895892143249512, ""audio_bytes"": 176684, ""audio_samples"": 58880, ""sampling_rate"": 16000, ""audio_path"": null}]",
20260529_154009_selected,1,2026-05-29 15:40:09,265953,2,Science and Nature,2657,0,7,29.470441,What is the primary reason that replication failures do not indicate that affected fields lack scientific rigor?,"[[0, ""Option A because replication failures are always due to data fabrication.""], [1, ""Option B. Because replication failures are due to a lack of statistical significance in the original studies.""], [2, ""Option C, because replication failures are a result of poor experimental design in the original studies.""], [3, ""option D because replication failures reflect the normal operation of science a mechanism by which unsupported hypotheses are eliminated""]]",3,True,False,False,4000,1.1070640087127686,hybrid_rag_rrf_rerank_qwen35_gguf_gbnf,rag_global,0.806,,3,v6b_micro_reasoning_unified_retrieval,"[{""source"": ""simplewiki"", ""idx"": 4915, ""reranker_score"": 3.8515625, ""text"": ""on people is an example of this. In psychology (in particular, social psychology) and in medicine, there can be failures of replication (cannot be repeated). History Elements of scientific method were worked out by some early students of nature. * \""We consider it a good principle to explain the phenomena by the simplest hypothesis possible.\"" Ptolemy (85 165 AD). This is an early example of what we call Occam's razor. * Ibn al-Haytham (Alhazen) (965–1039), Robert Grosseteste (1175–1253) and Roger Bacon (1214–1294), all made some progress in developing scientific method. * Scientists in the 17th century started agreeing that the experimental method is the main way to find the truth. This was done in western Europe by men like Galileo, Kepler, Hooke, Boyle, Halley and Newton. At the same time, the microscope and the telescope were invented (in Holland), and the Royal Society was formed. Instruments, societies, and publishing all helped science greatly. Related pages * Falsifiability * Historical method""}, {""source"": ""simplewiki"", ""idx"": 180241, ""reranker_score"": 3.0859375, ""text"": ""Replication may refer to: In science: * Replication (scientific method), one of the main principles of the scientific method ** Replication (statistics), the repetition of a test or complete experiment * Self-replication, the process in which something (a cell, virus, program) makes a copy of itself ** DNA replication, the process of copying a double-stranded DNA molecule ** Semiconservative replication, mechanism of DNA replication * Replication (metallography), the use of thin plastic films to duplicate the microstructure of a component In computing: * Replication (computing), the use of redundant resources to improve reliability or performance""}, {""source"": ""simplewiki"", ""idx"": 4914, ""reranker_score"": 2.453125, ""text"": ""sugar one time than the other, we did not stir one time or the other, etc.), then this would be very good evidence that heat affects how fast sugar is dissolved. We cannot know for sure, though, that there is not something else affecting it. An example of a hidden cause might be that sugar dissolves faster each time more sugar is dissolved into the same pot. This is probably not true, but if it were, it could make the results exactly the same: three trials, and the last one would be fastest. We have no reason to think that this is true at this time, but we might want to note it as another possible answer. Repeatability Good science is repeatable. but that can be difficult or impossible. Experiments on people is an example of this. In psychology (in particular, social psychology) and in medicine, there can be failures of replication (cannot be repeated). History Elements of scientific method""}, {""source"": ""simplewiki"", ""idx"": 2612, ""reranker_score"": 2.234375, ""text"": ""are tested in lab conditions or clinical trials. There are also problems inside the scientific community. Many researchers are under pressure to publish lots of papers to keep their jobs. This is called \""publish or perish.\"" It can lead to rushed studies, weak results, and even bad practices like p-hacking (changing data to get the desired result). These issues are part of what's known as the replication crisis, when other scientists try to repeat a study but do not get the same results. One big study in 2015, called the Open Science Collaboration, tried to repeat 100 famous psychology experiments. Only 36% of them gave similar results. This showed that many scientific findings may not be as reliable as once thought. Science works best when it is honest and independent. But sometimes, economic and political pressures can affect what scientists study, how results are shared, and whether the truth is told. For example, in the 1900s, tobacco companies paid for""}]","[""simplewiki""]",3.8515625,3.0859375,0.765625,,,,,,,,,,,False,0,[],,,True,distil-whisper/distil-medium.en,cuda:1,What is the primary reason that replication failures do not indicate that affected fields lack scientific rigor?,"[[0, ""Option A because replication failures are always due to data fabrication.""], [1, ""Option B. Because replication failures are due to a lack of statistical significance in the original studies.""], [2, ""Option C, because replication failures are a result of poor experimental design in the original studies.""], [3, ""option D because replication failures reflect the normal operation of science a mechanism by which unsupported hypotheses are eliminated""]]",1.0491619110107422,1.405195713043213,0.877352237701416,29.635309,29.471267,"[{""label"": ""question"", ""seconds"": 0.21744394302368164, ""audio_bytes"": 334124, ""audio_samples"": 111360, ""sampling_rate"": 16000, ""audio_path"": null}, {""label"": ""option_A"", ""seconds"": 0.1446542739868164, ""audio_bytes"": 241964, ""audio_samples"": 80640, ""sampling_rate"": 16000, ""audio_path"": null}, {""label"": ""option_B"", ""seconds"": 0.17089247703552246, ""audio_bytes"": 460844, ""audio_samples"": 153600, ""sampling_rate"": 16000, ""audio_path"": null}, {""label"": ""option_C"", ""seconds"": 0.18039870262145996, ""audio_bytes"": 399404, ""audio_samples"": 133120, ""sampling_rate"": 16000, ""audio_path"": null}, {""label"": ""option_D"", ""seconds"": 0.16396284103393555, ""audio_bytes"": 483884, ""audio_samples"": 161280, ""sampling_rate"": 16000, ""audio_path"": null}]",
20260529_154009_selected,1,2026-05-29 15:40:09,265953,2,Science and Nature,1719,0,8,29.455921,What is the fundamental principle that distinguishes a contravariant vector from a pseudo-vector?,"[[0, ""Option A, Conservarian vectors transform oppositely to the basis, while pseudo-vectors do not.""], [1, ""Option B, conservarian vectors change direction under reflection, while pseudo-vectors do not.""], [2, ""Option C, Contravariant vectors are always associated with force, while pseudo-vectors are not.""], [3, ""option D. Contravariant vectors have a fixed magnitude while pseudo vectors can change magnitude.""]]",0,True,False,False,8000,1.12101411819458,hybrid_rag_rrf_rerank_qwen35_gguf_gbnf,rag_global,0.889,,0,v6b_micro_reasoning_unified_retrieval,"[{""source"": ""simplewiki"", ""idx"": 68510, ""reranker_score"": 3.7734375, ""text"": ""In physics and mathematics, a pseudovector (or axial vector) is a quantity that transforms like a vector under a proper rotation, but gains an additional sign flip under an improper rotation (a transformation that can be expressed as an inversion followed by a proper rotation). Physical examples Physical examples of pseudovectors include the magnetic field, torque, vorticity, and the angular momentum. References * George B. Arfken and Hans J. Weber, Mathematical Methods for Physicists (Harcourt: San Diego, 2001). ( ) * John David Jackson, Classical Electrodynamics (Wiley: New York, 1999). ( ) * Susan M. Lea, \""Mathematics for Physicists\"" (Thompson: Belmont, 2004) ( )""}, {""source"": ""simplewiki"", ""idx"": 31920, ""reranker_score"": 1.046875, ""text"": ""also be described more explicitly by this equation: J^a = \\, (c \\rho, \\vec J) (as a contravariant vector), where you get \\, J^a from the charge density ρ and the current density \\vec J . The 4-current is a solution to the continuity equation: J^a{}_{,a} \\, = 0 In terms of the 4-potential (as a contravariant vector) A^{a} = \\left(\\phi, \\vec A c \\right) , where φ is the electric potential and \\vec A is the magnetic vector potential in the Lorentz gauge \\left ( \\partial_a A^a = 0 \\right ) , F can be written as: : F^{ab} = \\partial^b A^a - \\partial^a A^b \\,\\! which leads to the 4 × 4 matrix rank-2 tensor: : F^{ab} = \\left( \\begin{matrix} 0 & -\\frac {E_x}{c} & -\\frac {E_y}{c} & -\\frac {E_z}{c} \\\\ \\frac{E_x}{c} & 0 & -B_z & B_y \\\\ \\frac{E_y}{c} & B_z & 0 & -B_x \\\\ \\frac{E_z}{c} & -B_y & B_x & 0 \\end{matrix} \\right) . The""}, {""source"": ""simplewiki"", ""idx"": 200417, ""reranker_score"": -3.8359375, ""text"": ""A null vector is a special vector, which is the identity element for the addition of vectors, in a given vector space. As an example, the null vector of n-dimensional coordinate space is a vector whose components are all 0. It is often denoted by the symbol \\mathbf{0} (which distinguishes it from the number 0 ). Null vectors are used to define key concepts of linear algebra, such as linear independence, basis and kernel. They are used to solve linear equations as well. Related pages * Zero References""}, {""source"": ""kelm"", ""idx"": 123378, ""reranker_score"": -6.03125, ""text"": ""Smooth vector can mean any of the following: Smooth vector, a vector containing smooth edges Smooth vector, a vector containing smooth edges Smooth vector, a vector containing smooth edges Smooth vector, a vector containing smooth edges Smooth vector, a vector containing smooth edges (disambiguation)""}]","[""kelm"", ""simplewiki""]",3.7734375,1.046875,2.7265625,,,,,,,,,,,False,0,[],,,True,distil-whisper/distil-medium.en,cuda:1,What is the fundamental principle that distinguishes a contravariant vector from a pseudo-vector?,"[[0, ""Option A, Conservarian vectors transform oppositely to the basis, while pseudo-vectors do not.""], [1, ""Option B, conservarian vectors change direction under reflection, while pseudo-vectors do not.""], [2, ""Option C, Contravariant vectors are always associated with force, while pseudo-vectors are not.""], [3, ""option D. Contravariant vectors have a fixed magnitude while pseudo vectors can change magnitude.""]]",1.0519399642944336,1.235215663909912,0.9118411540985107,29.625133,29.456636,"[{""label"": ""question"", ""seconds"": 0.2168722152709961, ""audio_bytes"": 284204, ""audio_samples"": 94720, ""sampling_rate"": 16000, ""audio_path"": null}, {""label"": ""option_A"", ""seconds"": 0.1756725311279297, ""audio_bytes"": 322604, ""audio_samples"": 107520, ""sampling_rate"": 16000, ""audio_path"": null}, {""label"": ""option_B"", ""seconds"": 0.16840910911560059, ""audio_bytes"": 299564, ""audio_samples"": 99840, ""sampling_rate"": 16000, ""audio_path"": null}, {""label"": ""option_C"", ""seconds"": 0.18247580528259277, ""audio_bytes"": 326444, ""audio_samples"": 108800, ""sampling_rate"": 16000, ""audio_path"": null}, {""label"": ""option_D"", ""seconds"": 0.1684114933013916, ""audio_bytes"": 299564, ""audio_samples"": 99840, ""sampling_rate"": 16000, ""audio_path"": null}]",
20260529_154009_selected,1,2026-05-29 15:40:09,265953,2,Science and Nature,5136,0,9,29.493185,Which natural event occurs with the most frequency?,"[[0, ""Option A full moon""], [1, ""Option B, a solar eclipse.""], [2, ""Option C, Sunrise.""], [3, ""option D. Equinox.""]]",2,True,False,False,16000,3.2317919731140137,hybrid_rag_option_evidence_qwen35_gguf_gbnf_adaptive,rag_option_evidence,0.493,,2,v6b_micro_reasoning_unified_retrieval,"[{""source"": ""simplewiki"", ""idx"": 52381, ""reranker_score"": -2.796875, ""text"": ""]] A natural disaster is a major event caused by the natural processes of the Earth. Examples are floods, hurricanes, tornadoes, earthquakes, volcanic eruptions, tsunamis and other geologic processes. A natural disaster causes loss of life or property damage, and leaves some economic damage afterwards costing millions. Human activities may be the cause of some natural disasters, such as climate change , deforestation and landslides. The damage disasters do to humans and their property counts most. There is a saying: \""disasters occur when hazards meet vulnerability\"". If a strong earthquake happens in uninhabited areas, it is usually not seen as a disaster. An adverse event will not rise to the level of a disaster if it occurs in an area without vulnerable population. In a vulnerable area, such as Nepal during the 2015 earthquake, an earthquake can have disastrous consequences and leave lasting damage, which can take years to repair. Volcanoes A volcanic eruption occurs when hot materials from the""}, {""source"": ""simplewiki"", ""idx"": 68006, ""reranker_score"": -3.796875, ""text"": ""Neighboring populations will start to look either drastically different, or start to look similar when looking at genetic variation. With that, the frequency of harmful alleles can increase. However, if the allele has harmful or damaging effects to a population, genetic drift can override and cancel natural selection. If the frequency of harmful alleles are high, natural selection will not be able to compensate for the population. The population will have too many harmful alleles in the gene pool. Genetic drift may contribute to speciation, if the small group does survive. Bottleneck events: when a large population is suddenly and drastically reduced in size by some event, the genetic variety will be very much reduced. Infections and extreme climate events are frequent causes. Occasionally, invasions by more competitive species can be devastating. ♦ In the 1880/90s, hunting reduced the Northern elephant seal to only about 20 individuals. Although the population has rebounded, its genetic variability is much less than that""}, {""source"": ""simplewiki"", ""idx"": 32574, ""reranker_score"": -6.10546875, ""text"": ""axis—the five sinusoidal waves vary, or cycle, regularly at different rates (or ratios). The red wave (top) has the lowest frequency (i.e. cycles at the slowest rate) while the purple wave (bottom) has the highest frequency (cycles at the fastest rate).]] s with three different frequencies f.]] Frequency is how often an event repeats itself over a set amount of time. In physics, the frequency of a wave is the number of wave crests that pass a point in one second (a wave crest is the peak of the wave). Hertz (symbol Hz) is the unit of frequency. The relationship between frequency and wavelength is expressed by the formula: where v is speed and \\lambda (lambda) is wavelength. The formula for the frequency of light waves is f = c/\\lambda where the c is the speed of light. All electromagnetic waves travel at the speed of light in a vacuum but they travel at slower speeds when they travel through""}, {""source"": ""kelm"", ""idx"": 380600, ""reranker_score"": -6.15625, ""text"": ""The Trofeo Pantalica is a periodic event that occurs once every year.""}]","[""kelm"", ""simplewiki""]",-2.796875,-3.796875,1.0,5.890625,4.53125,1.359375,"[{""option_id"": 0, ""top_score"": 2.1015625, ""margin"": 1.03125}, {""option_id"": 1, ""top_score"": 5.890625, ""margin"": 0.2734375}, {""option_id"": 2, ""top_score"": 0.75, ""margin"": 1.1953125}, {""option_id"": 3, ""top_score"": 4.53125, ""margin"": 2.1171875}]","[{""option_id"": 0, ""option_text"": ""Option A full moon"", ""query"": ""Which natural event occurs with the most frequency? Option A full moon"", ""top_score"": 2.1015625, ""second_score"": 1.0703125, ""margin"": 1.03125, ""docs"": [{""source"": ""simplewiki"", ""idx"": 964, ""reranker_score"": 2.1015625, ""text"": ""are times when day and night are nearly equal all over the world. That’s because the Sun is shining directly on the equator. The Moon’s phases, like the new moon, half moon, and full moon, happen because of how the Moon orbits Earth and how sunlight shines on it from different angles. A new moon occurs when the Moon is between Earth and the Sun, so we cannot see the lit side. A full moon happens when Earth is between""}, {""source"": ""simplewiki"", ""idx"": 5550, ""reranker_score"": 1.0703125, ""text"": ""be seen and the shape grows (or \""waxes\"") in size from one day to the next. The waxing gibbous phase occurs between the first quarter and full moon phases. * A full moon is when we can see the entire lit portion of the Moon. The full moon phase occurs when the Moon is on the opposite side of the Earth from the Sun, called opposition. A lunar eclipse can only happen with a full moon. * A waning gibbous moon occurs when""}]}, {""option_id"": 1, ""option_text"": ""Option B, a solar eclipse."", ""query"": ""Which natural event occurs with the most frequency? Option B, a solar eclipse."", ""top_score"": 5.890625, ""second_score"": 5.6171875, ""margin"": 0.2734375, ""docs"": [{""source"": ""simplewiki"", ""idx"": 40073, ""reranker_score"": 5.890625, ""text"": ""As seen from earth, a solar eclipse /ee-klips/ happens when the moon is directly between the earth and the sun. This makes the moon fully or partially (partly) cover the sun. Solar eclipses can only happen during a new moon. Every year there are about two solar eclipses. Sometimes there are even five solar eclipses in a year. However, only two of these can be total solar eclipses, and often a year will pass without a""}, {""source"": ""simplewiki"", ""idx"": 40074, ""reranker_score"": 5.6171875, ""text"": ""solar eclipse is a natural phenomenon (event). Long ago, solar eclipses were thought to happen because of something supernatural or as a sign that something bad was going to happen. This is still believed in some cultures today. A total solar eclipse can frighten people who do not know what it means, because the sun seems to disappear during the day and the sky turns dark in just a few minutes. Other people like to g""}]}, {""option_id"": 2, ""option_text"": ""Option C, Sunrise."", ""query"": ""Which natural event occurs with the most frequency? Option C, Sunrise."", ""top_score"": 0.75, ""second_score"": -0.4453125, ""margin"": 1.1953125, ""docs"": [{""source"": ""simplewiki"", ""idx"": 31160, ""reranker_score"": 0.75, ""text"": ""A solstice is an astronomical event that happens twice each year when the Sun reaches its highest position in the sky as seen from the North or South Pole. The day of the solstice is either the \""longest day of the year\"" or the \""shortest day of the year\"" for any place on Earth, because the length of time between sunrise and sunset on that day is the yearly maximum or minimum for that place. The name is derived from th""}, {""source"": ""kelm"", ""idx"": 426487, ""reranker_score"": -0.4453125, ""text"": ""Petit-Petit is followed by Sunrise (Idoling!!!).""}]}, {""option_id"": 3, ""option_text"": ""option D. Equinox."", ""query"": ""Which natural event occurs with the most frequency? option D. Equinox."", ""top_score"": 4.53125, ""second_score"": 2.4140625, ""margin"": 2.1171875, ""docs"": [{""source"": ""simplewiki"", ""idx"": 35634, ""reranker_score"": 4.53125, ""text"": ""An equinox is when the sun passes directly over the equator. There are two equinoxes each year. Equinox can also mean either of the two days when this happens. On these days, the nights are equal in length at latitudes L° North and L° South. The word equinox comes from two Latin words meaning \""equal\"" and \""night\"". Around the day of the equinox, the length of the day is a little over twelve hours and the length of the ""}, {""source"": ""simplewiki"", ""idx"": 364717, ""reranker_score"": 2.4140625, ""text"": ""In astronomy, an equinox is either of two places on the celestial sphere at which the ecliptic divides the celestial equator. Although there are two such intersections, the equinox connected with the Sun's ascending node is used as the ordinary origin of celestial coordinate systems and referred to simply as \""the equinox\"". In contrast to the common usage of spring/vernal and Autumn/autumnal equinoxes, the celestial c""}]}]",,,,,,False,0,[],,,True,distil-whisper/distil-medium.en,cuda:1,Which natural event occurs with the most frequency?,"[[0, ""Option A full moon""], [1, ""Option B, a solar eclipse.""], [2, ""Option C, Sunrise.""], [3, ""option D. Equinox.""]]",0.8398783206939697,0.9442660808563232,0.8130500316619873,29.658984,29.493881,"[{""label"": ""question"", ""seconds"": 0.17407917976379395, ""audio_bytes"": 153644, ""audio_samples"": 51200, ""sampling_rate"": 16000, ""audio_path"": null}, {""label"": ""option_A"", ""seconds"": 0.15246343612670898, ""audio_bytes"": 126764, ""audio_samples"": 42240, ""sampling_rate"": 16000, ""audio_path"": null}, {""label"": ""option_B"", ""seconds"": 0.16571259498596191, ""audio_bytes"": 157484, ""audio_samples"": 52480, ""sampling_rate"": 16000, ""audio_path"": null}, {""label"": ""option_C"", ""seconds"": 0.15576934814453125, ""audio_bytes"": 103724, ""audio_samples"": 34560, ""sampling_rate"": 16000, ""audio_path"": null}, {""label"": ""option_D"", ""seconds"": 0.1650254726409912, ""audio_bytes"": 103724, ""audio_samples"": 34560, ""sampling_rate"": 16000, ""audio_path"": null}]",
20260529_154009_selected,1,2026-05-29 15:40:09,265953,2,Science and Nature,5534,0,10,29.517882,"In early 2003, the Human Genome Project identified the sequence of base pairs in the genes in human DNA. With all of this information, many of the functions of the genes are still unknown. Currently, scientists are studying many of these genes in order to learn more about them. What is the significance of this new genetic","[[0, ""Option A, it can lead to a simpler structure for DNA.""], [1, ""Option B, it can provide new ways to treat diseases.""], [2, ""Option C can lead to faster chromosome replication.""], [3, ""option D. It can provide new methods for creating diseases.""]]",1,True,False,False,32000,1.3985400199890137,hybrid_rag_rrf_rerank_qwen35_gguf_gbnf,rag_global,0.822,,1,v6b_micro_reasoning_unified_retrieval,"[{""source"": ""simplewiki"", ""idx"": 124052, ""reranker_score"": 5.140625, ""text"": ""chromosome pairs in the cell nucleus and in the small mitochondrial DNA. A great deal is now known about the sequences of DNA which are on our chromosomes. What the DNA actually does is now partly known. Applying this knowledge in practice has only just begun. The Human Genome Project (HGP) produced a reference sequence which is used worldwide in biology and medicine. Nature published the publicly funded project's report, and Science published Celera's paper. These papers described how the draft sequence was produced, and gave an analysis of the sequence. Improved drafts were announced in 2003 and 2005, filling in to ≈92% of the sequence. The latest project ENCODE studies the way the genes are controlled. Forensic work It is not necessary to have whole genome sequences for forensic work, such as identifying a criminal from traces of DNA left at a crime scene, or for paternity cases. At present whole genome sequencing is still very expensive, but fortunately,""}, {""source"": ""simplewiki"", ""idx"": 170699, ""reranker_score"": 4.875, ""text"": "", showing the organization of the genome into chromosomes. This drawing shows both the female (XX) and male (XY) versions of the 23rd chromosome pair.]] The human genome is stored on 23 chromosome pairs in the cell nucleus and in the small mitochondrial DNA. A great deal is now known about the sequences of DNA which are on our chromosomes. What the DNA actually does is now partly known. Applying this knowledge in practice has only just begun. The Human Genome Project (HGP) produced a reference sequence which is used worldwide in biology and medicine. Nature published the publicly funded project's report, and Science published Celera's paper. These papers described how the draft sequence was produced, and gave an analysis of the sequence. Improved drafts were announced in 2003 and 2005, filling in to ≈92% of the sequence. The latest project ENCODE studies the way the genes are controlled. Although the sequence of the human genome has been completely determined""}, {""source"": ""simplewiki"", ""idx"": 170700, ""reranker_score"": 3.046875, ""text"": ""2005, filling in to ≈92% of the sequence. The latest project ENCODE studies the way the genes are controlled. Although the sequence of the human genome has been completely determined by DNA sequencing, it is not yet fully understood. There are vast quantities of noncoding DNA within the genome. This does important things, like regulating gene expression, organization of chromosomes, and signals controlling epigenetic inheritance. DNA and proteins The human genome contains just over 20,000 protein-coding genes, far fewer than had been expected. In fact, only about 1.5% of the genome codes for proteins, while the rest consists of non-coding RNA genes, regulatory sequences, and introns. However, a single gene can produce a variety of proteins by means of RNA splicing. One particular Drosophila gene (DSCAM) can be alternatively spliced into 38,000 different mRNAs. Each mRNA codes for a different peptide chain. Therefore the number of proteins produced is far above the number of coding genes. With RNA splicing and""}, {""source"": ""simplewiki"", ""idx"": 170671, ""reranker_score"": 2.5078125, ""text"": ""ENCODE is the Encyclopedia of DNA Elements. Encode was launched in 2003 to identify all the functional elements (working bits) in the human genome. The work was done by over 400 scientists in 32 laboratories in the US, UK, Spain, Singapore and Japan. Their findings were published in 30 open-access papers in three journals, Nature, Genome Biology and Genome Research. It is the most detailed analysis to date of the human genome. A simplified account of their main findings is as follows: #Only 1% of the genome codes for proteins. That is about 21,000 genes. #70,000 sequences code for 'promotor' regions. They are upstream of the genes, where proteins bind to control gene expression. #There are about 400,000 'enhancer' regions which regulate distant genes. #There are four million gene 'switches'. These are DNA sequences which control when genes are switched on or off. They are often a long way on the genome from the gene they control. #About 80% of""}]","[""simplewiki""]",5.140625,4.875,0.265625,,,,,,,,,,,False,0,[],,,True,distil-whisper/distil-medium.en,cuda:1,"In early 2003, the Human Genome Project identified the sequence of base pairs in the genes in human DNA. With all of this information, many of the functions of the genes are still unknown. Currently, scientists are studying many of these genes in order to learn more about them. What is the significance of this new genetic","[[0, ""Option A, it can lead to a simpler structure for DNA.""], [1, ""Option B, it can provide new ways to treat diseases.""], [2, ""Option C can lead to faster chromosome replication.""], [3, ""option D. It can provide new methods for creating diseases.""]]",1.4548976421356201,0.9537832736968994,0.942054033279419,29.660817,29.518648,"[{""label"": ""question"", ""seconds"": 0.3876683712005615, ""audio_bytes"": 1021484, ""audio_samples"": 340480, ""sampling_rate"": 16000, ""audio_path"": null}, {""label"": ""option_A"", ""seconds"": 0.14331459999084473, ""audio_bytes"": 180524, ""audio_samples"": 60160, ""sampling_rate"": 16000, ""audio_path"": null}, {""label"": ""option_B"", ""seconds"": 0.1388106346130371, ""audio_bytes"": 192044, ""audio_samples"": 64000, ""sampling_rate"": 16000, ""audio_path"": null}, {""label"": ""option_C"", ""seconds"": 0.13017702102661133, ""audio_bytes"": 199724, ""audio_samples"": 66560, ""sampling_rate"": 16000, ""audio_path"": null}, {""label"": ""option_D"", ""seconds"": 0.14208340644836426, ""audio_bytes"": 199724, ""audio_samples"": 66560, ""sampling_rate"": 16000, ""audio_path"": null}]",
20260529_154009_selected,1,2026-05-29 15:40:09,265953,2,Science and Nature,3043,0,11,29.513817,Scientists count and record the population of a particular fish in a lake that is losing water each year. What are they most likely trying to understand?,"[[0, ""Option A, how have changes in weather affected the water level?""], [1, ""option B. How much weight have the fish gained over the year?""], [2, ""Option C, how is the plant life in the lake adjusting to the changes?""], [3, ""option D. How many fish are surviving the changing environment?""]]",3,True,False,False,64000,4.096230745315552,hybrid_rag_option_evidence_qwen35_gguf_gbnf_adaptive,rag_option_evidence,0.51,,3,v6b_micro_reasoning_unified_retrieval,"[{""source"": ""simplewiki"", ""idx"": 1220, ""reranker_score"": -3.453125, ""text"": ""a decline in lake trout. The drop in lake trout increased the alewife population. In response, the government introduced salmon as a predator to decrease the alewife population. This program was so successful that the salmon population rose rapidly, and the states surrounding Lake Michigan promoted 'salmon snagging'. This has been made illegal in all of the Great Lakes states except for a limited season in Illinois. Lake Michigan is now being stocked with several species of fish. However, several invader species such as lampreys, round goby, and zebra mussels threaten the native fish populations. Invasive species Accidentally introduced species are a big problem. Since the 19th century about 160 species have invaded the Great Lakes ecosystem, causing severe economic and ecological impacts. According to the Inland Seas Education Association, they deprive fish of food, cause blooms of toxic algae, and foul boats, spawning areas and drinking water intakes. On average a new invasive species enters the Great Lakes every""}, {""source"": ""simplewiki"", ""idx"": 1219, ""reranker_score"": -4.7734375, ""text"": ""the lakes. The lakes have about 35,000 islands. The Great Lakes region includes the five lakes and many thousands of smaller lakes, often called inland lakes. Lake Michigan and Lake Huron hit all-time record low levels in 2013. The unusual shape of the Great Lakes has created the possibility of large waves called seiche. If a storm causes a fast, strong increase in air pressure on one side of a lake, the water level on that side of the lake will drop and suddenly push up the water level on the opposite side of the lake. A 10 foot tall wave in Chicago caused several deaths in 1954. Ecological threats The Great Lakes are home to a variety of species of fish and other organisms. In recent years, overfishing caused a decline in lake trout. The drop in lake trout increased the alewife population. In response, the government introduced salmon as a predator to decrease the alewife population. This program""}, {""source"": ""simplewiki"", ""idx"": 360007, ""reranker_score"": -5.40625, ""text"": ""many threats. Common threats include overfishing, pollution, habitat loss, destruction, climate change, and invasive species. These threats come with a multitude of negative direct and indirect affects to marine ecosystems. Overfishing (Gadiformes)]] Overfishing is the most common cause of fish declining. Not too many of us are overfishing, since most coral reefs are protected. However, since fish is a popular food, we are trying to catch fish with nets. List of saltwater fish * Gilt-head bream * Yellow tang * Ocean sunfish * Swordfish * Great barracuda * Obtuse barracuda * Pickhandle barracuda * European barracuda * Black scabbardfish Related pages * Freshwater fish - fish that live in freshwater References # Hauter, Stan. \""What Saltwater Fish Eat in the Wild \"". The Spruce Pets. Other websites * Lake vs. Ocean Fish: What You Need to Know __FORCETOC__""}, {""source"": ""simplewiki"", ""idx"": 197439, ""reranker_score"": -6.640625, ""text"": ""Chlorophyll is the most accurate measure, as it is the best predictor of biomass. Phosphorus may be better in summer. Secchi depth is the least accurate measure, but it is the cheapest and easiest to use. It measures how clear the water is. This shows how much dissolved and particulate material is in the water. This can be used to work out the biomass. Trophic classifications A lake can be put into one of three possible classes: oligotrophic, mesotrophic or eutrophic. Lakes with extreme trophic indices can also be called hyperoligotrophic or hypereutrophic. Each trophic class has different types of fish and other organisms which live in them. If there is too much algal biomass in a lake or pond, then many fish can die as the decomposing biomass takes the oxygen from the water. Oligotrophic , an oligotrophic lake in the Tatra Mountains of southern Poland]] Oligotrophic lakes have very little or no aquatic vegetation and the water is""}]","[""simplewiki""]",-3.453125,-4.7734375,1.3203125,0.875,0.84375,0.03125,"[{""option_id"": 0, ""top_score"": 0.84375, ""margin"": 2.6796875}, {""option_id"": 1, ""top_score"": 0.875, ""margin"": 4.609375}, {""option_id"": 2, ""top_score"": -0.453125, ""margin"": 2.0859375}, {""option_id"": 3, ""top_score"": -2.734375, ""margin"": 0.5703125}]","[{""option_id"": 0, ""option_text"": ""Option A, how have changes in weather affected the water level?"", ""query"": ""Scientists count and record the population of a particular fish in a lake that is losing water each year. What are they most likely trying to understand? Option A, how have changes in weather affected the water level?"", ""top_score"": 0.84375, ""second_score"": -1.8359375, ""margin"": 2.6796875, ""docs"": [{""source"": ""simplewiki"", ""idx"": 254077, ""reranker_score"": 0.84375, ""text"": ""Lost Lake is a lake in the Willamette National Forest, in Oregon, in the United States. It is known for the way that the water level changes during the year. There are lava tubes in the bottom of the lake. During the summer, the water drains out of the lake through these tubes. In some years, this leaves the lake with very little water, turning it mostly into a meadow. Starting in the autumn the lake begins to fill a""}, {""source"": ""simplewiki"", ""idx"": 1219, ""reranker_score"": -1.8359375, ""text"": ""the lakes. The lakes have about 35,000 islands. The Great Lakes region includes the five lakes and many thousands of smaller lakes, often called inland lakes. Lake Michigan and Lake Huron hit all-time record low levels in 2013. The unusual shape of the Great Lakes has created the possibility of large waves called seiche. If a storm causes a fast, strong increase in air pressure on one side of a lake, the water level ""}]}, {""option_id"": 1, ""option_text"": ""option B. How much weight have the fish gained over the year?"", ""query"": ""Scientists count and record the population of a particular fish in a lake that is losing water each year. What are they most likely trying to understand? option B. How much weight have the fish gained over the year?"", ""top_score"": 0.875, ""second_score"": -3.734375, ""margin"": 4.609375, ""docs"": [{""source"": ""simplewiki"", ""idx"": 178379, ""reranker_score"": 0.875, ""text"": ""Clarias cavernicola (also known as the golden cave catfish) is a species of freshwater catfish. They are only known to live in one place: an underground lake in Aigamas Cave, which is near Otavi, in the Kalahari Desert of Namibia. The lake is in area and about deep. The water level has been steadily dropping because it is extracted by humans. The lake is a major water supply in an otherwise very dry area. Because of ""}, {""source"": ""simplewiki"", ""idx"": 1220, ""reranker_score"": -3.734375, ""text"": ""a decline in lake trout. The drop in lake trout increased the alewife population. In response, the government introduced salmon as a predator to decrease the alewife population. This program was so successful that the salmon population rose rapidly, and the states surrounding Lake Michigan promoted 'salmon snagging'. This has been made illegal in all of the Great Lakes states except for a limited season in Illinois. ""}]}, {""option_id"": 2, ""option_text"": ""Option C, how is the plant life in the lake adjusting to the changes?"", ""query"": ""Scientists count and record the population of a particular fish in a lake that is losing water each year. What are they most likely trying to understand? Option C, how is the plant life in the lake adjusting to the changes?"", ""top_score"": -0.453125, ""second_score"": -2.5390625, ""margin"": 2.0859375, ""docs"": [{""source"": ""simplewiki"", ""idx"": 254077, ""reranker_score"": -0.453125, ""text"": ""Lost Lake is a lake in the Willamette National Forest, in Oregon, in the United States. It is known for the way that the water level changes during the year. There are lava tubes in the bottom of the lake. During the summer, the water drains out of the lake through these tubes. In some years, this leaves the lake with very little water, turning it mostly into a meadow. Starting in the autumn the lake begins to fill a""}, {""source"": ""simplewiki"", ""idx"": 1219, ""reranker_score"": -2.5390625, ""text"": ""the lakes. The lakes have about 35,000 islands. The Great Lakes region includes the five lakes and many thousands of smaller lakes, often called inland lakes. Lake Michigan and Lake Huron hit all-time record low levels in 2013. The unusual shape of the Great Lakes has created the possibility of large waves called seiche. If a storm causes a fast, strong increase in air pressure on one side of a lake, the water level ""}]}, {""option_id"": 3, ""option_text"": ""option D. How many fish are surviving the changing environment?"", ""query"": ""Scientists count and record the population of a particular fish in a lake that is losing water each year. What are they most likely trying to understand? option D. How many fish are surviving the changing environment?"", ""top_score"": -2.734375, ""second_score"": -3.3046875, ""margin"": 0.5703125, ""docs"": [{""source"": ""simplewiki"", ""idx"": 1220, ""reranker_score"": -2.734375, ""text"": ""a decline in lake trout. The drop in lake trout increased the alewife population. In response, the government introduced salmon as a predator to decrease the alewife population. This program was so successful that the salmon population rose rapidly, and the states surrounding Lake Michigan promoted 'salmon snagging'. This has been made illegal in all of the Great Lakes states except for a limited season in Illinois. ""}, {""source"": ""simplewiki"", ""idx"": 1219, ""reranker_score"": -3.3046875, ""text"": ""the lakes. The lakes have about 35,000 islands. The Great Lakes region includes the five lakes and many thousands of smaller lakes, often called inland lakes. Lake Michigan and Lake Huron hit all-time record low levels in 2013. The unusual shape of the Great Lakes has created the possibility of large waves called seiche. If a storm causes a fast, strong increase in air pressure on one side of a lake, the water level ""}]}]",,,,,,False,0,[],,,True,distil-whisper/distil-medium.en,cuda:1,Scientists count and record the population of a particular fish in a lake that is losing water each year. What are they most likely trying to understand?,"[[0, ""Option A, how have changes in weather affected the water level?""], [1, ""option B. How much weight have the fish gained over the year?""], [2, ""Option C, how is the plant life in the lake adjusting to the changes?""], [3, ""option D. How many fish are surviving the changing environment?""]]",1.2525806427001953,0.9714229106903076,0.8605484962463379,29.65114,29.514723,"[{""label"": ""question"", ""seconds"": 0.25989818572998047, ""audio_bytes"": 491564, ""audio_samples"": 163840, ""sampling_rate"": 16000, ""audio_path"": null}, {""label"": ""option_A"", ""seconds"": 0.15285181999206543, ""audio_bytes"": 207404, ""audio_samples"": 69120, ""sampling_rate"": 16000, ""audio_path"": null}, {""label"": ""option_B"", ""seconds"": 0.15406131744384766, ""audio_bytes"": 188204, ""audio_samples"": 62720, ""sampling_rate"": 16000, ""audio_path"": null}, {""label"": ""option_C"", ""seconds"": 0.157395601272583, ""audio_bytes"": 207404, ""audio_samples"": 69120, ""sampling_rate"": 16000, ""audio_path"": null}, {""label"": ""option_D"", ""seconds"": 0.13634157180786133, ""audio_bytes"": 188204, ""audio_samples"": 62720, ""sampling_rate"": 16000, ""audio_path"": null}]",
20260529_154009_selected,1,2026-05-29 15:40:09,265953,2,Science and Nature,1878,0,12,29.464145,What is the primary cause of the octet rule in chemical bonding?,"[[0, ""Option A, the tendency of atoms to gain or lose electrons to achieve a stable electron configuration like noble gases.""], [1, ""Option B, the requirement for atoms to share electrons equally in order to achieve stability.""], [2, ""Option C, the need for atoms to have an even number of protons for stability.""], [3, ""option D, the necessity for atoms to form ionic bonds to achieve a stable configuration.""]]",0,True,False,False,128000,1.1145925521850586,hybrid_rag_rrf_rerank_qwen35_gguf_gbnf,rag_global,0.776,,0,v6b_micro_reasoning_unified_retrieval,"[{""source"": ""simplewiki"", ""idx"": 122202, ""reranker_score"": 3.9765625, ""text"": ""The octet rule is a general rule of thumb that applies to most atoms. It states that every atom might want to have eight valence electrons in its outermost electron shell. Background According to the Bohr model, an atom consists of a nucleus of protons and neutrons orbited by a number of electrons. In an ordinary atom, the number of electrons equals the number of protons. If it has more or fewer electrons, it is an ion. In addition, the electrons orbit in electron shells. Each shell can only contain a certain number of electrons before new electrons must migrate to the next shell or \""energy level.\"" Starting with the third energy level, however, electrons sometimes move up a level even before the current one is full. The rule Every atom tries to have 8 electrons in its outermost (or valence) shell. This may require them to give up, share, or take electrons. As stated above, the number of electrons""}, {""source"": ""simplewiki"", ""idx"": 416175, ""reranker_score"": 3.65625, ""text"": ""The main-group elements are a collection of chemical elements. This is the first two and last six columns of the periodic table. Main group elements tend to have simpler chemistry than other blocks. They are often the focus of introductory chemistry. The main group can be split by column into the alkali metals, alkali earth metals, boron group, carbon group, pnictogens, chalcogens, halogens, and noble gases. In terms of blocks, the main group contains the s-block and p-block elements. Properties These elements obey the octet rule, meaning they are most stable in chemical compounds that give them eight valence electrons. The exceptions are hydrogen, helium, and lithium, which instead obey the duplet rule for period 1 elements. Beryllium and boron are also sometimes called exceptions. Compounds like beryllium oxide and boron trifluoride do not have enough electrons to obey the octet rule with normal main group chemistry. These compounds form coordinate covalent bonds to complete their octets. This also happens""}, {""source"": ""simplewiki"", ""idx"": 122203, ""reranker_score"": 3.25, ""text"": ""atom tries to have 8 electrons in its outermost (or valence) shell. This may require them to give up, share, or take electrons. As stated above, the number of electrons normally equals the number of protons. This means that some atoms are \""happier\"" than others. For example, neon, as with other noble gases, naturally has 8 valence electrons. (10 total - 2 in the 1st energy level = 8 in the 2nd) Not surprisingly, neon hardly ever reacts with anything. (Neon lights require high voltages to work.) By contrast, the atoms in the Alkaline metals column, such as sodium, have only one valence electron, with a layer containing 8 electrons in the shell below. This means that sodium only has to give up one valence electron in order to complete the octet rule, and will do so if given the chance, hence why sodium is so chemically reactive.""}, {""source"": ""simplewiki"", ""idx"": 416176, ""reranker_score"": 3.0234375, ""text"": ""boron trifluoride do not have enough electrons to obey the octet rule with normal main group chemistry. These compounds form coordinate covalent bonds to complete their octets. This also happens in covalent lithium compounds like organolithium reagents. Main group elements tend to have one main oxidation state, with other oxidation states separated by steps of 2. Similar groups The group 3 elements and group 12 elements have some properties in common with main-group elements. Like main group elements, these elements have one major oxidation state (+3 for group 3 elements, +2 for group 12). Sources""}]","[""simplewiki""]",3.9765625,3.65625,0.3203125,,,,,,,,,,,False,0,[],,,True,distil-whisper/distil-medium.en,cuda:1,What is the primary cause of the octet rule in chemical bonding?,"[[0, ""Option A, the tendency of atoms to gain or lose electrons to achieve a stable electron configuration like noble gases.""], [1, ""Option B, the requirement for atoms to share electrons equally in order to achieve stability.""], [2, ""Option C, the need for atoms to have an even number of protons for stability.""], [3, ""option D, the necessity for atoms to form ionic bonds to achieve a stable configuration.""]]",1.0431582927703857,1.2096316814422607,0.8999783992767334,29.637257,29.465015,"[{""label"": ""question"", ""seconds"": 0.19203948974609375, ""audio_bytes"": 218924, ""audio_samples"": 72960, ""sampling_rate"": 16000, ""audio_path"": null}, {""label"": ""option_A"", ""seconds"": 0.1927785873413086, ""audio_bytes"": 380204, ""audio_samples"": 126720, ""sampling_rate"": 16000, ""audio_path"": null}, {""label"": ""option_B"", ""seconds"": 0.1683056354522705, ""audio_bytes"": 303404, ""audio_samples"": 101120, ""sampling_rate"": 16000, ""audio_path"": null}, {""label"": ""option_C"", ""seconds"": 0.17469501495361328, ""audio_bytes"": 234284, ""audio_samples"": 78080, ""sampling_rate"": 16000, ""audio_path"": null}, {""label"": ""option_D"", ""seconds"": 0.17215967178344727, ""audio_bytes"": 364844, ""audio_samples"": 121600, ""sampling_rate"": 16000, ""audio_path"": null}]",
20260529_154009_selected,1,2026-05-29 15:40:09,265953,2,Science and Nature,2523,0,13,29.451355,"According to the Codex Alimentaria's commission, what is the maximum residue limit, MRL, of ractopamine and muscle cuts of beef and pork as of 2012?","[[0, ""Option A, 30 Parts per Billion.""], [1, ""Option B. 50 Parts per billion PPPB""], [2, ""Option C, 5 parts per billion.""], [3, ""Topson D. 10 parts per billion. Diffigneur in the howling. Ugh.""]]",3,True,False,False,256000,3.383512258529663,hybrid_rag_option_evidence_qwen35_gguf_gbnf_adaptive,rag_option_evidence,0.442,,3,v6b_micro_reasoning_unified_retrieval,"[{""source"": ""kelm"", ""idx"": 64930, ""reranker_score"": -7.9453125, ""text"": ""Pljeskavica is a type of hamburger and comes from Serbia. It includes beef and pork. Onion is one of its ingredients.""}, {""source"": ""simplewiki"", ""idx"": 8135, ""reranker_score"": -8.453125, ""text"": ""Meat is animal flesh which is used for food. Most often, it is used to describe skeletal muscles and fats that are found with it. Types of meats include beef, veal from cattle, pork, ham, bacon from pigs, mutton from sheep, venison from deer, fish, insects, poultry from chickens, ducks, turkeys. The word meat is also used for sausages made from ground meats and for non-muscle organs which are used for food, for example liver, brain, kidneys. In the meat processing industry, the word \""meat\"" can be used to mean only the flesh of mammalian specieses such as pigs, cattle, etc. But does not include fish, insects, poultry. Red meat refers to meat that is obtained from mammals, particularly beef, pork, lamb, veal. It is characterized by its reddish color, primarily due to the presence of myoglobin, a protein responsible for oxygen storage in muscle tissues. Animals such as members of the cat family that mainly eat animals are called""}, {""source"": ""kelm"", ""idx"": 276934, ""reranker_score"": -8.578125, ""text"": ""Galbi is a dish from Korea which is made from beef or pork and cattle.""}, {""source"": ""kelm"", ""idx"": 15509, ""reranker_score"": -10.65625, ""text"": ""The maximum capacity of Stadio Tommaso Fattori is 9200.""}]","[""kelm"", ""simplewiki""]",-7.9453125,-8.453125,0.5078125,-6.78515625,-7.05859375,0.2734375,"[{""option_id"": 0, ""top_score"": -7.953125, ""margin"": 1.578125}, {""option_id"": 1, ""top_score"": -7.05859375, ""margin"": 1.20703125}, {""option_id"": 2, ""top_score"": -8.265625, ""margin"": 0.375}, {""option_id"": 3, ""top_score"": -6.78515625, ""margin"": 2.13671875}]","[{""option_id"": 0, ""option_text"": ""Option A, 30 Parts per Billion."", ""query"": ""According to the Codex Alimentaria's commission, what is the maximum residue limit, MRL, of ractopamine and muscle cuts of beef and pork as of 2012? Option A, 30 Parts per Billion."", ""top_score"": -7.953125, ""second_score"": -9.53125, ""margin"": 1.578125, ""docs"": [{""source"": ""kelm"", ""idx"": 276934, ""reranker_score"": -7.953125, ""text"": ""Galbi is a dish from Korea which is made from beef or pork and cattle.""}, {""source"": ""kelm"", ""idx"": 130015, ""reranker_score"": -9.53125, ""text"": ""Allyl chloride has a short-term exposure limit of +2 parts per million.""}]}, {""option_id"": 1, ""option_text"": ""Option B. 50 Parts per billion PPPB"", ""query"": ""According to the Codex Alimentaria's commission, what is the maximum residue limit, MRL, of ractopamine and muscle cuts of beef and pork as of 2012? Option B. 50 Parts per billion PPPB"", ""top_score"": -7.05859375, ""second_score"": -8.265625, ""margin"": 1.20703125, ""docs"": [{""source"": ""kelm"", ""idx"": 276934, ""reranker_score"": -7.05859375, ""text"": ""Galbi is a dish from Korea which is made from beef or pork and cattle.""}, {""source"": ""kelm"", ""idx"": 252531, ""reranker_score"": -8.265625, ""text"": ""The ceiling exposure limit for allyl glycidyl ether is +5 parts per million.""}]}, {""option_id"": 2, ""option_text"": ""Option C, 5 parts per billion."", ""query"": ""According to the Codex Alimentaria's commission, what is the maximum residue limit, MRL, of ractopamine and muscle cuts of beef and pork as of 2012? Option C, 5 parts per billion."", ""top_score"": -8.265625, ""second_score"": -8.640625, ""margin"": 0.375, ""docs"": [{""source"": ""kelm"", ""idx"": 276934, ""reranker_score"": -8.265625, ""text"": ""Galbi is a dish from Korea which is made from beef or pork and cattle.""}, {""source"": ""kelm"", ""idx"": 252531, ""reranker_score"": -8.640625, ""text"": ""The ceiling exposure limit for allyl glycidyl ether is +5 parts per million.""}]}, {""option_id"": 3, ""option_text"": ""Topson D. 10 parts per billion. Diffigneur in the howling. Ugh."", ""query"": ""According to the Codex Alimentaria's commission, what is the maximum residue limit, MRL, of ractopamine and muscle cuts of beef and pork as of 2012? Topson D. 10 parts per billion. Diffigneur in the howling. Ugh."", ""top_score"": -6.78515625, ""second_score"": -8.921875, ""margin"": 2.13671875, ""docs"": [{""source"": ""kelm"", ""idx"": 276934, ""reranker_score"": -6.78515625, ""text"": ""Galbi is a dish from Korea which is made from beef or pork and cattle.""}, {""source"": ""kelm"", ""idx"": 130015, ""reranker_score"": -8.921875, ""text"": ""Allyl chloride has a short-term exposure limit of +2 parts per million.""}]}]",,,,,,False,0,[],,,True,distil-whisper/distil-medium.en,cuda:1,"According to the Codex Alimentaria's commission, what is the maximum residue limit, MRL, of ractopamine and muscle cuts of beef and pork as of 2012?","[[0, ""Option A, 30 Parts per Billion.""], [1, ""Option B. 50 Parts per billion PPPB""], [2, ""Option C, 5 parts per billion.""], [3, ""Topson D. 10 parts per billion. Diffigneur in the howling. Ugh.""]]",1.25850248336792,1.2202439308166504,0.856116533279419,29.623398,29.45205,"[{""label"": ""question"", ""seconds"": 0.28668808937072754, ""audio_bytes"": 522284, ""audio_samples"": 174080, ""sampling_rate"": 16000, ""audio_path"": null}, {""label"": ""option_A"", ""seconds"": 0.13252973556518555, ""audio_bytes"": 407084, ""audio_samples"": 135680, ""sampling_rate"": 16000, ""audio_path"": null}, {""label"": ""option_B"", ""seconds"": 0.13626909255981445, ""audio_bytes"": 276524, ""audio_samples"": 92160, ""sampling_rate"": 16000, ""audio_path"": null}, {""label"": ""option_C"", ""seconds"": 0.12936639785766602, ""audio_bytes"": 314924, ""audio_samples"": 104960, ""sampling_rate"": 16000, ""audio_path"": null}, {""label"": ""option_D"", ""seconds"": 0.1712632179260254, ""audio_bytes"": 307244, ""audio_samples"": 102400, ""sampling_rate"": 16000, ""audio_path"": null}]",
20260529_154009_selected,1,2026-05-29 15:40:09,265953,2,Science and Nature,1775,0,14,29.335025,"According to the findings of the Miller-Yory experiment, which of the following statements is most accurate regarding the composition of Earth's prebiotic atmosphere and the production of organic compounds?","[[0, ""Option A. The experiment demonstrated that an atmosphere composed solely of carbon dioxide in water could produce complex organic molecules.""], [1, ""Option B. The experiment showed that Earth's prebiotic atmosphere was rich in oxygen, which facilitated the production of organic compounds.""], [2, ""Option C, the experiment indicated that a nitrogen-rich atmosphere was necessary for the synthesis of organic compounds.""], [3, ""option D. The experiment revealed that a mixture of methane, ammonia, hydrogen, and water, when subjected to electrical discharge, produced amino acids under conditions similar to early Earth's atmosphere.""]]",3,True,False,False,512000,1.2672526836395264,hybrid_rag_rrf_rerank_qwen35_gguf_gbnf,rag_global,0.863,,3,v6b_micro_reasoning_unified_retrieval,"[{""source"": ""simplewiki"", ""idx"": 140825, ""reranker_score"": 6.359375, ""text"": ""he found a lot of amino acids; one of the building blocks of life. Recent related studies Moreover, some evidence suggests that Earth's original atmosphere might have had a different composition than the gas used in the Miller–Urey experiment. There is abundant evidence of major volcanic eruptions 4 billion years ago, which would have released carbon dioxide, nitrogen, hydrogen sulfide (H 2 S), and sulfur dioxide (SO 2 ) into the atmosphere. Experiments using these gases in addition to the ones in the original Miller–Urey experiment have produced more diverse molecules. Note that organic compounds, including amino acids, are present in the meteorite dust which rains down on Earth. Therefore, interest in abiogenesis and the origin of life has shifted to the question of how cells and large macromolecules formed. References""}, {""source"": ""simplewiki"", ""idx"": 140820, ""reranker_score"": 5.609375, ""text"": ""The Miller–Urey experiment (or Urey–Miller experiment) was an experiment that made organic compounds out of Inorganic compounds by applying a form of energy. The idea was to simulate hypothetical conditions thought to be present on the early Earth (Hadean or early Archaean). It was a test of the chemical origins of life. Specifically, the experiment tested Alexander Oparin's and J.B.S. Haldane's hypothesis that conditions on the primitive Earth favored chemical reactions that synthesized organic compounds from inorganic precursors. Considered to be the classic experiment on the origin of life, it was conducted in 1952 and published in 1953 by Stanley Miller and Harold Urey at the University of Chicago. After Miller's death in 2007, scientists examined sealed vials preserved from the original experiments. They were able to show that there were well over 20 different amino acids produced in Miller's original experiments. That is considerably more than those Miller originally reported, and more than the 20 that naturally occur in""}, {""source"": ""simplewiki"", ""idx"": 74804, ""reranker_score"": 5.015625, ""text"": ""made available quantities of organics comparable to those produced by other energy sources. Miller's experiment and the primordial soup In 1953 a graduate student, Stanley Miller, and his professor, Harold Urey, performed an experiment that showed how organic molecules could have formed on early Earth from inorganic precursors. The now-famous Miller–Urey experiment used a highly reduced mixture of gases – methane, ammonia and hydrogen – to form basic organic monomers, such as amino acids. We do know now that for more than the first half of the Earth's history its atmosphere had almost no oxygen. Fox's experiments In the 1950s and 1960s, Sidney W. Fox studied the spontaneous formation of peptide structures under conditions that might have existed early in Earth's history. He demonstrated that amino acids could by itself form small peptides. These amino acids and small peptides could be encouraged to form closed spherical membranes, called microspheres. Special conditions Some scientists have suggested special conditions which could make""}, {""source"": ""simplewiki"", ""idx"": 89541, ""reranker_score"": 4.9609375, ""text"": ""important experiment in 1952 helped support this idea. Two scientists, Miller and Urey, created an experiment, the Miller–Urey experiment, to copy what Earth’s atmosphere may have been like billions of years ago. They used water, methane, ammonia, and electricity (to act like lightning), and they were able to create amino acids, tiny molecules that make up proteins in living things. This showed that the basic parts of life could form naturally under the right conditions. Scientists today think that life on Earth began in a series of steps, not all at once. First, simple organic molecules, tiny building blocks like amino acids, formed from non-living materials. Then, these molecules started joining together into more complex ones that could make copies of themselves. One important kind of molecule they talk about is RNA. The RNA world hypothesis suggests that early life may have used RNA before DNA and proteins. This is because RNA can do two important jobs: it can carry""}]","[""simplewiki""]",6.359375,5.609375,0.75,,,,,,,,,,,False,0,[],,,True,distil-whisper/distil-medium.en,cuda:1,"According to the findings of the Miller-Yory experiment, which of the following statements is most accurate regarding the composition of Earth's prebiotic atmosphere and the production of organic compounds?","[[0, ""Option A. The experiment demonstrated that an atmosphere composed solely of carbon dioxide in water could produce complex organic molecules.""], [1, ""Option B. The experiment showed that Earth's prebiotic atmosphere was rich in oxygen, which facilitated the production of organic compounds.""], [2, ""Option C, the experiment indicated that a nitrogen-rich atmosphere was necessary for the synthesis of organic compounds.""], [3, ""option D. The experiment revealed that a mixture of methane, ammonia, hydrogen, and water, when subjected to electrical discharge, produced amino acids under conditions similar to early Earth's atmosphere.""]]",1.2541618347167969,1.4496376514434814,1.1044087409973145,29.579046,29.335721,"[{""label"": ""question"", ""seconds"": 0.29077792167663574, ""audio_bytes"": 595244, ""audio_samples"": 198400, ""sampling_rate"": 16000, ""audio_path"": null}, {""label"": ""option_A"", ""seconds"": 0.1964578628540039, ""audio_bytes"": 487724, ""audio_samples"": 162560, ""sampling_rate"": 16000, ""audio_path"": null}, {""label"": ""option_B"", ""seconds"": 0.19742512702941895, ""audio_bytes"": 464684, ""audio_samples"": 154880, ""sampling_rate"": 16000, ""audio_path"": null}, {""label"": ""option_C"", ""seconds"": 0.17650222778320312, ""audio_bytes"": 361004, ""audio_samples"": 120320, ""sampling_rate"": 16000, ""audio_path"": null}, {""label"": ""option_D"", ""seconds"": 0.24324560165405273, ""audio_bytes"": 622124, ""audio_samples"": 207360, ""sampling_rate"": 16000, ""audio_path"": null}]",
20260529_154009_selected,1,2026-05-29 15:40:09,265953,2,Science and Nature,1513,0,15,29.467071,"According to the theory of relativity, which of the following scenarios would cause a clock to run slower compared to a stationary observer?","[[0, ""Option A clock moving at a constant velocity perpendicular to the observer.""], [1, ""Option B, a clock located at a different altitude but at rest relative to the observer.""], [2, ""Option C. A clock moving at a constant velocity in the same direction as the observer.""], [3, ""option D. A clock at rest relative to the observer, but experiencing a strong gravitational field.""]]",2,False,False,True,512000,1.070554494857788,hybrid_rag_rrf_rerank_qwen35_gguf_gbnf,rag_global,0.878,,2,v6b_micro_reasoning_unified_retrieval,"[{""source"": ""simplewiki"", ""idx"": 33081, ""reranker_score"": 7.3125, ""text"": ""are slowed down. Because the ISS is in low Earth orbit (LEO), time dilation due to gravity is not as strong as time dilation due to its speed, so a clock on it is slowed down more than it is sped up. An object in Geostationary orbit moves less quickly and is farther away from Earth, so gravitational time dilation is stronger, and clocks move quicker than in LEO. This means that engineers need to pick different clocks for different orbits. GPS satellites work because they know about both kinds of time dilation (their clocks are permanently offsetted to compensate). Case #1: In special relativity, clocks that are moving run slower, according to a stationary observer's clock. This effect does not come from workings of the clocks, but from the nature of spacetime. Case #2: the observers may be in positions with different gravitational masses. In general relativity, clocks that are near a strong gravitational field run slower than clocks""}, {""source"": ""simplewiki"", ""idx"": 33082, ""reranker_score"": 6.375, ""text"": ""nature of spacetime. Case #2: the observers may be in positions with different gravitational masses. In general relativity, clocks that are near a strong gravitational field run slower than clocks in a weaker gravitational field. If you were to have a rotor, or motor, moving at a very fast speed (any measurement of speed will cause time dilation just in varying amounts) and have a beam of sorts with a capsule, the faster it spins the more time changes. This could theoretically make a time machine although it could only go forward and would be very dangerous. Evidence Experiments support both aspects of time dilation. Time dilation due to relative velocity The formula for determining time dilation in special relativity is: : \\Delta t' = \\frac{\\Delta t}{\\sqrt{1-v^2/c^2}} \\, where : \\Delta t \\, is the time interval for an observer (e.g. ticks on his clock) – this is known as the proper time, : \\Delta t' \\, is the time""}, {""source"": ""simplewiki"", ""idx"": 17359, ""reranker_score"": 5.6015625, ""text"": ""a lot) what they think the measurements of the length of objects are. Furthermore, if a line of clocks look the synchronised/the same to an observer who is standing still and then appear to become out of sync to that same observer after they accelerate to a certain velocity, this means that during that acceleration, the clocks ran at different speeds. Some may even turn run backwards. This kind of thinking leads to general relativity. Other scientists before Einstein had written about light seeming to go the same speed no matter how it was observed. What made Einstein's theory so note worthy is that it considers the measurement of the speed of light to be constant by definition, in other words it is a basic law of how the Universe works. This has big implications because speed-related measurements, length and duration, must change in order to accommodate this. The Lorentz transformations Einstein's theory here was inspired by some Mathematical works""}, {""source"": ""simplewiki"", ""idx"": 138283, ""reranker_score"": 5.28125, ""text"": ""The light clock is a simple way of showing a basic feature of Special relativity. A clock is designed to work by bouncing a flash of light off a distant mirror and using its return to trigger another flash of light, meanwhile counting how many flashes have occurred along the way. It is easy to show that people on Earth watching a spaceship fly overhead with such a clock would see it ticking relatively slowly. This effect is called time dilation. Before we study the light clock, consider another kind of relativity. Imagine that someone is dribbling a basketball in the hold of a large cargo jet. The basketball player is moving in the same direction as the jet airplane. The other people in the plane see him moving a meter or two as he makes one dribble. Between the time the ball bounces the first time and the ball bounces the second time, about one second has passed. But""}]","[""simplewiki""]",7.3125,6.375,0.9375,,,,,,,,,,,False,0,[],,,True,distil-whisper/distil-medium.en,cuda:1,"According to the theory of relativity, which of the following scenarios would cause a clock to run slower compared to a stationary observer?","[[0, ""Option A clock moving at a constant velocity perpendicular to the observer.""], [1, ""Option B, a clock located at a different altitude but at rest relative to the observer.""], [2, ""Option C. A clock moving at a constant velocity in the same direction as the observer.""], [3, ""option D. A clock at rest relative to the observer, but experiencing a strong gravitational field.""]]",1.0508325099945068,1.2144105434417725,0.8993523120880127,29.636114,29.468005,"[{""label"": ""question"", ""seconds"": 0.24424481391906738, ""audio_bytes"": 372524, ""audio_samples"": 124160, ""sampling_rate"": 16000, ""audio_path"": null}, {""label"": ""option_A"", ""seconds"": 0.1576991081237793, ""audio_bytes"": 253484, ""audio_samples"": 84480, ""sampling_rate"": 16000, ""audio_path"": null}, {""label"": ""option_B"", ""seconds"": 0.16646981239318848, ""audio_bytes"": 364844, ""audio_samples"": 121600, ""sampling_rate"": 16000, ""audio_path"": null}, {""label"": ""option_C"", ""seconds"": 0.16292786598205566, ""audio_bytes"": 276524, ""audio_samples"": 92160, ""sampling_rate"": 16000, ""audio_path"": null}, {""label"": ""option_D"", ""seconds"": 0.16801071166992188, ""audio_bytes"": 380204, ""audio_samples"": 126720, ""sampling_rate"": 16000, ""audio_path"": null}]",
20260529_154009_selected,2,2026-05-29 15:42:05,265986,2,Science and Nature,2791,0,1,29.53748,"A student completes several tasks while making breakfast, during which tasks does the student make a solution.","[[0, ""Option A sprinkling cheese on eggs.""], [1, ""Option B. He he he he spreading jelly on toast""], [2, ""option C pouring milk on cereal.""], [3, ""option D adding sugar to tea""]]",2,False,False,True,0,3.3854281902313232,hybrid_rag_option_evidence_qwen35_gguf_gbnf_adaptive,rag_option_evidence,0.548,,2,v6b_micro_reasoning_unified_retrieval,"[{""source"": ""kelm"", ""idx"": 31197, ""reranker_score"": -4.5546875, ""text"": ""The Breakfast Club is 93 minutes long.""}, {""source"": ""kelm"", ""idx"": 407818, ""reranker_score"": -5.8203125, ""text"": ""The Seven Tasks of Ali Baba is a TV series that is 90 minutes long.""}, {""source"": ""simplewiki"", ""idx"": 13637, ""reranker_score"": -6.9765625, ""text"": ""A meal is a serving of food eaten by human beings. Meals usually include several different types of food, such as grains, vegetables, fruit, and in some cases, meat. Meals have different names by time they are taken or by the type of food that is eaten. Types In North America and in Europe, people usually eat three meals a day. The morning meal is called breakfast. It usually includes foods made from grain (cereal, porridge, or bread), fruit (apple, banana, or an orange), and milk products (milk, yogurt, or cottage cheese). Many people drink coffee or tea with their breakfast. Around noon, people eat their lunch. People who are working at jobs are given a break to eat their lunch. The lunch meal includes foods such as a sandwich, soup, vegetables, fruit, and milk. In some countries, such as Italy, people serve an alcoholic drink with lunch. In England, some people have a glass of beer with their lunch.""}, {""source"": ""simplewiki"", ""idx"": 252356, ""reranker_score"": -7.0859375, ""text"": ""procedures. Referential transparency lets programmers and compilers to think of code as a rewrite system—something that takes an expression and replaces it with something else. This can help with several tasks, such as: * Proving that the program or code is correct—that it does exactly what it's supposed to, no matter what. * Making an algorithm more simple. * Making it easier to change the code while still being sure that it does what it's supposed to. * Making the code run faster or in a way that uses up less memory. There are several ways of doing the last task—the most well-known are memoization (saving answers after the first time), common subexpression elimination (figuring out if it is worth it to combine two parts of the code that are the same) , lazy evaluation (not finding the answer until the code really needs it), and parallelization (working on multiple problems at the same time). References""}]","[""kelm"", ""simplewiki""]",-4.5546875,-5.8203125,1.265625,1.34375,-1.234375,2.578125,"[{""option_id"": 0, ""top_score"": -1.625, ""margin"": 2.0390625}, {""option_id"": 1, ""top_score"": -2.421875, ""margin"": 2.5859375}, {""option_id"": 2, ""top_score"": 1.34375, ""margin"": 1.203125}, {""option_id"": 3, ""top_score"": -1.234375, ""margin"": 1.1328125}]","[{""option_id"": 0, ""option_text"": ""Option A sprinkling cheese on eggs."", ""query"": ""A student completes several tasks while making breakfast, during which tasks does the student make a solution. Option A sprinkling cheese on eggs."", ""top_score"": -1.625, ""second_score"": -3.6640625, ""margin"": 2.0390625, ""docs"": [{""source"": ""simplewiki"", ""idx"": 52702, ""reranker_score"": -1.625, ""text"": ""An omelette (also spelled as omelet) is a type of food that is mainly eggs, with various fillings. In the United States omelettes are usually eaten at breakfast. However omelettes can be eaten as a light lunch or late evening meal. Making an Omelette and vegetables.]] An omelette is prepared from beaten eggs cooked with butter or oil in a frying pan. A thin, flat 'heavy' omelette is usually folded around a filling su""}, {""source"": ""simplewiki"", ""idx"": 30857, ""reranker_score"": -3.6640625, ""text"": ""A cheesecake is a dessert cake made of cheese (usually cream cheese but sometimes ricotta), eggs, and sugar. It often has a graham cracker crumb crust, sometimes held together by melted butter. The filling has a very heavy, smooth texture. It sometimes has sour cream to make it easier to shape and may have fruit flavoring such as strawberry, blueberry, or lemon. It is often topped with fresh fruit or chocolate. Histo""}]}, {""option_id"": 1, ""option_text"": ""Option B. He he he he spreading jelly on toast"", ""query"": ""A student completes several tasks while making breakfast, during which tasks does the student make a solution. Option B. He he he he spreading jelly on toast"", ""top_score"": -2.421875, ""second_score"": -5.0078125, ""margin"": 2.5859375, ""docs"": [{""source"": ""simplewiki"", ""idx"": 157661, ""reranker_score"": -2.421875, ""text"": ""bread, then spreading marshmallow creme on another slice. When the two breads are put together, they make a sandwich. Different recipes have wheat bread instead of white bread, and Nutella hazelnut spread instead of peanut butter. Sweet ingredients can be added like bananas. Salty ingredients like bacon can also be added. The Fluffernutter is like a peanut butter and jelly sandwich. The fluffernutter is often seen as""}, {""source"": ""simplewiki"", ""idx"": 54632, ""reranker_score"": -5.0078125, ""text"": ""*Tuna *Chocolate spread *Butter In popular culture In one episode of The Apprentice, the apprentices were required to make sandwiches for Donald Trump. In the French film Taxi the protagonist is made a special sandwich with half Bayonne ham, half Paris. This later sparks the jealousy of another character. In the Warner Brothers cartoon Scooby Doo, Scooby was well known to love making sandwiches with Shaggy having man""}]}, {""option_id"": 2, ""option_text"": ""option C pouring milk on cereal."", ""query"": ""A student completes several tasks while making breakfast, during which tasks does the student make a solution. option C pouring milk on cereal."", ""top_score"": 1.34375, ""second_score"": 0.140625, ""margin"": 1.203125, ""docs"": [{""source"": ""simplewiki"", ""idx"": 65375, ""reranker_score"": 1.34375, ""text"": ""The name Granula comes from granulates, formed of grain. In 1863 this became the first breakfast cereal and included heavy nuggets made from bran, the outer husk of a grain that is taken out when making flour. The cereal had to be soaked overnight before being eaten. Simply pouring milk over it was not enough to make it eatable. The cereals eaten today grew out of a health campaign that began in the 1860s. Thin baked""}, {""source"": ""simplewiki"", ""idx"": 294194, ""reranker_score"": 0.140625, ""text"": ""healthy foods began a push for healthy breakfasts. In 1863, Granula became the first breakfast cereal. The name Granula comes from granulates, formed of grain. It included heavy nuggets made from bran, the outer husk of a grain that is taken out when making flour. The cereal had to be soaked overnight before being eaten. Simply pouring milk over it was not enough to make it eatable. The cereals eaten today grew out o""}]}, {""option_id"": 3, ""option_text"": ""option D adding sugar to tea"", ""query"": ""A student completes several tasks while making breakfast, during which tasks does the student make a solution. option D adding sugar to tea"", ""top_score"": -1.234375, ""second_score"": -2.3671875, ""margin"": 1.1328125, ""docs"": [{""source"": ""simplewiki"", ""idx"": 11305, ""reranker_score"": -1.234375, ""text"": ""while black tea is steeped for 3–5 minutes in boiling water. Blends * Earl Grey tea is black tea with bergamot oil * English afternoon tea is medium-bodied, bright and refreshing * English breakfast tea is a full-bodied, robust blend that is made to go well with milk and sugar * Assamese and Kenyan teas are blended with Ceylonese teas which adds a light, brisk quality to the blend Gallery File:Tea bags.jpg|Tea bags F""}, {""source"": ""simplewiki"", ""idx"": 77607, ""reranker_score"": -2.3671875, ""text"": ""is suitable for tea with milk and particularly spice. Nilgiri has fresh and clear fragrance and clean but solid flavor. Sri Lanka Sri Lanka is next to India in the total production of black tea. The generic name for black tea which grown in Sri Lanka is Ceylon tea. *Uva *Kandy *Dimbula *Nuwara Eliya *Ruhuna China Tea produced in China has characteristic that the taste is not so bitter. Straight tea is more popular th""}]}]",,,,,,False,0,[],,,True,distil-whisper/distil-medium.en,cuda:1,"A student completes several tasks while making breakfast, during which tasks does the student make a solution.","[[0, ""Option A sprinkling cheese on eggs.""], [1, ""Option B. He he he he spreading jelly on toast""], [2, ""option C pouring milk on cereal.""], [3, ""option D adding sugar to tea""]]",1.0562498569488525,1.1439332962036133,0.7403223514556885,29.656864,29.538241,"[{""label"": ""question"", ""seconds"": 0.2149200439453125, ""audio_bytes"": 318764, ""audio_samples"": 106240, ""sampling_rate"": 16000, ""audio_path"": null}, {""label"": ""option_A"", ""seconds"": 0.13493680953979492, ""audio_bytes"": 157484, ""audio_samples"": 52480, ""sampling_rate"": 16000, ""audio_path"": null}, {""label"": ""option_B"", ""seconds"": 0.1489884853363037, ""audio_bytes"": 330284, ""audio_samples"": 110080, ""sampling_rate"": 16000, ""audio_path"": null}, {""label"": ""option_C"", ""seconds"": 0.12293267250061035, ""audio_bytes"": 138284, ""audio_samples"": 46080, ""sampling_rate"": 16000, ""audio_path"": null}, {""label"": ""option_D"", ""seconds"": 0.11854434013366699, ""audio_bytes"": 126764, ""audio_samples"": 42240, ""sampling_rate"": 16000, ""audio_path"": null}]",
20260529_154009_selected,3,2026-05-29 15:42:17,265987,2,Science and Nature,4584,0,1,29.511627,Which system is most responsible for transporting blood throughout the body?,"[[0, ""Option A. Circulatory system.""], [1, ""Option B, Exgratory System.""], [2, ""Option C. Digestive System.""], [3, ""option D. Skeletal system.""]]",0,True,False,False,100,1.0591635704040527,hybrid_rag_rrf_rerank_qwen35_gguf_gbnf,rag_global,0.884,,0,v6b_micro_reasoning_unified_retrieval,"[{""source"": ""simplewiki"", ""idx"": 27923, ""reranker_score"": 5.1328125, ""text"": ""The circulatory system (also called the cardiovascular system) is the body system that moves blood around the body. It consists of the heart and blood vessels. The blood carries various materials that the body needs, and takes away waste and harmful substances. Blood vessels that take blood away from the heart are arteries. Arteries divide into smaller arteries as they go away from the heart. The smaller arteries that connect to the capillaries, are called arterioles. Blood vessels that take blood towards the heart are veins. Veins get bigger as they go towards the heart. The smallest veins are called venules. Pronounced (VEHN-yools) Capillaries go between arteries and veins. Capillaries are quite thin, hence the name which comes from the Latin capillus meaning \""hair.\"" So blood moves: heart→artery→arteriole→capillary→venule→vein→heart. This is called circulation. There are two different circulations in the circulatory system. The systemic circulation is how blood goes to most of the body. The pulmonary circulation is how blood goes""}, {""source"": ""simplewiki"", ""idx"": 27924, ""reranker_score"": 4.125, ""text"": ""called circulation. There are two different circulations in the circulatory system. The systemic circulation is how blood goes to most of the body. The pulmonary circulation is how blood goes through the lungs. (Pulmonary means ¨about the lungs¨). This is how it works in mammals, including humans. Circulatory systems of other vertebrates differ somewhat. Vertebrates also have a lymphatic system that helps the main blood circulatory system. Systemic circulation Blood that comes from the left side of the heart is full of oxygen and nutrients. Nutrients are substances that your body needs to live, like protein, fat, carbohydrates, vitamins, and minerals. The blood brings the oxygen and nutrients to your body. This blood in systemic arteries that is full of oxygen and nutrients is systemic arterial blood. It is sometimes just called arterial blood. The biggest systemic artery in the body is the aorta. This is the large blood vessel that comes out of the heart. Smaller arteries branch off""}, {""source"": ""simplewiki"", ""idx"": 57050, ""reranker_score"": 3.09375, ""text"": ""The lymphatic system is a network of thin vessels that branch, like blood vessels, into tissues throughout the body, in mammals. It is part of the immune system. It is a one-way system which carries cells and fluid back to the blood system. Lymphatic vessels carry lymph, a colorless, watery fluid, and white blood cells. It comes from interstitial fluid in the tissues which is squeezed out of the blood vessels. The lymphatic system transports infection-fighting cells called lymphocytes, and is involved in the removal of foreign matter and cell debris by phagocytes. A second function is to transport fats from the small intestine to the blood. Lymphatic fluid gathers from the tissues and enters the valved lymphatic ducts. These valves make sure the lymph flows the right way. On its way back to the blood system, the lymph passes through glands called lymph nodes, in places like the back of the neck, the armpits and the groin. Lymph nodes""}, {""source"": ""simplewiki"", ""idx"": 35973, ""reranker_score"": 2.390625, ""text"": ""atrium, a ventricle, a sac-like thin walled structure known as sinus venosus and a tube, known as bulbus arteriosus. In spite of containing four parts, the heart of a fish is considered two-chambered. The blood contains plasma (the fluid portion of blood) and the blood cells. The red blood cells contain hemoglobin, a protein that facilitates the transport of oxygen to the entire body, while the white blood cells are an indispensable part of the immune system. The thrombocytes help in blood clotting. Blood is circulated throughout the body with the help of arteries and veins (blood vessels). The arteries are responsible for carrying oxygenated blood from the heart to the rest of the body, while the veins return deoxygenated blood from the different parts of the body to the heart. Skeletal and muscular systems The skeletal system of a goldfish is mainly to protect the goldfish, support its structure and leverage, and helps with its red blood cell production.""}]","[""simplewiki""]",5.1328125,4.125,1.0078125,,,,,,,,,,,False,0,[],,,True,distil-whisper/distil-medium.en,cuda:1,Which system is most responsible for transporting blood throughout the body?,"[[0, ""Option A. Circulatory system.""], [1, ""Option B, Exgratory System.""], [2, ""Option C. Digestive System.""], [3, ""option D. Skeletal system.""]]",0.8460819721221924,1.1606152057647705,0.6955912113189697,29.641319,29.512271,"[{""label"": ""question"", ""seconds"": 0.18810153007507324, ""audio_bytes"": 199724, ""audio_samples"": 66560, ""sampling_rate"": 16000, ""audio_path"": null}, {""label"": ""option_A"", ""seconds"": 0.12780380249023438, ""audio_bytes"": 276524, ""audio_samples"": 92160, ""sampling_rate"": 16000, ""audio_path"": null}, {""label"": ""option_B"", ""seconds"": 0.12662148475646973, ""audio_bytes"": 134444, ""audio_samples"": 44800, ""sampling_rate"": 16000, ""audio_path"": null}, {""label"": ""option_C"", ""seconds"": 0.12409257888793945, ""audio_bytes"": 165164, ""audio_samples"": 55040, ""sampling_rate"": 16000, ""audio_path"": null}, {""label"": ""option_D"", ""seconds"": 0.12897181510925293, ""audio_bytes"": 284204, ""audio_samples"": 94720, ""sampling_rate"": 16000, ""audio_path"": null}]",
20260529_154009_selected,3,2026-05-29 15:42:17,265987,2,Science and Nature,3756,0,2,29.316856,Which process turns a large rock into a pile of smaller stones?,"[[0, ""Option A, Weathering.""], [1, ""Option B, sedimentation. Cob said you now, in the wimble is so pieceding as so with metamadio.""], [2, ""Option C. Fossilizing!""], [3, ""Option D. D. D. Poes.""]]",0,True,False,False,200,0.9965832233428955,hybrid_rag_rrf_rerank_qwen35_gguf_gbnf,rag_global,0.864,,0,v6b_micro_reasoning_unified_retrieval,"[{""source"": ""simplewiki"", ""idx"": 927, ""reranker_score"": 3.2890625, ""text"": ""it forms rocks like granite, which have large, visible crystals. These are called intrusive igneous rocks. If the lava cools quickly at the surface, it forms rocks like basalt, which have small or no visible crystals. These are called extrusive igneous rocks. Over time, rocks on the Earth’s surface are broken down into small pieces by wind, water, and other natural forces. This process is called weathering. The small pieces, called sediments, can build up in layers. As more layers pile on top, the weight presses them together. Over time, these layers stick together to form sedimentary rocks like limestone or sandstone. These rocks often contain fossils and can give clues about what the Earth was like in the past. When rocks are buried deep underground, they are exposed to a lot of heat and pressure. This can change the rocks into a new type called metamorphic rocks. This transformation does not melt the rock, but it changes its structure""}, {""source"": ""simplewiki"", ""idx"": 145742, ""reranker_score"": -0.265625, ""text"": ""into sediment or melt into magma. It is formed under extreme pressure and temperature deep inside mountain chains. Sedimentary rock is compacted sediments which can come from any of the other rocks, plus remains of living things. It can erode back into sediment, or be pressurized into metamorphic rock and can be melted to magma, which forms igneous rocks. These processes can occur in different orders, and the cycle goes on forever. Earth has several processes for changing rocks. Wind and water can create sediment from rocks, and movement of one tectonic plate against another creates enormous heat and pressure which affects rocks greatly. Subduction converts all kinds into magma, which eventually rejoins the cycle as igneous rocks. References""}, {""source"": ""simplewiki"", ""idx"": 106825, ""reranker_score"": -1.7578125, ""text"": ""Carbonation is the process of carbon dioxide dissolving in a liquid. For example, carbon dioxide is added to flavored water under pressure to make it \""fizz\"" as a carbonated water soft drink. Geology When rain passes through the atmosphere, it takes in or mixes with carbon dioxide, turning it into a weak carbonic acid. When the rain falls on limestone, it dissolves the calcium carbonate in the rock, turning it into calcium bicarbonate and taking it away. Holes and large cracks form in the rock. Such a place is called karst. If a stream or river passes through it, it could be swallowed up by a hole called a swallow hole. It can go through a series of underground caves and may appear on the surface again. An example of a karst area is the Burren National Park, in County Clare, Ireland. Chemistry Carbon dioxide is weakly soluble in water, therefore it separates into a gas. The process of carbon""}, {""source"": ""simplewiki"", ""idx"": 29079, ""reranker_score"": -2.953125, ""text"": ""river is reshaped by the water and sediment flowing around it. Stones can be used as primitive weapons. A person can throw it at an enemy or animal, or use it to cause more damage in hand-to-hand combat. A stone is larger than a grain of sand, gravel or pebbles. A boulder is a large rock or stone. Related pages * Precious stone * Stone Age""}]","[""simplewiki""]",3.2890625,-0.265625,3.5546875,,,,,,,,,,,False,0,[],,,True,distil-whisper/distil-medium.en,cuda:1,Which process turns a large rock into a pile of smaller stones?,"[[0, ""Option A, Weathering.""], [1, ""Option B, sedimentation. Cob said you now, in the wimble is so pieceding as so with metamadio.""], [2, ""Option C. Fossilizing!""], [3, ""Option D. D. D. Poes.""]]",0.8446903228759766,1.3521473407745361,0.7759318351745605,29.454307,29.317706,"[{""label"": ""question"", ""seconds"": 0.19150805473327637, ""audio_bytes"": 199724, ""audio_samples"": 66560, ""sampling_rate"": 16000, ""audio_path"": null}, {""label"": ""option_A"", ""seconds"": 0.11907339096069336, ""audio_bytes"": 92204, ""audio_samples"": 30720, ""sampling_rate"": 16000, ""audio_path"": null}, {""label"": ""option_B"", ""seconds"": 0.2070615291595459, ""audio_bytes"": 503084, ""audio_samples"": 167680, ""sampling_rate"": 16000, ""audio_path"": null}, {""label"": ""option_C"", ""seconds"": 0.12177038192749023, ""audio_bytes"": 96044, ""audio_samples"": 32000, ""sampling_rate"": 16000, ""audio_path"": null}, {""label"": ""option_D"", ""seconds"": 0.1365184783935547, ""audio_bytes"": 414764, ""audio_samples"": 138240, ""sampling_rate"": 16000, ""audio_path"": null}]",
20260529_154009_selected,3,2026-05-29 15:42:17,265987,2,Science and Nature,5645,0,3,29.474883,In which of the following cases would a decrease in friction be most beneficial?,"[[0, ""Option A, the friction between the shoes of a jogger and the jogging track.""], [1, ""Option B, the friction between a rotating pulley and the axle that supports the pulley.""], [2, ""Option C. The friction between the wheels of a car and the surface of a road.""], [3, ""option D the friction between a rotating pulley and the rope that is used with the pulley""]]",1,True,False,False,300,1.1672117710113525,hybrid_rag_rrf_rerank_qwen35_gguf_gbnf,rag_global,0.793,,1,v6b_micro_reasoning_unified_retrieval,"[{""source"": ""simplewiki"", ""idx"": 197559, ""reranker_score"": 3.234375, ""text"": ""muscles in cycles - joints move in one direction, then the other, instead of moving in one direction constantly. Large animals cannot gain speed very quickly, because it is more difficult for muscles to pull against a large inertia (the resistance of a heavy object to movement). Friction In most machines, a lubricant (like oil or grease) or a bearing is used to limit friction (rubbing) between moving parts. Keeping friction down is important for limiting wear damage to the parts, and for keeping the parts from getting too hot. The faster the parts move, or the more force between them, the more important it is to reduce friction. In animal joints like the human knee, friction is reduced with a tissue called cartilage that has a low coefficient of friction, and a lubricating fluid called synovial fluid that has a low viscosity (resistance to flowing). Gerhard Scholtz, a professor at the (\""Institute for Biology and Comparative Zoology\"") at Humboldt""}, {""source"": ""simplewiki"", ""idx"": 189054, ""reranker_score"": 2.2578125, ""text"": ""A lubricant is a substance used to reduce friction between moving surfaces. The property of reducing friction is known as lubricity (slipperiness). A good lubricant has the following characteristics: * Does not get affected by temperature or pressure at all * Does not burn easily, and may also prevent rusting * High viscosity (feels like a very thick liquid) * Does not mix with water The most often used lubricant is motor oil, which is used in engines of cars and motorcycles. Sometimes, chemicals are added to normal oil to give it special properties. A lubricant, like motor oil, can also help in reducing heat. Simply put, cooling depends on surface area in contact. So, if something normally has a small surface area, you can put that thing into a bigger pot, and put oil in the pot. This way, oil comes in contact with small surface area of the small object, and transfers that heat to the big surface""}, {""source"": ""simplewiki"", ""idx"": 32022, ""reranker_score"": -1.671875, ""text"": ""Friction is a force that acts to stop the movement of two touching things. The energy lost to friction is turned into sound and heat. Two kinds of friction are static and kinetic. Static friction is when the friction is strong enough to stop movement between two objects. Kinetic friction is used when the frictional force is not strong enough to stop all motion. An effect of kinetic friction is heat production. Many everyday mechanisms that use friction include car brakes, suitcases, and shoes. Even a person sliding across the floor uses a form of friction. Some facts about friction are: *Friction can be thought to be caused by bumps on two touching surfaces. These bumps are called asperities. As these two rough surfaces move against each other they get stuck and prevent motion until the asperities are broken or slid over. Even the smoothest materials have these asperities. *As the force that is pushing on an object increases, the""}, {""source"": ""simplewiki"", ""idx"": 179373, ""reranker_score"": -1.6796875, ""text"": ""A coefficient of friction is a value that shows the relationship between two objects and the normal reaction between the objects that are involved. It is a value that is sometimes used in physics to find an object's normal force or frictional force when other methods are unavailable. The coefficient of friction is shown by F_f = \\mu F_{n}\\, . In that equation, F_f is the frictional force, \\mu is the coefficient of friction, and F_{n}\\, is the normal force. The coefficient \\mu can be two different things. It is either the coefficient of static friction \\mu_s , or the coefficient of Dynamic friction \\mu_k .The coefficient of static friction is the friction force between two objects when neither of the objects is moving. The coefficient of dynamic friction is the force between two objects when one object is moving, or if two objects are moving against one another. The coefficient of friction is dimensionless and it does not have""}]","[""simplewiki""]",3.234375,2.2578125,0.9765625,,,,,,,,,,,False,0,[],,,True,distil-whisper/distil-medium.en,cuda:1,In which of the following cases would a decrease in friction be most beneficial?,"[[0, ""Option A, the friction between the shoes of a jogger and the jogging track.""], [1, ""Option B, the friction between a rotating pulley and the axle that supports the pulley.""], [2, ""Option C. The friction between the wheels of a car and the surface of a road.""], [3, ""option D the friction between a rotating pulley and the rope that is used with the pulley""]]",1.0439202785491943,1.1904282569885254,0.854262113571167,29.641614,29.475578,"[{""label"": ""question"", ""seconds"": 0.1984574794769287, ""audio_bytes"": 253484, ""audio_samples"": 84480, ""sampling_rate"": 16000, ""audio_path"": null}, {""label"": ""option_A"", ""seconds"": 0.16484332084655762, ""audio_bytes"": 203564, ""audio_samples"": 67840, ""sampling_rate"": 16000, ""audio_path"": null}, {""label"": ""option_B"", ""seconds"": 0.16436529159545898, ""audio_bytes"": 257324, ""audio_samples"": 85760, ""sampling_rate"": 16000, ""audio_path"": null}, {""label"": ""option_C"", ""seconds"": 0.16064214706420898, ""audio_bytes"": 380204, ""audio_samples"": 126720, ""sampling_rate"": 16000, ""audio_path"": null}, {""label"": ""option_D"", ""seconds"": 0.1659538745880127, ""audio_bytes"": 230444, ""audio_samples"": 76800, ""sampling_rate"": 16000, ""audio_path"": null}]",
20260529_154009_selected,3,2026-05-29 15:42:17,265987,2,Science and Nature,2642,0,4,29.469448,Which of the following best describes the fundamental principle of the Drake equation?,"[[0, ""Option A, it summarizes the main concept scientists must consider when thinking about the possibility of extraterrestrial life.""], [1, ""Option B, it calculates the distance to the nearest star with a habitable planet.""], [2, ""Option C. It predicts the exact number of extraterrestrial civilizations in the Milky Way.""], [3, ""option D. It is a formula to determine the age of the Milky Way galaxy.""]]",0,True,False,False,500,1.030033826828003,hybrid_rag_rrf_rerank_qwen35_gguf_gbnf,rag_global,0.858,,0,v6b_micro_reasoning_unified_retrieval,"[{""source"": ""simplewiki"", ""idx"": 153786, ""reranker_score"": 5.71875, ""text"": ""In 1961, Frank Drake wrote down an equation for the chance of a contactable alien civilization from another planet in the Milky Way Galaxy. This is known as the Drake Equation (sometimes called the Green Bank equation or the Green Bank Formula). Carl Sagan mentioned the Drake equation so often that it has been mistaken for the 'Sagan equation'. The equation The Drake equation states that: : N = R^{\\ast} \\cdot f_p \\cdot n_e \\cdot f_{\\ell} \\cdot f_i \\cdot f_c \\cdot L \\! where: :N = the number of civilizations in our galaxy with which communication might be possible; and :R * = the average rate of star formation per year in our galaxy :f p = the fraction of those stars that have planets :n e = the average number of planets that can potentially support life per star that has planets :f ℓ = the fraction of the above that actually go on to develop life at some""}, {""source"": ""simplewiki"", ""idx"": 153787, ""reranker_score"": 5.0234375, ""text"": ""number of planets that can potentially support life per star that has planets :f ℓ = the fraction of the above that actually go on to develop life at some point :f i = the fraction of the above that actually go on to develop intelligent life :f c = the fraction of civilizations that develop a technology that releases detectable signs of their existence into space :L = the length of time for which such civilizations release detectable signals into space. Solving it We don't know the solution to the equation. for SETI]] Although written as an equation, Drake's formulation is not particularly useful for getting a value of N . The last four parameters, f_{\\ell}, f_i, f_c, and L are not known. They are very hard to guess, with values ranging over many orders of magnitude. Therefore, the SETI League says the importance of the Drake equation is not in solving it, but in thinking about it. It""}, {""source"": ""simplewiki"", ""idx"": 153844, ""reranker_score"": 4.2734375, ""text"": ""Frank Donald Drake PhD (May 28, 1930 – September 2, 2022) was an American astronomer (a scientist who studies the universe and what is inside it) and astrophysicist (someone who studies the physics of astronomy). He is most famous for joining the first new SETI (Search for Extra-Terrestrial Intelligence) experiment in 1960 and for making the Drake equation. Early Life Born on the 28th of May 1930 in Chicago to Richard and Winifred Drake. As a young boy in Chicago, Drake loved electronics and chemistry. He says that he thought of life on other planets but never talked about the idea with his family or teachers. He enrolled at Cornell University on a Navy Reserve Officer Training Corps scholarship. Once there, he began studying astronomy. A lecture from astrophysist Otto Struve in 1951 strengthen Drake's ideas about the possibility of extraterrestrial life. After college, he served briefly as an electronics officer on the USS Albany. He then went on to""}, {""source"": ""simplewiki"", ""idx"": 153788, ""reranker_score"": 3.8125, ""text"": ""with values ranging over many orders of magnitude. Therefore, the SETI League says the importance of the Drake equation is not in solving it, but in thinking about it. It may be more useful to think of it as a series of questions framed as a numbers game. Related pages *Fermi paradox References""}]","[""simplewiki""]",5.71875,5.0234375,0.6953125,,,,,,,,,,,False,0,[],,,True,distil-whisper/distil-medium.en,cuda:1,Which of the following best describes the fundamental principle of the Drake equation?,"[[0, ""Option A, it summarizes the main concept scientists must consider when thinking about the possibility of extraterrestrial life.""], [1, ""Option B, it calculates the distance to the nearest star with a habitable planet.""], [2, ""Option C. It predicts the exact number of extraterrestrial civilizations in the Milky Way.""], [3, ""option D. It is a formula to determine the age of the Milky Way galaxy.""]]",1.0417397022247314,1.4043784141540527,0.8696329593658447,29.63753,29.470209,"[{""label"": ""question"", ""seconds"": 0.19362545013427734, ""audio_bytes"": 234284, ""audio_samples"": 78080, ""sampling_rate"": 16000, ""audio_path"": null}, {""label"": ""option_A"", ""seconds"": 0.18380498886108398, ""audio_bytes"": 422444, ""audio_samples"": 140800, ""sampling_rate"": 16000, ""audio_path"": null}, {""label"": ""option_B"", ""seconds"": 0.1602466106414795, ""audio_bytes"": 253484, ""audio_samples"": 84480, ""sampling_rate"": 16000, ""audio_path"": null}, {""label"": ""option_C"", ""seconds"": 0.16474342346191406, ""audio_bytes"": 337964, ""audio_samples"": 112640, ""sampling_rate"": 16000, ""audio_path"": null}, {""label"": ""option_D"", ""seconds"": 0.16721248626708984, ""audio_bytes"": 245804, ""audio_samples"": 81920, ""sampling_rate"": 16000, ""audio_path"": null}]",
20260529_154009_selected,3,2026-05-29 15:42:17,265987,2,Science and Nature,6477,0,5,29.525747,Leather basketballs are made for indoor use on smooth surfaces. Rubber basketballs are made for use on many different surfaces. Which of the following properties of rubber makes it better than leather for use on many different surfaces?,"[[0, ""Option A rubber is durable.""], [1, ""Option B.""], [2, ""Option C, rubber is quickly produced.""], [3, ""Topson D. Rubber is lightweight.""]]",0,True,False,False,1000,4.032716512680054,hybrid_rag_option_evidence_qwen35_gguf_gbnf_adaptive,rag_option_evidence,0.673,,0,v6b_micro_reasoning_unified_retrieval,"[{""source"": ""simplewiki"", ""idx"": 41660, ""reranker_score"": -0.546875, ""text"": ""s made of rubber]] Rubber is a type of material called a polymer. It can be produced from natural sources (e.g. natural rubber) or can be synthesised on an industrial scale. Many things are made from rubber, like gloves, tires, plugs, and masks. Some things can be made only from rubber. Sometimes the word means only natural rubber (latex rubber). Natural rubber is made from a little wood from an oak tree such as the Hevea brasiliensis (Euphorbiaceae). Synthetic rubbers are made by chemical processes. Properties Rubber can stretch and shrink. Rubber can also contain gases. It is an insulator, which means that it does not conduct electricity. Producers Hevea brasiliensis is the tree that most rubber comes from. Other plants that have the special sap (called latex) are figs (Ficus elastica), Castilla (Panama rubber tree), euphorbias, lettuce, the common dandelion, Taraxacum kok-saghyz (Russian dandelion), Scorzonera tau-saghyz, and Guayule. In the 1800s, most sap to make rubber came from South""}, {""source"": ""simplewiki"", ""idx"": 7009, ""reranker_score"": -4.3984375, ""text"": ""tire]] A tire is a ring of material that covers the rim of a wheel. Most road vehicles and many other vehicles use rubber tires. Tires help vehicles to move smoothly. Some metro trains and trams also use rubber tires on their steel wheels to provide better traction than the steel tires of other trains. Tires need to be changed after their treads wear away. Driving with worn tires is very dangerous. It can cause the tire to explode and the driver to lose control. Tires were made of leather for thousands of years, and of iron or steel for hundreds. Pneumatic tires were invented in the 1840s and again in the 1880s. They became commonplace early in the 20th century. Construction Tires are made of different types of rubber. Softer rubber is used in summer or when the tires need better traction, for example, in auto racing. Tires made of harder rubber are made for long lasting performance, like""}, {""source"": ""simplewiki"", ""idx"": 46976, ""reranker_score"": -4.6875, ""text"": ""and other fabric items. Leather patches are usually used on heavy-duty work clothes, or on the elbows of jackets, or on the knees of pants. Leather patches are sewn on with a needle and thread. Rubber patches Rubber patches are rectangles, squares, or circular pieces of flat, thin rubber that are glued onto bicycle tire inner tubes, car tire inner tubes, and inflatable toys to repair holes.""}, {""source"": ""kelm"", ""idx"": 35332, ""reranker_score"": -5.8203125, ""text"": ""The production engineering of rubber pad forming is closely related to the forming of rubber pads.""}]","[""kelm"", ""simplewiki""]",-0.546875,-4.3984375,3.8515625,1.5390625,0.453125,1.0859375,"[{""option_id"": 0, ""top_score"": 0.453125, ""margin"": 2.1171875}, {""option_id"": 1, ""top_score"": -1.1796875, ""margin"": 3.2421875}, {""option_id"": 2, ""top_score"": 1.5390625, ""margin"": 2.6484375}, {""option_id"": 3, ""top_score"": -2.2421875, ""margin"": 0.53125}]","[{""option_id"": 0, ""option_text"": ""Option A rubber is durable."", ""query"": ""Leather basketballs are made for indoor use on smooth surfaces. Rubber basketballs are made for use on many different surfaces. Which of the following properties of rubber makes it better than leather for use on many different surfaces? Option A rubber is durable."", ""top_score"": 0.453125, ""second_score"": -1.6640625, ""margin"": 2.1171875, ""docs"": [{""source"": ""simplewiki"", ""idx"": 37185, ""reranker_score"": 0.453125, ""text"": ""Latex, also known as rubber, is a natural polymer. It is taken from the milky sap of the rubber tree (Hevea brasiliensis), native to the tropical forests of Central and South America. Today, much of the natural latex comes from Southeast Asia, such as Malaysia and Indonesia. Polymers made from artificial latex are called \""synthetic rubber.\"" Properties * Elasticity * High mechanical resistance * Non-adherent * Electri""}, {""source"": ""simplewiki"", ""idx"": 41660, ""reranker_score"": -1.6640625, ""text"": ""s made of rubber]] Rubber is a type of material called a polymer. It can be produced from natural sources (e.g. natural rubber) or can be synthesised on an industrial scale. Many things are made from rubber, like gloves, tires, plugs, and masks. Some things can be made only from rubber. Sometimes the word means only natural rubber (latex rubber). Natural rubber is made from a little wood from an oak tree such as the ""}]}, {""option_id"": 1, ""option_text"": ""Option B."", ""query"": ""Leather basketballs are made for indoor use on smooth surfaces. Rubber basketballs are made for use on many different surfaces. Which of the following properties of rubber makes it better than leather for use on many different surfaces? Option B."", ""top_score"": -1.1796875, ""second_score"": -4.421875, ""margin"": 3.2421875, ""docs"": [{""source"": ""simplewiki"", ""idx"": 41660, ""reranker_score"": -1.1796875, ""text"": ""s made of rubber]] Rubber is a type of material called a polymer. It can be produced from natural sources (e.g. natural rubber) or can be synthesised on an industrial scale. Many things are made from rubber, like gloves, tires, plugs, and masks. Some things can be made only from rubber. Sometimes the word means only natural rubber (latex rubber). Natural rubber is made from a little wood from an oak tree such as the ""}, {""source"": ""simplewiki"", ""idx"": 7009, ""reranker_score"": -4.421875, ""text"": ""tire]] A tire is a ring of material that covers the rim of a wheel. Most road vehicles and many other vehicles use rubber tires. Tires help vehicles to move smoothly. Some metro trains and trams also use rubber tires on their steel wheels to provide better traction than the steel tires of other trains. Tires need to be changed after their treads wear away. Driving with worn tires is very dangerous. It can cause the t""}]}, {""option_id"": 2, ""option_text"": ""Option C, rubber is quickly produced."", ""query"": ""Leather basketballs are made for indoor use on smooth surfaces. Rubber basketballs are made for use on many different surfaces. Which of the following properties of rubber makes it better than leather for use on many different surfaces? Option C, rubber is quickly produced."", ""top_score"": 1.5390625, ""second_score"": -1.109375, ""margin"": 2.6484375, ""docs"": [{""source"": ""simplewiki"", ""idx"": 41660, ""reranker_score"": 1.5390625, ""text"": ""s made of rubber]] Rubber is a type of material called a polymer. It can be produced from natural sources (e.g. natural rubber) or can be synthesised on an industrial scale. Many things are made from rubber, like gloves, tires, plugs, and masks. Some things can be made only from rubber. Sometimes the word means only natural rubber (latex rubber). Natural rubber is made from a little wood from an oak tree such as the ""}, {""source"": ""simplewiki"", ""idx"": 41662, ""reranker_score"": -1.109375, ""text"": ""and Nigeria also started growing trees to make rubber. Industrial development Charles Marie de La Condamine presented samples of rubber to the Académie Royale des Sciences (Royal Academy of Science) of France in 1736. In 1751, François Fresneau read a paper to the Académie (eventually published in 1755), which described many of the properties of rubber. This has been referred to as the first scientific paper on rubbe""}]}, {""option_id"": 3, ""option_text"": ""Topson D. Rubber is lightweight."", ""query"": ""Leather basketballs are made for indoor use on smooth surfaces. Rubber basketballs are made for use on many different surfaces. Which of the following properties of rubber makes it better than leather for use on many different surfaces? Topson D. Rubber is lightweight."", ""top_score"": -2.2421875, ""second_score"": -2.7734375, ""margin"": 0.53125, ""docs"": [{""source"": ""simplewiki"", ""idx"": 41660, ""reranker_score"": -2.2421875, ""text"": ""s made of rubber]] Rubber is a type of material called a polymer. It can be produced from natural sources (e.g. natural rubber) or can be synthesised on an industrial scale. Many things are made from rubber, like gloves, tires, plugs, and masks. Some things can be made only from rubber. Sometimes the word means only natural rubber (latex rubber). Natural rubber is made from a little wood from an oak tree such as the ""}, {""source"": ""simplewiki"", ""idx"": 41662, ""reranker_score"": -2.7734375, ""text"": ""and Nigeria also started growing trees to make rubber. Industrial development Charles Marie de La Condamine presented samples of rubber to the Académie Royale des Sciences (Royal Academy of Science) of France in 1736. In 1751, François Fresneau read a paper to the Académie (eventually published in 1755), which described many of the properties of rubber. This has been referred to as the first scientific paper on rubbe""}]}]",,,,,,False,0,[],,,True,distil-whisper/distil-medium.en,cuda:1,Leather basketballs are made for indoor use on smooth surfaces. Rubber basketballs are made for use on many different surfaces. Which of the following properties of rubber makes it better than leather for use on many different surfaces?,"[[0, ""Option A rubber is durable.""], [1, ""Option B.""], [2, ""Option C, rubber is quickly produced.""], [3, ""Topson D. Rubber is lightweight.""]]",1.2618062496185303,1.1374127864837646,0.8274409770965576,29.655958,29.526537,"[{""label"": ""question"", ""seconds"": 0.31988072395324707, ""audio_bytes"": 737324, ""audio_samples"": 245760, ""sampling_rate"": 16000, ""audio_path"": null}, {""label"": ""option_A"", ""seconds"": 0.12643098831176758, ""audio_bytes"": 119084, ""audio_samples"": 39680, ""sampling_rate"": 16000, ""audio_path"": null}, {""label"": ""option_B"", ""seconds"": 0.1186835765838623, ""audio_bytes"": 391724, ""audio_samples"": 130560, ""sampling_rate"": 16000, ""audio_path"": null}, {""label"": ""option_C"", ""seconds"": 0.1331028938293457, ""audio_bytes"": 145964, ""audio_samples"": 48640, ""sampling_rate"": 16000, ""audio_path"": null}, {""label"": ""option_D"", ""seconds"": 0.12934279441833496, ""audio_bytes"": 111404, ""audio_samples"": 37120, ""sampling_rate"": 16000, ""audio_path"": null}]",
20260529_154009_selected,3,2026-05-29 15:42:17,265987,2,Science and Nature,3073,0,6,29.513156,Which of these is most likely a behavior of tame animals that is different from wild animals?,"[[0, ""Option A staying away from people.""], [1, ""Ops and be hunting for their own food.""], [2, ""Option C, eating out of the hands of humans.""], [3, ""Thompson D moving to a warmer climate in winter.""]]",2,True,False,False,2000,1.1027748584747314,hybrid_rag_rrf_rerank_qwen35_gguf_gbnf,rag_global,0.892,,2,v6b_micro_reasoning_unified_retrieval,"[{""source"": ""simplewiki"", ""idx"": 180680, ""reranker_score"": 3.84375, ""text"": "") in Wyoming, USA]] in St Kilda, Scotland]] A feral organism is a plant or animal which has changed from being tame or cultivated to being wild. A feral animal is one which has escaped from a domestic or captive status and is living more or less as a wild animal. Animals which were wild before they escaped from captivity are not regarded as feral. For example, a lion which has escaped from a zoo is not a feral animal. Some common examples of animals with feral populations are goats, cats, and pigs. Domesticated plants that revert to wild are usually known as escaped, introduced or naturalized rather than feral. However, the changes seen in plants that go wild is similar to those of animals. Some species go feral easily and successfully. Other species usually do not usually survive in the wild. The introduction of animals or plants to new areas may break down ecosystems. In some cases it has""}, {""source"": ""simplewiki"", ""idx"": 180686, ""reranker_score"": -0.0625, ""text"": ""Colonies of honey bees often escape into the wild. Their behavior, however, is no different from their behavior \""in captivity\"", until and unless they breed with other feral honey bees of a different genetic stock, which may lead them to become more docile or more aggressive (see Africanized bees). Large populations of feral parrots are present in various parts of the world. The Rose-ringed Parakeets, Monk Parakeets and Red-masked Parakeets (subject of the documentary movie, The Wild Parrots of Telegraph Hill) being particularly successful outside of their native habitats and adapting well to suburban environments. Harmful and helpful effects of feral organisms s, also known as pigeons]] in Tasmania, Australia. Also known as a Ringneck Dove or Ring Dove (Streptopelia risoria)]] Ecological impact A feral population can damage an ecosystem by eating vulnerable plants or animals, or by competition with indigenous species. Feral plants and animals are often invasive species, and can be a threat to endangered species. Genetic pollution""}, {""source"": ""simplewiki"", ""idx"": 180688, ""reranker_score"": -2.8203125, ""text"": ""debate over the effect of interbreeding on changes to the genes of a wild species. Economic harm Feral animals compete for food with domestic livestock. They may damage fences, water sources, and vegetation (by overgrazing or introducing seeds of invasive plants). Though hotly disputed, some cite as an example the competition between feral horses and cattle in the western United States. Another example is of goats competing with cattle in Australia, or goats that damage trees and vegetation in environmentally-stressed regions of Africa. Accidental crossbreeding by feral animals may result in harm to breeding programs of pedigreed animals. Their presence may also excite domestic animals and push them to escape. Feral populations can also pass on diseases to domestic herds. Economic benefits Many feral animals can sometimes be captured at little cost and are therefore an important economic resource. Throughout most of Polynesia and Melanesia feral pigs are the main sources of animal protein. Prior to the Free-roaming Wild Horse""}, {""source"": ""simplewiki"", ""idx"": 31272, ""reranker_score"": -3.09375, ""text"": ""to connect the bell with the food. This showed that animals (and people) can learn to react to things that used to mean nothing to them, just by forming associations. Later, a scientist named B. F. Skinner took behaviorism even further with a different idea called operant conditioning. He believed that people and animals learn from what happens after they do something. If something good happens, like getting a treat, the behavior is more likely to happen again. If something bad happens, like a punishment, the behavior is less likely to happen. Skinner used special boxes (called “Skinner boxes”) with rats and pigeons to show how they learned to press levers or peck buttons to get food or avoid a shock. He also studied how the timing of rewards could change how strong the behavior was. For example, rewarding behavior every time is different from rewarding it only once in a while. Behaviorism became a big influence in education and""}]","[""simplewiki""]",3.84375,-0.0625,3.90625,,,,,,,,,,,False,0,[],,,True,distil-whisper/distil-medium.en,cuda:1,Which of these is most likely a behavior of tame animals that is different from wild animals?,"[[0, ""Option A staying away from people.""], [1, ""Ops and be hunting for their own food.""], [2, ""Option C, eating out of the hands of humans.""], [3, ""Thompson D moving to a warmer climate in winter.""]]",1.0439372062683105,1.1424918174743652,0.756899356842041,29.652345,29.513801,"[{""label"": ""question"", ""seconds"": 0.2073214054107666, ""audio_bytes"": 245804, ""audio_samples"": 81920, ""sampling_rate"": 16000, ""audio_path"": null}, {""label"": ""option_A"", ""seconds"": 0.1297450065612793, ""audio_bytes"": 138284, ""audio_samples"": 46080, ""sampling_rate"": 16000, ""audio_path"": null}, {""label"": ""option_B"", ""seconds"": 0.1414484977722168, ""audio_bytes"": 126764, ""audio_samples"": 42240, ""sampling_rate"": 16000, ""audio_path"": null}, {""label"": ""option_C"", ""seconds"": 0.13991522789001465, ""audio_bytes"": 149804, ""audio_samples"": 49920, ""sampling_rate"": 16000, ""audio_path"": null}, {""label"": ""option_D"", ""seconds"": 0.13846921920776367, ""audio_bytes"": 184364, ""audio_samples"": 61440, ""sampling_rate"": 16000, ""audio_path"": null}]",
20260529_154009_selected,3,2026-05-29 15:42:17,265987,2,Science and Nature,2713,0,7,29.481929,Which are the following best describes the role of homeostasis in physiology?,"[[0, ""Option A, it refers to the maintenance of a stable internal environment and organisms.""], [1, ""Option B. It involves the classification of different types of cells in the body.""], [2, ""Option C, it is the study of the genetic makeup of organisms.""], [3, ""option D. It is the process by which organisms increase in size and complexity.""]]",0,True,False,False,4000,1.1939220428466797,hybrid_rag_rrf_rerank_qwen35_gguf_gbnf,rag_global,0.9,,0,v6b_micro_reasoning_unified_retrieval,"[{""source"": ""simplewiki"", ""idx"": 45371, ""reranker_score"": 6.375, ""text"": ""Homeostasis is self-regulation, a basic property of all self-organising systems. In biology, it is the keeping of a stable internal environment. Homeostasis is life's ability to stay balanced, when the environment changes. Animals keep their body in a stable condition. They do so by regulating their inner equilibrium. For example, they adjust their pH, temperature, amount of oxygen or carbon dioxide in the blood and so on. In living things, the study of how they keep in a stable condition is called physiology. Mostly, our physiology works unconsciously throughout life. We have many negative feedback systems which adjust our physiology so that we stay alive. These systems are self-organising and do not need to be learnt. They are inherited. The concept was described by Claude Bernard, and the term was later coined by Walter Cannon in 1926, 1929, and 1932. Walter Cannon thought these were the features of homeostasis: :#Constancy in an open system, such as our bodies, is done""}, {""source"": ""simplewiki"", ""idx"": 139358, ""reranker_score"": 5.1171875, ""text"": ""Negative feedback is a basic concept of cybernetics; it is the basis of regulation and control. It is important in engineering and physiology. In biology and physiology negative feedback is known as homeostasis. Negative feedback occurs when the output of a system acts to oppose changes to the input of a system. This has the result that the changes are made less, and the system kept within limits. The classic example is a central heating system which cuts off when a (suitably placed) temperature sensor hits a pre-set mark. The negative feedback part is the thermostat. Homeostasis Virtually all aspect of living systems involve homeostasis, and disease follows when any of these systems fail. Examples include blood pressure, glucose level, liver functions, and cell division. Homeostasis was defined by Claude Bernard and later by Walter Bradford Cannon in 1926, 1929 and 1932 as the property of a system, either open or closed, that regulates its internal environment and tends to""}, {""source"": ""simplewiki"", ""idx"": 45373, ""reranker_score"": 4.1015625, ""text"": ""uptake by the tissues. Examples of homeostasis: * The operation of a thermostat * The regulation of water and minerals in the body * The regulation of body temperature: mammals and birds have complicated systems which keep their body temperature within close limits. In mammals, the main organs involved with homeostasis are: *The hypothalamus and pituitary gland *the lungs *the skin *the muscles *the kidneys *the liver and pancreas The brain is also central to homeostasis. It controls behaviour, and the basic function of behaviour is to support life by taking action. References Related pages *Biology *Biological rhythms *Biochemistry *Physiology *Cybernetics""}, {""source"": ""simplewiki"", ""idx"": 45372, ""reranker_score"": 2.921875, ""text"": ""later coined by Walter Cannon in 1926, 1929, and 1932. Walter Cannon thought these were the features of homeostasis: :#Constancy in an open system, such as our bodies, is done by mechanisms which maintain this constancy. Cannon based this on insights into the ways by which steady states such as glucose concentrations, body temperature and acid-base balance were regulated. :#To keep a steady-state condition, any change automatically meets with factors that resist change. An increase in blood salt results in thirst as the body attempts to dilute the concentration of salt in the extracellular fluid. :#The regulating system doing homeostasis has a number of cooperating mechanisms which act simultaneously or successively. Blood sugar is regulated by insulin, glucagons, and other hormones that control its release from the liver or its uptake by the tissues. Examples of homeostasis: * The operation of a thermostat * The regulation of water and minerals in the body * The regulation of body temperature: mammals""}]","[""simplewiki""]",6.375,5.1171875,1.2578125,,,,,,,,,,,False,0,[],,,True,distil-whisper/distil-medium.en,cuda:1,Which are the following best describes the role of homeostasis in physiology?,"[[0, ""Option A, it refers to the maintenance of a stable internal environment and organisms.""], [1, ""Option B. It involves the classification of different types of cells in the body.""], [2, ""Option C, it is the study of the genetic makeup of organisms.""], [3, ""option D. It is the process by which organisms increase in size and complexity.""]]",0.8454601764678955,1.3840551376342773,0.8744535446166992,29.641565,29.482942,"[{""label"": ""question"", ""seconds"": 0.19365382194519043, ""audio_bytes"": 207404, ""audio_samples"": 69120, ""sampling_rate"": 16000, ""audio_path"": null}, {""label"": ""option_A"", ""seconds"": 0.1935279369354248, ""audio_bytes"": 276524, ""audio_samples"": 92160, ""sampling_rate"": 16000, ""audio_path"": null}, {""label"": ""option_B"", ""seconds"": 0.17317771911621094, ""audio_bytes"": 245804, ""audio_samples"": 81920, ""sampling_rate"": 16000, ""audio_path"": null}, {""label"": ""option_C"", ""seconds"": 0.1555633544921875, ""audio_bytes"": 245804, ""audio_samples"": 81920, ""sampling_rate"": 16000, ""audio_path"": null}, {""label"": ""option_D"", ""seconds"": 0.15853071212768555, ""audio_bytes"": 272684, ""audio_samples"": 90880, ""sampling_rate"": 16000, ""audio_path"": null}]",
20260529_154009_selected,3,2026-05-29 15:42:17,265987,2,Science and Nature,2034,0,8,29.501915,"What is the fundamental principle of the globally harmonized system of classification and labeling of chemicals, GHS?","[[0, ""Option A, to harmonize hazard classification and labeling systems globally.""], [1, ""Option B to create a new set of testing methods for chemicals.""], [2, ""option C to increase the number of hazardous material classifications.""], [3, ""option D to eliminate the use of pictograms in hazard communication.""]]",0,True,False,False,8000,0.9071316719055176,hybrid_rag_rrf_rerank_qwen35_gguf_gbnf,rag_global,0.793,,0,v6b_micro_reasoning_unified_retrieval,"[{""source"": ""kelm"", ""idx"": 300539, ""reranker_score"": 1.8515625, ""text"": ""Acetaldehyde is a substance with a safety classification and labeling of Globally Harmonized System of Classification and Labelling of Chemicals (GHS).""}, {""source"": ""kelm"", ""idx"": 230738, ""reranker_score"": -0.3125, ""text"": ""The Harmonized System is an economic taxonomy containing the Harmonized System Code. It is published by the World Customs Organization and covers the main topic of Tariffs.""}, {""source"": ""simplewiki"", ""idx"": 185909, ""reranker_score"": -0.4375, ""text"": ""in Europe. These are short codes that make it easy to identify safe ingredients like preservatives, vitamins, or food colorings. For example, E300 is the code for ascorbic acid, which is also known as vitamin C. These numbers help make food labeling clear and standardized. In agriculture, chemicals like pesticides and fertilizers are also given special names by global organizations. These names help track the chemicals, ensure safe use, and support international trade. All of these naming systems are designed to make chemical names more practical and understandable, whether you are a scientist, a farmer, a shopper, or someone reading a food label. Instead of showing the full chemical structure, these names focus on clarity, safety, and usefulness in the real world. References Other websites * Interactive IUPAC Compendium of Chemical Terminology (interactive \""Gold Book\"") * IUPAC Nomenclature Books Series (list of all IUPAC nomenclature books, and means of accessing them) * IUPAC Compendium of Chemical Terminology (\""Gold Book\"")""}, {""source"": ""simplewiki"", ""idx"": 185851, ""reranker_score"": -0.8515625, ""text"": ""Reform of Chemical Nomenclature was formed. The goal of this group was to create a clear and logical method for naming organic chemicals so scientists from different countries could communicate more effectively. In 1892, this effort led to a historic meeting where 34 leading chemists from nine European countries gathered and agreed on a set of rules now known as the Geneva Rules. These rules were specifically focused on aliphatic compounds, organic molecules that consist of straight or branched chains of carbon atoms (as opposed to ring structures). The Geneva Rules introduced two major principles that are still used today: * The longest continuous carbon chain in the molecule is identified and used as the base name or parent name. * Functional groups, specific groups of atoms that affect the compound’s chemical behavior are represented using suffixes added to the base name. For example, if a molecule contains a carboxylic acid group (–COOH) attached to a three-carbon chain, the name""}]","[""kelm"", ""simplewiki""]",1.8515625,-0.3125,2.1640625,,,,,,,,,,,False,0,[],,,True,distil-whisper/distil-medium.en,cuda:1,"What is the fundamental principle of the globally harmonized system of classification and labeling of chemicals, GHS?","[[0, ""Option A, to harmonize hazard classification and labeling systems globally.""], [1, ""Option B to create a new set of testing methods for chemicals.""], [2, ""option C to increase the number of hazardous material classifications.""], [3, ""option D to eliminate the use of pictograms in hazard communication.""]]",1.0513083934783936,1.1816141605377197,0.7995774745941162,29.646682,29.50252,"[{""label"": ""question"", ""seconds"": 0.2219862937927246, ""audio_bytes"": 372524, ""audio_samples"": 124160, ""sampling_rate"": 16000, ""audio_path"": null}, {""label"": ""option_A"", ""seconds"": 0.14716601371765137, ""audio_bytes"": 261164, ""audio_samples"": 87040, ""sampling_rate"": 16000, ""audio_path"": null}, {""label"": ""option_B"", ""seconds"": 0.14406442642211914, ""audio_bytes"": 207404, ""audio_samples"": 69120, ""sampling_rate"": 16000, ""audio_path"": null}, {""label"": ""option_C"", ""seconds"": 0.1422710418701172, ""audio_bytes"": 288044, ""audio_samples"": 96000, ""sampling_rate"": 16000, ""audio_path"": null}, {""label"": ""option_D"", ""seconds"": 0.1440896987915039, ""audio_bytes"": 230444, ""audio_samples"": 76800, ""sampling_rate"": 16000, ""audio_path"": null}]",
20260529_154009_selected,3,2026-05-29 15:42:17,265987,2,Science and Nature,5520,0,9,29.517768,"Their cactus moth was deliberately introduced to Australia in 1926 as a biological control for an invasive prickly pear cactus. By the early 1990s, the moth had also migrated to the Florida Keys from South America and the moth soon eliminated most of the semaphore cacti in the region. Since then, the","[[0, ""Option A use widespread spraying of insecticides.""], [1, ""Option B. Release sterile moths to limit reproduction.""], [2, ""Option C, stop importation of all types of plants.""], [3, ""option D. Introduce a predator of the cacti.""]]",1,True,False,False,16000,1.2004673480987549,hybrid_rag_rrf_rerank_qwen35_gguf_gbnf,rag_global,0.9,,1,v6b_micro_reasoning_unified_retrieval,"[{""source"": ""simplewiki"", ""idx"": 195873, ""reranker_score"": 6.0390625, ""text"": ""resort, biological control was attempted. There is a moth, Cactoblastis cactorum, from South America, whose larvae eat prickly pear. It was introduced in 1925 and rapidly reduced the cactus population. A memorial hall in Chinchilla (Queensland) commemorates the moth. This is one of the earliest known examples of the biological control of pests. References""}, {""source"": ""simplewiki"", ""idx"": 139503, ""reranker_score"": 3.609375, ""text"": ""In 1925 the Australian government imported a moth from Argentina, cactoblastis, which ate the prickly pear. The Chinchilla Experimental Station was set up to breed these moths and release them. At one time the station was sending out 14 million moth eggs a day. Built on the banks of Charley's Creek, Chinchilla has been flooded several times. During the 2010-2011 Queensland floods, Chinchilla was flooded twice in two weeks. References""}, {""source"": ""simplewiki"", ""idx"": 195872, ""reranker_score"": 3.0546875, ""text"": ""The prickly pear is Opuntia: a genus in the cactus family, Cactaceae. There are about 190 different species of Opuntia. The genus is named after the Ancient Greek city of Opus. There, according to Theophrastus, an edible plant grew which could be propagated by rooting its leaves. Prickly pears (mostly Opuntia stricta) were originally imported into Australia in the 18th century for gardens. They were later used as a natural agricultural fencing. They quickly became a widespread invasive weed. They changed of farming land into an impenetrable green jungle of prickly pear, in places high. In 1919, the Australian federal government established the Commonwealth Prickly Pear Board to coordinate efforts with state governments to eradicate the weed. Early attempts at mechanical removal and poisonous chemicals failed, so in a last resort, biological control was attempted. There is a moth, Cactoblastis cactorum, from South America, whose larvae eat prickly pear. It was introduced in 1925 and rapidly reduced the cactus population.""}, {""source"": ""kelm"", ""idx"": 2372, ""reranker_score"": -2.7421875, ""text"": ""The Pterophoridae moth family is the basis of the list of moths of Australia.""}]","[""kelm"", ""simplewiki""]",6.0390625,3.609375,2.4296875,,,,,,,,,,,False,0,[],,,True,distil-whisper/distil-medium.en,cuda:1,"Their cactus moth was deliberately introduced to Australia in 1926 as a biological control for an invasive prickly pear cactus. By the early 1990s, the moth had also migrated to the Florida Keys from South America and the moth soon eliminated most of the semaphore cacti in the region. Since then, the","[[0, ""Option A use widespread spraying of insecticides.""], [1, ""Option B. Release sterile moths to limit reproduction.""], [2, ""Option C, stop importation of all types of plants.""], [3, ""option D. Introduce a predator of the cacti.""]]",1.4794371128082275,0.9531252384185791,0.9626996517181396,29.659792,29.518667,"[{""label"": ""question"", ""seconds"": 0.3979036808013916, ""audio_bytes"": 1662764, ""audio_samples"": 554240, ""sampling_rate"": 16000, ""audio_path"": null}, {""label"": ""option_A"", ""seconds"": 0.1368410587310791, ""audio_bytes"": 211244, ""audio_samples"": 70400, ""sampling_rate"": 16000, ""audio_path"": null}, {""label"": ""option_B"", ""seconds"": 0.14354991912841797, ""audio_bytes"": 207404, ""audio_samples"": 69120, ""sampling_rate"": 16000, ""audio_path"": null}, {""label"": ""option_C"", ""seconds"": 0.14336180686950684, ""audio_bytes"": 180524, ""audio_samples"": 60160, ""sampling_rate"": 16000, ""audio_path"": null}, {""label"": ""option_D"", ""seconds"": 0.14104318618774414, ""audio_bytes"": 165164, ""audio_samples"": 55040, ""sampling_rate"": 16000, ""audio_path"": null}]",
20260529_154009_selected,3,2026-05-29 15:42:17,265987,2,Science and Nature,2346,0,10,29.517592,How does the ozone layer in the Earth's atmosphere affect ultraviolet radiation?,"[[0, ""Option A, it absorbs most of the ionizing UV radiation.""], [1, ""Option B, it reflects all UV radiation back into space.""], [2, ""Option C, it converts UV radiation into visible light.""], [3, ""option D it has no significant effect on UV radiation""]]",2,False,False,True,16000,1.158226728439331,hybrid_rag_rrf_rerank_qwen35_gguf_gbnf,rag_global,0.84,,2,v6b_micro_reasoning_unified_retrieval,"[{""source"": ""simplewiki"", ""idx"": 92379, ""reranker_score"": 7.4296875, ""text"": ""]] Ozone, or trioxygen, is a chemical with the symbol O 3 . This means one molecule of ozone is made of three oxygen atoms. Ozone is rarely called trioxygen, even though this is its IUPAC systematic name. Ozone is formed from oxygen gas (O 2 ) by the action of ultraviolet light and also atmospheric electrical discharges. It is present in low concentrations throughout the Earth's atmosphere. In total, ozone makes up only 0.6 ppm (parts per million) of the atmosphere by volume. Ozone is important to life on planet Earth. There is a portion of the stratosphere with a high concentration of ozone, called the ozone layer. The ozone layer is 10 to 50 kilometers above the ground. It filters out damaging ultraviolet radiation from the Sun, like a kind of sun screen. Without this ozone layer things would not have been able to live on the surface of our planet. The ozone layer also absorbs a lot""}, {""source"": ""simplewiki"", ""idx"": 104527, ""reranker_score"": 6.953125, ""text"": ""to measure the ozone layer]] photo showing the hole in the ozone layer over Antarctica]] The ozone layer is a layer of ozone high up in the Earth's atmosphere stratosphere, between approximately 10 kilometres and 50 kilometres above Earth’s surface. The exact amount of ozone varies, depending on the seasons and the location. This layer absorbs between 93 and 99 per cent of the ultraviolet radiation from the Sun. This radiation is dangerous to living organisms on Earth. Over the last hundred years, the ozone layer has been damaged by man-made chemicals, especially CFCs (chlorofluorocarbons), which were used mainly in aerosol sprays and refrigerants. CFCs are broken down in the upper atmosphere when they react with the ozone, causing ozone depletion. International leaders recognized this and united in banning the use of CFCs. As a result, the hole in the ozone layer has been shrinking and the ozone layer has been recovering. The ozone layer was discovered in 1913 by""}, {""source"": ""simplewiki"", ""idx"": 122982, ""reranker_score"": 6.0078125, ""text"": ""concern is the hole in the ozone layer in the stratosphere. The Earth's ozone layer protects life from the Sun's harmful ultraviolet rays, but in the 1970s, scientists found out that some chemicals let out into the atmosphere makes the ozone turn into oxygen. This lets more ultraviolet rays reach the Earth. During the 1980s, scientists found that the ozone layer above the South Pole had thinned by 50 to 98%. Countries around the world came together to ban these chemicals in 1987. As a result, the ozone hole is now getting smaller. Human health On March 17, 1992, in Mexico City, all children under the age of 14 could not go to school because of air pollution. This does not often happen, but being exposed to air pollution every day can make people have many health problems. Children, elderly (old) people, and people with allergies especially, can have a lot of problems because of air pollution. Studies from the""}, {""source"": ""simplewiki"", ""idx"": 26802, ""reranker_score"": 5.671875, ""text"": ""commonly called ultraviolet. Their characteristic photon energy is about 3 to 124 electronvolt s. Although the air of the Earth is transparent to a broad range of ultraviolet, some ultraviolet sunlight is absorbed at a very high altitude by the ozone layer. Recent and ongoing destruction of ozone in high altitudes caused by human influence—mostly by industrial chemicals and air travel—has greatly increased the amount of ultraviolet light reaching the Earth's surface. This, in turn, has increased the risk of skin cancer to mankind, and this risk will only increase with time unless the ozone layer is better protected. Ultraviolet wavelengths less than 200 nanometers, X-rays, and gamma rays, are collectively called ionizing radiation since the energy in any such light quantum is high enough to 'kick' an electron out of an atom. This is why these kinds of radiation are dangerous to life. Ultraviolet light is subdivided into three main bands. UV-C has the shortest wavelengths and is dangerous""}]","[""simplewiki""]",7.4296875,6.953125,0.4765625,,,,,,,,,,,False,0,[],,,True,distil-whisper/distil-medium.en,cuda:1,How does the ozone layer in the Earth's atmosphere affect ultraviolet radiation?,"[[0, ""Option A, it absorbs most of the ionizing UV radiation.""], [1, ""Option B, it reflects all UV radiation back into space.""], [2, ""Option C, it converts UV radiation into visible light.""], [3, ""option D it has no significant effect on UV radiation""]]",0.8500256538391113,1.1527676582336426,0.7559359073638916,29.650914,29.518272,"[{""label"": ""question"", ""seconds"": 0.19454002380371094, ""audio_bytes"": 211244, ""audio_samples"": 70400, ""sampling_rate"": 16000, ""audio_path"": null}, {""label"": ""option_A"", ""seconds"": 0.15010857582092285, ""audio_bytes"": 215084, ""audio_samples"": 71680, ""sampling_rate"": 16000, ""audio_path"": null}, {""label"": ""option_B"", ""seconds"": 0.14003753662109375, ""audio_bytes"": 230444, ""audio_samples"": 76800, ""sampling_rate"": 16000, ""audio_path"": null}, {""label"": ""option_C"", ""seconds"": 0.1387038230895996, ""audio_bytes"": 195884, ""audio_samples"": 65280, ""sampling_rate"": 16000, ""audio_path"": null}, {""label"": ""option_D"", ""seconds"": 0.13254594802856445, ""audio_bytes"": 207404, ""audio_samples"": 69120, ""sampling_rate"": 16000, ""audio_path"": null}]",
20260529_160458_selected,1,2026-05-29 16:04:58,266340,1,Ancient History and Politics,1185,0,1,26.903098,What term describes the location of Carthage on a promontory with sea inlets to the north and south?,"[[0, ""Option A, Peninsula.""], [1, ""Option B. Flat. Plain.""], [2, ""Option C. Mountain Range.""], [3, ""Hobson D? Island. Nah.""]]",[],,exception,True,distil-whisper/distil-large-v3,cuda:1,What term describes the location of Carthage on a promontory with sea inlets to the north and south?,"[[0, ""Option A, Peninsula.""], [1, ""Option B. Flat. Plain.""], [2, ""Option C. Mountain Range.""], [3, ""Hobson D? Island. Nah.""]]",1.0324900150299072,1.8449132442474365,1.192962408065796,27.127968,26.903878,"[{""label"": ""question"", ""seconds"": 0.32866716384887695, ""audio_bytes"": 284204, ""audio_samples"": 94720, ""sampling_rate"": 16000, ""audio_path"": null}, {""label"": ""option_A"", ""seconds"": 0.20736193656921387, ""audio_bytes"": 161324, ""audio_samples"": 53760, ""sampling_rate"": 16000, ""audio_path"": null}, {""label"": ""option_B"", ""seconds"": 0.2231307029724121, ""audio_bytes"": 111404, ""audio_samples"": 37120, ""sampling_rate"": 16000, ""audio_path"": null}, {""label"": ""option_C"", ""seconds"": 0.20980358123779297, ""audio_bytes"": 111404, ""audio_samples"": 37120, ""sampling_rate"": 16000, ""audio_path"": null}, {""label"": ""option_D"", ""seconds"": 0.2239990234375, ""audio_bytes"": 157484, ""audio_samples"": 52480, ""sampling_rate"": 16000, ""audio_path"": null}]","NameError(""name 'unified_retrieve' is not defined"")"
20260529_160458_selected,2,2026-05-29 16:05:35,266350,1,Ancient History and Politics,1261,0,1,29.257151,"In Homer's works, which term is one of the primary names used to refer to the Greeks as a whole, appearing 598 times in the Iliad?","[[0, ""Option A, R gives.""], [1, ""Option B, Panhealines.""], [2, ""Option C. Dainans.""], [3, ""Option D. A cans.""]]",[],,exception,True,distil-whisper/distil-large-v3,cuda:1,"In Homer's works, which term is one of the primary names used to refer to the Greeks as a whole, appearing 598 times in the Iliad?","[[0, ""Option A, R gives.""], [1, ""Option B, Panhealines.""], [2, ""Option C. Dainans.""], [3, ""Option D. A cans.""]]",1.042184591293335,1.3070125579833984,1.2238471508026123,29.474258,29.257832,"[{""label"": ""question"", ""seconds"": 0.3574981689453125, ""audio_bytes"": 430124, ""audio_samples"": 143360, ""sampling_rate"": 16000, ""audio_path"": null}, {""label"": ""option_A"", ""seconds"": 0.2118549346923828, ""audio_bytes"": 107564, ""audio_samples"": 35840, ""sampling_rate"": 16000, ""audio_path"": null}, {""label"": ""option_B"", ""seconds"": 0.2218456268310547, ""audio_bytes"": 115244, ""audio_samples"": 38400, ""sampling_rate"": 16000, ""audio_path"": null}, {""label"": ""option_C"", ""seconds"": 0.21630001068115234, ""audio_bytes"": 96044, ""audio_samples"": 32000, ""sampling_rate"": 16000, ""audio_path"": null}, {""label"": ""option_D"", ""seconds"": 0.21634840965270996, ""audio_bytes"": 107564, ""audio_samples"": 35840, ""sampling_rate"": 16000, ""audio_path"": null}]","NameError(""name 'unified_retrieve' is not defined"")"
20260529_160458_selected,3,2026-05-29 16:05:42,266355,1,Ancient History and Politics,1004,0,1,29.224715,Which of the following best describes the relationship between the kings and the Ephores and Sparta?,"[[0, ""Option A, the F-Words were advisors to the kings.""], [1, ""Option B, the kings had absolute power over the Fers.""], [2, ""Option C. The Kings and E-Force shared equal powers.""], [3, ""Topson D, the Fers held more political power than the kings.""]]",[],,exception,True,distil-whisper/distil-large-v3,cuda:1,Which of the following best describes the relationship between the kings and the Ephores and Sparta?,"[[0, ""Option A, the F-Words were advisors to the kings.""], [1, ""Option B, the kings had absolute power over the Fers.""], [2, ""Option C. The Kings and E-Force shared equal powers.""], [3, ""Topson D, the Fers held more political power than the kings.""]]",1.0310211181640625,1.7620048522949219,1.2710485458374023,29.468104,29.225358,"[{""label"": ""question"", ""seconds"": 0.3038816452026367, ""audio_bytes"": 245804, ""audio_samples"": 81920, ""sampling_rate"": 16000, ""audio_path"": null}, {""label"": ""option_A"", ""seconds"": 0.24250292778015137, ""audio_bytes"": 184364, ""audio_samples"": 61440, ""sampling_rate"": 16000, ""audio_path"": null}, {""label"": ""option_B"", ""seconds"": 0.24122071266174316, ""audio_bytes"": 222764, ""audio_samples"": 74240, ""sampling_rate"": 16000, ""audio_path"": null}, {""label"": ""option_C"", ""seconds"": 0.24079275131225586, ""audio_bytes"": 161324, ""audio_samples"": 53760, ""sampling_rate"": 16000, ""audio_path"": null}, {""label"": ""option_D"", ""seconds"": 0.24265050888061523, ""audio_bytes"": 222764, ""audio_samples"": 74240, ""sampling_rate"": 16000, ""audio_path"": null}]","NameError(""name 'unified_retrieve' is not defined"")"
20260529_160458_selected,4,2026-05-29 16:05:50,266359,1,Ancient History and Politics,929,0,1,29.458348,Which term best describes the Assyrian king's belief in their divine right to rule?,"[[0, ""Option A, Theocracy.""], [1, ""Option B. Divine Mandate.""], [2, ""Option C. Absolute monarchy.""], [3, ""Option D. Imperialism.""]]",[],,exception,True,distil-whisper/distil-large-v3,cuda:1,Which term best describes the Assyrian king's belief in their divine right to rule?,"[[0, ""Option A, Theocracy.""], [1, ""Option B. Divine Mandate.""], [2, ""Option C. Absolute monarchy.""], [3, ""Option D. Imperialism.""]]",1.036391258239746,1.3101787567138672,1.139218807220459,29.667742,29.45908,"[{""label"": ""question"", ""seconds"": 0.28993892669677734, ""audio_bytes"": 253484, ""audio_samples"": 84480, ""sampling_rate"": 16000, ""audio_path"": null}, {""label"": ""option_A"", ""seconds"": 0.21055126190185547, ""audio_bytes"": 115244, ""audio_samples"": 38400, ""sampling_rate"": 16000, ""audio_path"": null}, {""label"": ""option_B"", ""seconds"": 0.21382737159729004, ""audio_bytes"": 122924, ""audio_samples"": 40960, ""sampling_rate"": 16000, ""audio_path"": null}, {""label"": ""option_C"", ""seconds"": 0.21631622314453125, ""audio_bytes"": 122924, ""audio_samples"": 40960, ""sampling_rate"": 16000, ""audio_path"": null}, {""label"": ""option_D"", ""seconds"": 0.20858502388000488, ""audio_bytes"": 111404, ""audio_samples"": 37120, ""sampling_rate"": 16000, ""audio_path"": null}]","NameError(""name 'unified_retrieve' is not defined"")"
20260529_160458_selected,5,2026-05-29 16:05:57,266360,1,Ancient History and Politics,1247,0,1,29.231266,How does the Acropolis relate to the city of Athens?,"[[0, ""Option A. It is a separate island in the city.""], [1, ""Option B, it is located above the city.""], [2, ""Option C. It is a suburb of Athens.""], [3, ""Option D. It is a part of the city's underground system.""]]",[],,exception,True,distil-whisper/distil-large-v3,cuda:1,How does the Acropolis relate to the city of Athens?,"[[0, ""Option A. It is a separate island in the city.""], [1, ""Option B, it is located above the city.""], [2, ""Option C. It is a suburb of Athens.""], [3, ""Option D. It is a part of the city's underground system.""]]",0.8301835060119629,1.7131853103637695,1.175948143005371,29.469029,29.231987,"[{""label"": ""question"", ""seconds"": 0.27171874046325684, ""audio_bytes"": 157484, ""audio_samples"": 52480, ""sampling_rate"": 16000, ""audio_path"": null}, {""label"": ""option_A"", ""seconds"": 0.22597527503967285, ""audio_bytes"": 180524, ""audio_samples"": 60160, ""sampling_rate"": 16000, ""audio_path"": null}, {""label"": ""option_B"", ""seconds"": 0.21613812446594238, ""audio_bytes"": 157484, ""audio_samples"": 52480, ""sampling_rate"": 16000, ""audio_path"": null}, {""label"": ""option_C"", ""seconds"": 0.22515869140625, ""audio_bytes"": 157484, ""audio_samples"": 52480, ""sampling_rate"": 16000, ""audio_path"": null}, {""label"": ""option_D"", ""seconds"": 0.23695731163024902, ""audio_bytes"": 192044, ""audio_samples"": 64000, ""sampling_rate"": 16000, ""audio_path"": null}]","NameError(""name 'unified_retrieve' is not defined"")"
20260529_160458_selected,6,2026-05-29 16:06:05,266361,1,Ancient History and Politics,933,0,1,29.455948,"According to Hittite documents, which term is believed to be related to the name of the Achaeans and is mentioned in the Tawagalawa letter?","[[0, ""Option A. Hal Wagalawa""], [1, ""Option B. Well, Lusa!""], [2, ""Option C. Mada water!""], [3, ""Thompson D. Ahayawa.""]]",[],,exception,True,distil-whisper/distil-large-v3,cuda:1,"According to Hittite documents, which term is believed to be related to the name of the Achaeans and is mentioned in the Tawagalawa letter?","[[0, ""Option A. Hal Wagalawa""], [1, ""Option B. Well, Lusa!""], [2, ""Option C. Mada water!""], [3, ""Thompson D. Ahayawa.""]]",1.2340149879455566,1.1257760524749756,1.2135448455810547,29.667105,29.456681,"[{""label"": ""question"", ""seconds"": 0.3643333911895752, ""audio_bytes"": 526124, ""audio_samples"": 175360, ""sampling_rate"": 16000, ""audio_path"": null}, {""label"": ""option_A"", ""seconds"": 0.2113969326019287, ""audio_bytes"": 157484, ""audio_samples"": 52480, ""sampling_rate"": 16000, ""audio_path"": null}, {""label"": ""option_B"", ""seconds"": 0.21489334106445312, ""audio_bytes"": 111404, ""audio_samples"": 37120, ""sampling_rate"": 16000, ""audio_path"": null}, {""label"": ""option_C"", ""seconds"": 0.21257519721984863, ""audio_bytes"": 142124, ""audio_samples"": 47360, ""sampling_rate"": 16000, ""audio_path"": null}, {""label"": ""option_D"", ""seconds"": 0.21034598350524902, ""audio_bytes"": 115244, ""audio_samples"": 38400, ""sampling_rate"": 16000, ""audio_path"": null}]","NameError(""name 'unified_retrieve' is not defined"")"
20260529_160458_selected,7,2026-05-29 16:06:12,266364,1,Ancient History and Politics,1215,0,1,29.226722,What was the primary reason for the establishment of the Roman Empire?,"[[0, ""Option A to establish a democratic government that represented all citizens of the Roman world.""], [1, ""Option B. To create a unified economic system that benefited all provinces equally.""], [2, ""Option C. To promote the spread of Christianity throughout the Roman Empire.""], [3, ""Option D. To expand and consolidate Roman power and influence through military conquests.""]]",[],,exception,True,distil-whisper/distil-large-v3,cuda:1,What was the primary reason for the establishment of the Roman Empire?,"[[0, ""Option A to establish a democratic government that represented all citizens of the Roman world.""], [1, ""Option B. To create a unified economic system that benefited all provinces equally.""], [2, ""Option C. To promote the spread of Christianity throughout the Roman Empire.""], [3, ""Option D. To expand and consolidate Roman power and influence through military conquests.""]]",0.8352317810058594,1.5631940364837646,1.262834072113037,29.471265,29.227548,"[{""label"": ""question"", ""seconds"": 0.282329797744751, ""audio_bytes"": 199724, ""audio_samples"": 66560, ""sampling_rate"": 16000, ""audio_path"": null}, {""label"": ""option_A"", ""seconds"": 0.2432401180267334, ""audio_bytes"": 295724, ""audio_samples"": 98560, ""sampling_rate"": 16000, ""audio_path"": null}, {""label"": ""option_B"", ""seconds"": 0.25745368003845215, ""audio_bytes"": 330284, ""audio_samples"": 110080, ""sampling_rate"": 16000, ""audio_path"": null}, {""label"": ""option_C"", ""seconds"": 0.23616981506347656, ""audio_bytes"": 245804, ""audio_samples"": 81920, ""sampling_rate"": 16000, ""audio_path"": null}, {""label"": ""option_D"", ""seconds"": 0.24364066123962402, ""audio_bytes"": 291884, ""audio_samples"": 97280, ""sampling_rate"": 16000, ""audio_path"": null}]","NameError(""name 'unified_retrieve' is not defined"")"
20260529_160458_selected,8,2026-05-29 16:06:20,266374,1,Ancient History and Politics,894,0,1,29.258708,What was the primary purpose of the two large artificial harbors built within the city of Carthage?,"[[0, ""Option A. Fishing and Leaser.""], [1, ""Option B. Sailing competitions.""], [2, ""Option C. Military and commercial.""], [3, ""Option D. Oh, tourism and trade.""]]",[],,exception,True,distil-whisper/distil-large-v3,cuda:1,What was the primary purpose of the two large artificial harbors built within the city of Carthage?,"[[0, ""Option A. Fishing and Leaser.""], [1, ""Option B. Sailing competitions.""], [2, ""Option C. Military and commercial.""], [3, ""Option D. Oh, tourism and trade.""]]",1.0346405506134033,1.516568899154663,1.1574316024780273,29.472725,29.259568,"[{""label"": ""question"", ""seconds"": 0.3163332939147949, ""audio_bytes"": 276524, ""audio_samples"": 92160, ""sampling_rate"": 16000, ""audio_path"": null}, {""label"": ""option_A"", ""seconds"": 0.21344518661499023, ""audio_bytes"": 122924, ""audio_samples"": 40960, ""sampling_rate"": 16000, ""audio_path"": null}, {""label"": ""option_B"", ""seconds"": 0.20611882209777832, ""audio_bytes"": 149804, ""audio_samples"": 49920, ""sampling_rate"": 16000, ""audio_path"": null}, {""label"": ""option_C"", ""seconds"": 0.20845246315002441, ""audio_bytes"": 195884, ""audio_samples"": 65280, ""sampling_rate"": 16000, ""audio_path"": null}, {""label"": ""option_D"", ""seconds"": 0.21308183670043945, ""audio_bytes"": 192044, ""audio_samples"": 64000, ""sampling_rate"": 16000, ""audio_path"": null}]","NameError(""name 'unified_retrieve' is not defined"")"
20260529_160458_selected,9,2026-05-29 16:06:28,266381,1,Ancient History and Politics,1156,0,1,29.445655,Which of the following best describes the Anika theorem mechanism's primary function?,"[[0, ""Option A, a device for calculating the positions of celestial bodies.""], [1, ""Option B, a tool for measuring the depth of the C.""], [2, ""Option C. A mechanism for generating electricity.""], [3, ""Option D. A machine for printing books.""]]",[],,exception,True,distil-whisper/distil-large-v3,cuda:1,Which of the following best describes the Anika theorem mechanism's primary function?,"[[0, ""Option A, a device for calculating the positions of celestial bodies.""], [1, ""Option B, a tool for measuring the depth of the C.""], [2, ""Option C. A mechanism for generating electricity.""], [3, ""Option D. A machine for printing books.""]]",1.0403871536254883,1.324554681777954,1.1761820316314697,29.663585,29.446292,"[{""label"": ""question"", ""seconds"": 0.28327298164367676, ""audio_bytes"": 376364, ""audio_samples"": 125440, ""sampling_rate"": 16000, ""audio_path"": null}, {""label"": ""option_A"", ""seconds"": 0.22927021980285645, ""audio_bytes"": 222764, ""audio_samples"": 74240, ""sampling_rate"": 16000, ""audio_path"": null}, {""label"": ""option_B"", ""seconds"": 0.23185086250305176, ""audio_bytes"": 180524, ""audio_samples"": 60160, ""sampling_rate"": 16000, ""audio_path"": null}, {""label"": ""option_C"", ""seconds"": 0.2145695686340332, ""audio_bytes"": 184364, ""audio_samples"": 61440, ""sampling_rate"": 16000, ""audio_path"": null}, {""label"": ""option_D"", ""seconds"": 0.21721839904785156, ""audio_bytes"": 142124, ""audio_samples"": 47360, ""sampling_rate"": 16000, ""audio_path"": null}]","NameError(""name 'unified_retrieve' is not defined"")"
20260529_160458_selected,10,2026-05-29 16:06:35,266383,1,Ancient History and Politics,927,0,1,29.259946,What term describes the ritual act that resulted in the creation of a shrine that housed a cult image?,"[[0, ""Option A. Aguirium.""], [1, ""Option B. Consecratio.""], [2, ""Option C. Atrium!""], [3, ""Option D. Ah, E's.""]]",[],,exception,True,distil-whisper/distil-large-v3,cuda:1,What term describes the ritual act that resulted in the creation of a shrine that housed a cult image?,"[[0, ""Option A. Aguirium.""], [1, ""Option B. Consecratio.""], [2, ""Option C. Atrium!""], [3, ""Option D. Ah, E's.""]]",1.243492841720581,1.1262683868408203,1.141897439956665,29.472675,29.260759,"[{""label"": ""question"", ""seconds"": 0.3061106204986572, ""audio_bytes"": 656684, ""audio_samples"": 218880, ""sampling_rate"": 16000, ""audio_path"": null}, {""label"": ""option_A"", ""seconds"": 0.20882177352905273, ""audio_bytes"": 176684, ""audio_samples"": 58880, ""sampling_rate"": 16000, ""audio_path"": null}, {""label"": ""option_B"", ""seconds"": 0.21220755577087402, ""audio_bytes"": 115244, ""audio_samples"": 38400, ""sampling_rate"": 16000, ""audio_path"": null}, {""label"": ""option_C"", ""seconds"": 0.20291805267333984, ""audio_bytes"": 99884, ""audio_samples"": 33280, ""sampling_rate"": 16000, ""audio_path"": null}, {""label"": ""option_D"", ""seconds"": 0.2118394374847412, ""audio_bytes"": 134444, ""audio_samples"": 44800, ""sampling_rate"": 16000, ""audio_path"": null}]","NameError(""name 'unified_retrieve' is not defined"")"
